年,月,日,時,波高,週期,波向,風速,風向
2024,1,1,0,3.09,6.1,0.0,14.9,18.0
2024,1,1,1,3.31,6.0,22.0,15.0,21.0
2024,1,1,2,3.38,6.1,11.0,14.8,16.0
2024,1,1,3,3.29,6.3,11.0,14.7,17.0
2024,1,1,4,3.86,6.7,11.0,15.6,16.0
2024,1,1,5,3.33,6.2,11.0,14.9,19.0
2024,1,1,6,3.11,6.0,11.0,15.9,19.0
2024,1,1,7,3.48,6.2,11.0,15.3,19.0
2024,1,1,8,3.29,6.4,11.0,15.2,19.0
2024,1,1,9,3.24,6.3,0.0,14.9,17.0
2024,1,1,10,3.05,6.2,11.0,14.4,17.0
2024,1,1,11,3.24,6.2,0.0,14.0,12.0
2024,1,1,12,3.04,6.1,11.0,14.3,9.0
2024,1,1,13,3.34,6.2,0.0,14.6,6.0
2024,1,1,14,3.11,5.9,0.0,15.0,6.0
2024,1,1,15,3.53,6.2,0.0,15.2,8.0
2024,1,1,16,3.1,5.8,11.0,14.7,11.0
2024,1,1,17,2.93,5.8,11.0,14.1,11.0
2024,1,1,18,2.55,5.3,11.0,13.9,16.0
2024,1,1,19,2.84,5.7,11.0,13.6,20.0
2024,1,1,20,2.92,5.7,0.0,13.1,18.0
2024,1,1,21,2.67,5.7,0.0,13.5,20.0
2024,1,1,22,2.53,5.6,11.0,13.0,21.0
2024,1,1,23,2.07,5.4,0.0,11.1,23.0
2024,1,2,0,2.34,5.5,11.0,10.3,22.0
2024,1,2,1,2.02,5.2,11.0,10.6,16.0
2024,1,2,2,2.14,5.5,0.0,9.2,30.0
2024,1,2,3,1.92,5.6,11.0,9.3,26.0
2024,1,2,4,1.96,5.7,11.0,10.0,24.0
2024,1,2,5,1.88,5.4,11.0,9.1,31.0
2024,1,2,6,1.79,5.4,22.0,9.2,31.0
2024,1,2,7,1.57,4.9,11.0,9.0,34.0
2024,1,2,8,1.47,5.1,11.0,8.4,25.0
2024,1,2,9,1.72,5.2,348.0,7.8,23.0
2024,1,2,10,1.79,5.6,0.0,7.4,23.0
2024,1,2,11,1.82,5.6,0.0,7.3,9.0
2024,1,2,12,1.83,5.4,0.0,6.5,1.0
2024,1,2,13,2.3,5.7,11.0,9.0,347.0
2024,1,2,14,2.09,5.3,11.0,8.8,353.0
2024,1,2,15,2.04,5.5,11.0,9.3,350.0
2024,1,2,16,2.11,5.2,11.0,9.6,350.0
2024,1,2,17,1.78,5.2,0.0,8.5,356.0
2024,1,2,18,1.6,5.0,11.0,8.6,356.0
2024,1,2,19,1.49,5.1,0.0,7.8,2.0
2024,1,2,20,1.59,5.1,11.0,7.7,360.0
2024,1,2,21,1.26,4.7,0.0,6.6,8.0
2024,1,2,22,1.3,5.0,0.0,6.0,355.0
2024,1,2,23,1.11,4.9,0.0,5.7,349.0
2024,1,3,0,1.25,5.0,0.0,6.9,343.0
2024,1,3,1,1.29,4.8,0.0,6.7,347.0
2024,1,3,2,1.3,5.0,11.0,6.2,355.0
2024,1,3,3,1.35,5.0,11.0,6.0,2.0
2024,1,3,4,1.32,5.0,11.0,5.5,6.0
2024,1,3,5,1.19,4.8,0.0,7.5,354.0
2024,1,3,6,1.1,4.5,11.0,7.6,355.0
2024,1,3,7,1.21,4.4,11.0,8.4,8.0
2024,1,3,8,1.15,4.6,11.0,9.2,8.0
2024,1,3,9,1.38,4.4,11.0,10.2,358.0
2024,1,3,10,1.59,4.8,11.0,11.0,6.0
2024,1,3,11,1.86,5.1,33.0,11.4,8.0
2024,1,3,12,2.26,5.3,22.0,12.6,4.0
2024,1,3,13,2.74,5.6,22.0,13.6,10.0
2024,1,3,14,2.73,5.7,11.0,14.1,17.0
2024,1,3,15,2.71,5.7,22.0,14.6,16.0
2024,1,3,16,3.05,5.9,11.0,15.2,22.0
2024,1,3,17,2.94,5.8,22.0,15.9,16.0
2024,1,3,18,3.25,5.8,11.0,16.5,22.0
2024,1,3,19,3.1,5.9,11.0,16.0,19.0
2024,1,3,20,2.95,5.9,11.0,15.3,23.0
2024,1,3,21,3.07,6.0,11.0,17.1,18.0
2024,1,3,22,3.19,6.0,11.0,16.9,18.0
2024,1,3,23,3.34,5.8,0.0,17.5,19.0
2024,1,4,0,3.28,5.9,11.0,17.3,19.0
2024,1,4,1,3.52,6.3,0.0,16.8,27.0
2024,1,4,2,3.05,6.1,11.0,16.1,22.0
2024,1,4,3,2.9,5.7,22.0,16.1,22.0
2024,1,4,4,3.37,6.2,11.0,15.1,21.0
2024,1,4,5,2.81,5.5,22.0,13.9,24.0
2024,1,4,6,2.46,5.7,22.0,12.8,29.0
2024,1,4,7,2.34,5.7,22.0,11.3,29.0
2024,1,4,8,2.42,5.4,22.0,10.2,36.0
2024,1,4,9,1.96,5.5,11.0,9.3,35.0
2024,1,4,10,1.89,5.4,11.0,7.9,24.0
2024,1,4,11,1.99,5.7,0.0,7.6,17.0
2024,1,4,12,1.89,5.3,0.0,7.6,10.0
2024,1,4,13,1.74,5.4,0.0,8.7,3.0
2024,1,4,14,1.93,5.1,348.0,8.6,359.0
2024,1,4,15,1.89,5.0,0.0,9.4,355.0
2024,1,4,16,1.82,5.3,0.0,8.4,360.0
2024,1,4,17,1.6,5.1,0.0,7.8,356.0
2024,1,4,18,1.53,5.0,0.0,8.0,360.0
2024,1,4,19,1.51,5.0,0.0,7.7,4.0
2024,1,4,20,1.62,5.1,11.0,7.5,4.0
2024,1,4,21,1.41,5.1,0.0,6.0,7.0
2024,1,4,22,1.32,4.9,0.0,6.3,356.0
2024,1,4,23,1.18,4.9,0.0,5.6,1.0
2024,1,5,0,1.62,5.1,348.0,7.4,353.0
2024,1,5,1,1.73,5.4,0.0,7.2,352.0
2024,1,5,2,1.56,5.3,0.0,7.1,356.0
2024,1,5,3,1.57,5.3,0.0,5.8,360.0
2024,1,5,4,1.57,5.0,11.0,6.0,354.0
2024,1,5,5,1.51,5.2,0.0,5.5,348.0
2024,1,5,6,1.54,5.4,11.0,5.4,338.0
2024,1,5,7,1.1,4.9,11.0,4.6,348.0
2024,1,5,8,1.16,5.1,0.0,3.5,355.0
2024,1,5,9,1.09,4.9,11.0,3.6,346.0
2024,1,5,10,1.06,4.9,0.0,4.4,352.0
2024,1,5,11,1.11,4.9,0.0,5.2,357.0
2024,1,5,12,0.97,4.7,0.0,5.4,354.0
2024,1,5,13,0.87,4.8,0.0,5.9,351.0
2024,1,5,14,0.95,4.7,11.0,6.3,352.0
2024,1,5,15,1.19,4.9,22.0,5.0,348.0
2024,1,5,16,1.23,5.1,22.0,4.2,8.0
2024,1,5,17,1.01,4.9,22.0,4.2,15.0
2024,1,5,18,0.97,4.7,11.0,4.4,13.0
2024,1,5,19,0.83,4.7,22.0,4.5,21.0
2024,1,5,20,0.84,4.8,33.0,4.7,13.0
2024,1,5,21,0.75,4.6,22.0,5.5,23.0
2024,1,5,22,0.73,4.6,33.0,4.7,29.0
2024,1,5,23,0.76,4.8,22.0,4.1,36.0
2024,1,6,0,0.68,4.6,33.0,4.1,39.0
2024,1,6,1,0.64,4.6,22.0,4.3,37.0
2024,1,6,2,0.63,4.8,33.0,4.1,60.0
2024,1,6,3,0.63,4.7,33.0,4.9,32.0
2024,1,6,4,0.64,4.3,22.0,4.9,34.0
2024,1,6,5,0.71,4.8,22.0,5.6,29.0
2024,1,6,6,0.73,4.2,33.0,6.2,26.0
2024,1,6,7,0.72,4.2,22.0,6.2,22.0
2024,1,6,8,0.72,4.1,22.0,6.9,32.0
2024,1,6,9,0.7,4.0,33.0,6.5,20.0
2024,1,6,10,0.71,3.9,33.0,7.6,10.0
2024,1,6,11,0.91,4.0,11.0,7.8,12.0
2024,1,6,12,0.82,3.9,11.0,8.5,356.0
2024,1,6,13,0.94,4.0,22.0,9.2,355.0
2024,1,6,14,1.05,4.1,11.0,9.1,359.0
2024,1,6,15,1.28,4.4,33.0,10.0,5.0
2024,1,6,16,1.5,4.6,22.0,10.6,4.0
2024,1,6,17,1.69,4.9,22.0,11.0,10.0
2024,1,6,18,1.62,5.0,22.0,10.4,9.0
2024,1,6,19,1.7,5.0,22.0,9.7,13.0
2024,1,6,20,1.64,4.8,22.0,10.1,19.0
2024,1,6,21,1.52,4.9,22.0,9.5,20.0
2024,1,6,22,1.45,4.7,11.0,8.8,18.0
2024,1,6,23,1.67,5.0,22.0,10.1,18.0
2024,1,7,0,1.63,4.9,11.0,11.0,12.0
2024,1,7,1,1.75,5.0,11.0,12.4,20.0
2024,1,7,2,2.23,5.2,22.0,11.9,21.0
2024,1,7,3,2.4,5.8,22.0,12.7,17.0
2024,1,7,4,2.81,6.0,11.0,12.9,20.0
2024,1,7,5,2.43,5.6,33.0,13.1,22.0
2024,1,7,6,2.66,5.9,22.0,13.1,20.0
2024,1,7,7,2.69,5.6,22.0,13.2,24.0
2024,1,7,8,2.53,5.6,22.0,12.7,22.0
2024,1,7,9,2.63,5.5,22.0,12.5,26.0
2024,1,7,10,2.83,5.8,45.0,12.2,31.0
2024,1,7,11,2.61,5.6,33.0,12.3,23.0
2024,1,7,12,2.29,5.6,11.0,13.6,25.0
2024,1,7,13,2.57,5.4,22.0,13.8,19.0
2024,1,7,14,2.94,5.8,22.0,13.6,15.0
2024,1,7,15,2.49,5.7,22.0,13.9,19.0
2024,1,7,16,3.01,5.9,22.0,13.4,12.0
2024,1,7,17,2.97,5.9,22.0,13.2,14.0
2024,1,7,18,2.89,6.0,22.0,13.2,13.0
2024,1,7,19,2.87,5.9,22.0,12.7,14.0
2024,1,7,20,3.05,6.1,11.0,12.6,20.0
2024,1,7,21,2.92,6.0,22.0,12.9,31.0
2024,1,7,22,3.07,6.0,22.0,12.8,27.0
2024,1,7,23,2.63,5.9,11.0,11.3,27.0
2024,1,8,0,2.65,5.7,45.0,11.8,30.0
2024,1,8,1,2.55,5.8,22.0,11.4,30.0
2024,1,8,2,2.19,5.6,11.0,11.2,21.0
2024,1,8,3,1.95,5.5,11.0,10.7,21.0
2024,1,8,4,2.14,5.8,0.0,9.5,17.0
2024,1,8,5,2.26,5.8,348.0,8.7,12.0
2024,1,8,6,2.4,5.9,348.0,9.4,10.0
2024,1,8,7,2.52,5.9,0.0,9.3,14.0
2024,1,8,8,2.18,6.0,11.0,6.4,27.0
2024,1,8,9,2.25,5.7,22.0,7.4,20.0
2024,1,8,10,2.16,5.7,0.0,8.7,18.0
2024,1,8,11,1.85,5.3,33.0,7.2,32.0
2024,1,8,12,1.93,5.6,22.0,8.0,16.0
2024,1,8,13,1.74,5.4,11.0,7.0,12.0
2024,1,8,14,1.75,5.2,0.0,8.9,358.0
2024,1,8,15,1.76,5.1,0.0,10.1,4.0
2024,1,8,16,2.07,5.5,348.0,10.3,354.0
2024,1,8,17,2.11,5.5,348.0,11.2,358.0
2024,1,8,18,2.18,5.3,11.0,10.9,358.0
2024,1,8,19,2.43,5.7,11.0,10.8,4.0
2024,1,8,20,2.52,5.9,0.0,10.5,4.0
2024,1,8,21,2.4,6.1,0.0,10.4,14.0
2024,1,8,22,2.07,5.4,22.0,9.6,22.0
2024,1,8,23,1.88,5.3,11.0,9.2,15.0
2024,1,9,0,1.93,5.4,22.0,9.5,20.0
2024,1,9,1,1.87,5.2,11.0,9.2,21.0
2024,1,9,2,1.74,5.2,11.0,8.8,9.0
2024,1,9,3,1.52,5.3,11.0,8.5,4.0
2024,1,9,4,1.53,5.3,11.0,8.4,8.0
2024,1,9,5,1.7,5.1,11.0,9.4,1.0
2024,1,9,6,1.99,5.5,11.0,8.9,9.0
2024,1,9,7,1.71,5.4,0.0,9.0,19.0
2024,1,9,8,1.89,5.4,11.0,7.8,24.0
2024,1,9,9,1.69,5.2,22.0,8.4,8.0
2024,1,9,10,1.81,5.1,11.0,8.6,8.0
2024,1,9,11,1.78,5.0,22.0,8.5,9.0
2024,1,9,12,1.49,4.8,22.0,9.3,1.0
2024,1,9,13,1.41,4.5,33.0,9.2,360.0
2024,1,9,14,1.68,4.9,22.0,9.2,5.0
2024,1,9,15,1.44,4.6,22.0,9.2,11.0
2024,1,9,16,1.48,4.8,0.0,9.9,358.0
2024,1,9,17,1.64,4.8,22.0,10.2,5.0
2024,1,9,18,1.64,5.0,11.0,9.9,10.0
2024,1,9,19,1.92,5.3,22.0,10.0,2.0
2024,1,9,20,1.72,5.2,11.0,9.4,3.0
2024,1,9,21,1.61,5.0,22.0,8.7,6.0
2024,1,9,22,1.41,4.9,11.0,8.0,4.0
2024,1,9,23,1.31,4.7,11.0,8.8,6.0
2024,1,10,0,1.27,4.6,22.0,8.6,7.0
2024,1,10,1,1.27,4.6,11.0,9.0,3.0
2024,1,10,2,1.24,4.4,11.0,9.9,7.0
2024,1,10,3,1.29,4.4,33.0,10.5,16.0
2024,1,10,4,1.64,4.9,22.0,11.8,356.0
2024,1,10,5,1.91,5.1,22.0,11.4,7.0
2024,1,10,6,2.15,5.2,11.0,11.9,4.0
2024,1,10,7,2.27,5.4,11.0,11.9,6.0
2024,1,10,8,2.47,5.7,22.0,12.1,11.0
2024,1,10,9,2.39,5.7,33.0,12.1,27.0
2024,1,10,10,2.54,5.6,22.0,12.1,21.0
2024,1,10,11,2.43,5.4,22.0,13.3,20.0
2024,1,10,12,2.9,5.7,33.0,14.0,21.0
2024,1,10,13,3.04,5.7,33.0,14.6,29.0
2024,1,10,14,2.74,5.5,33.0,14.2,32.0
2024,1,10,15,2.55,5.5,22.0,13.6,30.0
2024,1,10,16,2.49,5.6,22.0,13.5,25.0
2024,1,10,17,2.42,5.1,22.0,14.0,28.0
2024,1,10,18,2.25,5.2,22.0,14.2,25.0
2024,1,10,19,2.83,5.8,22.0,13.1,23.0
2024,1,10,20,2.68,5.5,22.0,12.7,27.0
2024,1,10,21,2.7,5.8,22.0,12.9,25.0
2024,1,10,22,2.41,5.4,22.0,12.6,25.0
2024,1,10,23,3.0,5.7,33.0,13.2,34.0
2024,1,11,0,2.96,5.8,22.0,14.9,30.0
2024,1,11,1,2.51,5.3,33.0,15.2,30.0
2024,1,11,2,2.93,5.7,22.0,15.6,33.0
2024,1,11,3,2.55,5.2,22.0,15.4,33.0
2024,1,11,4,2.57,5.4,22.0,14.1,34.0
2024,1,11,5,2.74,5.4,33.0,14.8,41.0
2024,1,11,6,2.63,5.6,22.0,13.6,33.0
2024,1,11,7,2.82,5.7,22.0,13.9,33.0
2024,1,11,8,2.63,5.8,11.0,13.0,22.0
2024,1,11,9,2.84,5.7,33.0,13.8,33.0
2024,1,11,10,2.21,5.2,33.0,11.8,36.0
2024,1,11,11,2.49,5.3,33.0,10.3,35.0
2024,1,11,12,2.0,5.2,22.0,10.0,24.0
2024,1,11,13,2.01,4.8,33.0,11.5,14.0
2024,1,11,14,1.95,4.7,33.0,11.8,23.0
2024,1,11,15,2.14,5.2,33.0,11.1,26.0
2024,1,11,16,1.95,4.9,33.0,11.2,27.0
2024,1,11,17,1.79,4.9,11.0,11.2,28.0
2024,1,11,18,1.86,5.0,11.0,11.0,24.0
2024,1,11,19,1.79,5.2,11.0,9.7,28.0
2024,1,11,20,1.64,5.4,22.0,8.1,41.0
2024,1,11,21,1.5,5.0,11.0,7.6,39.0
2024,1,11,22,1.38,5.1,33.0,6.4,41.0
2024,1,11,23,1.54,5.2,33.0,6.4,38.0
2024,1,12,0,1.27,5.0,22.0,5.3,38.0
2024,1,12,1,1.07,4.7,22.0,5.8,30.0
2024,1,12,2,0.98,4.7,11.0,5.3,26.0
2024,1,12,3,1.03,4.9,11.0,6.3,28.0
2024,1,12,4,0.93,4.7,22.0,5.8,41.0
2024,1,12,5,0.88,4.5,22.0,5.8,42.0
2024,1,12,6,0.95,4.8,22.0,5.4,53.0
2024,1,12,7,0.88,4.7,22.0,5.7,50.0
2024,1,12,8,0.87,4.5,33.0,5.2,53.0
2024,1,12,9,1.07,4.6,22.0,6.0,42.0
2024,1,12,10,1.09,4.8,33.0,6.0,38.0
2024,1,12,11,1.11,4.5,33.0,5.8,36.0
2024,1,12,12,1.17,4.4,33.0,6.1,27.0
2024,1,12,13,1.03,4.5,11.0,6.5,359.0
2024,1,12,14,0.92,4.2,22.0,6.4,356.0
2024,1,12,15,0.91,4.3,11.0,6.8,9.0
2024,1,12,16,1.03,4.1,22.0,7.5,17.0
2024,1,12,17,1.06,4.4,33.0,8.2,14.0
2024,1,12,18,1.2,4.2,22.0,8.2,22.0
2024,1,12,19,1.3,4.5,22.0,7.6,31.0
2024,1,12,20,1.28,4.9,33.0,6.8,38.0
2024,1,12,21,1.22,4.9,33.0,5.9,41.0
2024,1,12,22,1.02,4.7,33.0,5.2,41.0
2024,1,12,23,0.96,4.7,45.0,3.6,47.0
2024,1,13,0,1.05,4.8,33.0,3.5,65.0
2024,1,13,1,0.91,4.7,45.0,3.8,49.0
2024,1,13,2,0.92,4.5,33.0,4.6,52.0
2024,1,13,3,0.76,4.5,33.0,4.7,41.0
2024,1,13,4,0.72,4.2,22.0,4.1,47.0
2024,1,13,5,0.82,4.4,22.0,4.9,57.0
2024,1,13,6,0.79,4.4,22.0,6.4,36.0
2024,1,13,7,0.95,4.5,22.0,7.2,36.0
2024,1,13,8,0.89,4.4,22.0,6.9,36.0
2024,1,13,9,1.0,4.6,22.0,6.8,32.0
2024,1,13,10,1.18,4.8,11.0,6.1,28.0
2024,1,13,11,1.21,4.7,11.0,6.7,13.0
2024,1,13,12,1.26,4.5,22.0,6.6,12.0
2024,1,13,13,1.67,5.0,22.0,8.3,10.0
2024,1,13,14,1.77,4.7,22.0,9.8,4.0
2024,1,13,15,1.78,4.8,33.0,10.3,6.0
2024,1,13,16,1.96,5.1,22.0,10.3,3.0
2024,1,13,17,2.17,5.2,0.0,10.3,1.0
2024,1,13,18,2.1,5.1,11.0,10.0,8.0
2024,1,13,19,1.74,5.0,22.0,8.8,19.0
2024,1,13,20,2.09,5.7,22.0,6.6,23.0
2024,1,13,21,1.76,5.6,33.0,3.9,28.0
2024,1,13,22,1.78,5.7,33.0,2.1,89.0
2024,1,13,23,1.5,5.6,33.0,2.9,148.0
2024,1,14,0,1.36,5.3,33.0,2.7,155.0
2024,1,14,1,1.35,5.5,33.0,3.2,174.0
2024,1,14,2,1.11,5.1,33.0,4.0,165.0
2024,1,14,3,0.95,5.1,11.0,3.9,157.0
2024,1,14,4,0.94,5.2,45.0,3.9,158.0
2024,1,14,5,0.74,5.1,22.0,4.1,149.0
2024,1,14,6,0.86,5.4,22.0,4.3,154.0
2024,1,14,7,0.86,5.3,0.0,4.0,157.0
2024,1,14,8,0.86,5.3,348.0,3.8,152.0
2024,1,14,9,0.96,5.3,0.0,3.4,167.0
2024,1,14,10,0.92,5.1,33.0,3.1,187.0
2024,1,14,11,1.13,5.3,22.0,3.1,215.0
2024,1,14,12,0.96,5.0,11.0,2.8,215.0
2024,1,14,13,1.29,5.0,0.0,2.6,241.0
2024,1,14,14,1.27,5.1,11.0,1.2,297.0
2024,1,14,15,1.12,4.7,348.0,4.6,335.0
2024,1,14,16,1.12,4.7,348.0,3.7,332.0
2024,1,14,17,1.11,4.7,348.0,5.0,334.0
2024,1,14,18,1.06,4.7,0.0,4.4,352.0
2024,1,14,19,0.96,4.8,348.0,4.7,359.0
2024,1,14,20,0.94,4.7,0.0,5.3,11.0
2024,1,14,21,0.96,4.6,0.0,4.7,28.0
2024,1,14,22,0.84,4.5,11.0,3.8,43.0
2024,1,14,23,0.9,4.6,11.0,4.0,64.0
2024,1,15,0,0.84,4.4,22.0,3.9,42.0
2024,1,15,1,0.85,4.5,11.0,4.3,20.0
2024,1,15,2,1.01,4.6,22.0,4.9,23.0
2024,1,15,3,0.82,4.4,11.0,3.5,45.0
2024,1,15,4,0.82,4.4,11.0,3.5,50.0
2024,1,15,5,0.82,4.2,0.0,4.4,58.0
2024,1,15,6,0.88,4.3,22.0,5.2,47.0
2024,1,15,7,0.91,4.4,11.0,5.7,46.0
2024,1,15,8,0.98,4.3,11.0,6.5,42.0
2024,1,15,9,1.28,4.7,11.0,8.5,35.0
2024,1,15,10,1.87,4.9,22.0,12.9,25.0
2024,1,15,11,2.46,5.4,11.0,14.2,28.0
2024,1,15,12,3.57,6.1,22.0,14.7,10.0
2024,1,15,13,3.7,6.2,33.0,14.7,8.0
2024,1,15,14,3.77,6.3,11.0,15.4,3.0
2024,1,15,15,3.32,5.9,0.0,14.9,6.0
2024,1,15,16,3.59,6.3,0.0,15.5,9.0
2024,1,15,17,3.7,6.1,11.0,16.1,7.0
2024,1,15,18,3.69,6.6,348.0,15.8,18.0
2024,1,15,19,4.04,6.3,0.0,15.0,19.0
2024,1,15,20,4.21,6.9,0.0,14.7,17.0
2024,1,15,21,3.58,6.6,0.0,15.0,17.0
2024,1,15,22,3.55,6.4,11.0,15.1,18.0
2024,1,15,23,4.01,6.9,0.0,14.0,18.0
2024,1,16,0,3.79,6.8,0.0,13.1,14.0
2024,1,16,1,3.37,6.4,0.0,12.7,20.0
2024,1,16,2,3.32,6.4,11.0,13.8,23.0
2024,1,16,3,3.11,6.0,0.0,13.2,20.0
2024,1,16,4,3.28,6.3,0.0,11.4,22.0
2024,1,16,5,3.06,6.1,11.0,12.2,19.0
2024,1,16,6,2.65,5.9,0.0,12.3,17.0
2024,1,16,7,2.85,5.8,11.0,13.1,21.0
2024,1,16,8,2.83,6.0,0.0,13.2,18.0
2024,1,16,9,2.9,5.9,0.0,12.7,14.0
2024,1,16,10,3.01,6.1,0.0,12.6,15.0
2024,1,16,11,2.51,5.7,22.0,12.9,5.0
2024,1,16,12,3.29,6.2,11.0,12.9,7.0
2024,1,16,13,3.48,6.1,11.0,13.0,2.0
2024,1,16,14,3.4,6.1,11.0,13.5,3.0
2024,1,16,15,3.11,6.0,0.0,13.5,1.0
2024,1,16,16,3.17,6.1,0.0,13.7,3.0
2024,1,16,17,3.09,5.8,0.0,13.5,6.0
2024,1,16,18,2.65,5.6,11.0,12.8,10.0
2024,1,16,19,2.44,5.6,0.0,12.0,8.0
2024,1,16,20,2.42,5.4,0.0,11.2,8.0
2024,1,16,21,2.36,5.6,348.0,11.1,12.0
2024,1,16,22,2.38,5.8,0.0,9.6,17.0
2024,1,16,23,2.22,5.8,0.0,8.2,22.0
2024,1,17,0,2.23,5.9,11.0,8.1,33.0
2024,1,17,1,2.33,6.0,11.0,5.5,48.0
2024,1,17,2,2.22,5.7,22.0,5.3,58.0
2024,1,17,3,1.97,5.8,11.0,5.4,48.0
2024,1,17,4,2.06,5.8,11.0,6.1,32.0
2024,1,17,5,2.4,6.2,11.0,5.9,33.0
2024,1,17,6,2.0,5.8,0.0,4.1,47.0
2024,1,17,7,1.87,5.6,0.0,4.1,45.0
2024,1,17,8,1.72,5.9,11.0,4.1,43.0
2024,1,17,9,1.68,5.7,0.0,3.3,46.0
2024,1,17,10,1.77,5.9,348.0,4.0,35.0
2024,1,17,11,1.71,5.8,0.0,6.2,25.0
2024,1,17,12,1.86,5.5,11.0,7.7,9.0
2024,1,17,13,2.08,5.6,0.0,7.6,6.0
2024,1,17,14,1.86,5.4,0.0,8.3,16.0
2024,1,17,15,2.09,5.4,22.0,8.8,17.0
2024,1,17,16,2.02,5.4,22.0,8.7,12.0
2024,1,17,17,2.12,5.6,11.0,8.0,10.0
2024,1,17,18,1.62,5.1,22.0,7.3,10.0
2024,1,17,19,1.67,5.2,11.0,7.2,21.0
2024,1,17,20,1.33,5.0,22.0,6.7,22.0
2024,1,17,21,1.23,5.0,11.0,5.6,32.0
2024,1,17,22,1.22,5.1,11.0,3.8,342.0
2024,1,17,23,1.11,5.1,22.0,3.2,346.0
2024,1,18,0,1.2,5.3,0.0,3.3,336.0
2024,1,18,1,1.14,5.0,11.0,3.2,335.0
2024,1,18,2,1.07,5.1,11.0,3.5,316.0
2024,1,18,3,1.16,5.1,22.0,1.2,358.0
2024,1,18,4,1.21,5.2,22.0,2.1,333.0
2024,1,18,5,1.06,5.0,22.0,2.1,138.0
2024,1,18,6,0.9,5.0,33.0,1.3,142.0
2024,1,18,8,0.91,4.8,33.0,3.4,4.0
2024,1,18,9,0.82,4.9,22.0,3.0,24.0
2024,1,18,10,0.73,4.5,11.0,5.7,3.0
2024,1,18,11,0.73,4.2,22.0,7.2,9.0
2024,1,18,12,0.83,4.1,33.0,6.6,12.0
2024,1,18,13,0.92,4.1,33.0,7.2,11.0
2024,1,18,14,1.08,4.3,33.0,7.5,9.0
2024,1,18,15,1.07,4.3,22.0,8.2,9.0
2024,1,18,16,1.25,4.3,33.0,7.6,19.0
2024,1,18,17,1.14,4.5,33.0,7.1,23.0
2024,1,18,18,1.2,4.4,33.0,7.3,19.0
2024,1,18,19,1.15,4.6,33.0,7.2,29.0
2024,1,18,20,0.93,4.3,45.0,6.1,32.0
2024,1,18,21,0.91,4.5,33.0,5.4,38.0
2024,1,18,22,0.74,4.2,11.0,5.4,22.0
2024,1,18,23,0.76,4.3,33.0,6.9,19.0
2024,1,19,0,1.03,4.4,22.0,7.6,27.0
2024,1,19,1,1.03,4.5,45.0,7.4,21.0
2024,1,19,2,1.17,4.7,33.0,7.6,26.0
2024,1,19,3,1.36,4.9,33.0,7.0,40.0
2024,1,19,4,1.66,5.3,22.0,6.7,43.0
2024,1,19,5,1.42,4.9,22.0,7.8,31.0
2024,1,19,6,1.49,4.9,33.0,8.5,51.0
2024,1,19,7,1.47,4.9,11.0,9.1,31.0
2024,1,19,8,1.51,4.8,22.0,9.2,39.0
2024,1,19,9,1.61,5.0,11.0,9.0,21.0
2024,1,19,10,1.67,4.9,11.0,9.8,5.0
2024,1,19,11,1.85,5.0,22.0,9.5,11.0
2024,1,19,12,2.01,5.3,11.0,10.5,2.0
2024,1,19,13,2.03,5.6,22.0,9.6,21.0
2024,1,19,14,1.94,5.3,22.0,9.7,21.0
2024,1,19,15,2.04,5.4,22.0,10.2,8.0
2024,1,19,16,2.47,5.7,22.0,10.0,22.0
2024,1,19,17,2.12,5.5,22.0,10.4,6.0
2024,1,19,18,1.93,5.3,33.0,9.5,21.0
2024,1,19,19,2.01,5.5,22.0,8.4,12.0
2024,1,19,20,1.82,5.2,22.0,8.7,8.0
2024,1,19,21,1.7,5.3,11.0,8.9,358.0
2024,1,19,22,1.81,5.2,11.0,9.0,3.0
2024,1,19,23,1.79,5.4,22.0,8.9,18.0
2024,1,20,0,1.81,5.1,0.0,8.3,17.0
2024,1,20,1,1.76,5.3,11.0,7.9,24.0
2024,1,20,2,1.68,5.4,11.0,7.9,30.0
2024,1,20,3,1.66,5.4,11.0,6.1,45.0
2024,1,20,4,1.71,5.7,22.0,5.2,23.0
2024,1,20,5,1.85,5.8,22.0,4.6,25.0
2024,1,20,6,1.67,5.8,22.0,4.8,8.0
2024,1,20,7,1.91,5.8,22.0,7.2,339.0
2024,1,20,8,1.66,5.3,22.0,7.1,345.0
2024,1,20,9,1.47,4.9,11.0,7.9,343.0
2024,1,20,10,1.49,4.8,22.0,8.2,346.0
2024,1,20,11,1.4,4.5,0.0,8.8,347.0
2024,1,20,12,1.49,4.8,0.0,8.7,354.0
2024,1,20,13,1.4,4.7,22.0,9.0,10.0
2024,1,20,14,1.54,4.9,11.0,8.7,3.0
2024,1,20,15,1.79,5.1,22.0,9.2,6.0
2024,1,20,16,1.5,4.6,22.0,10.3,2.0
2024,1,20,17,1.64,4.7,22.0,10.4,22.0
2024,1,20,18,1.87,5.0,33.0,10.2,20.0
2024,1,20,19,2.06,5.2,22.0,11.0,15.0
2024,1,20,20,1.98,5.2,22.0,10.7,21.0
2024,1,20,21,1.89,4.9,11.0,10.4,21.0
2024,1,20,22,1.91,5.1,11.0,11.3,19.0
2024,1,20,23,1.98,5.3,22.0,12.6,26.0
2024,1,21,0,2.24,5.4,0.0,12.4,19.0
2024,1,21,1,2.65,5.7,22.0,13.6,17.0
2024,1,21,2,2.75,5.8,0.0,14.9,17.0
2024,1,21,3,2.83,5.9,22.0,15.1,16.0
2024,1,21,4,3.43,6.4,0.0,14.4,13.0
2024,1,21,5,3.05,6.1,0.0,15.3,18.0
2024,1,21,6,3.39,6.2,22.0,15.2,14.0
2024,1,21,7,3.31,6.1,11.0,14.1,16.0
2024,1,21,8,2.85,5.6,11.0,15.0,17.0
2024,1,21,9,2.87,5.6,11.0,14.7,24.0
2024,1,21,10,2.92,5.7,0.0,14.1,23.0
2024,1,21,11,2.84,5.6,22.0,15.1,23.0
2024,1,21,12,2.89,5.5,11.0,14.3,18.0
2024,1,21,13,3.03,5.6,11.0,14.9,16.0
2024,1,21,14,3.0,5.7,0.0,15.0,16.0
2024,1,21,15,3.14,5.9,0.0,15.2,16.0
2024,1,21,16,3.18,6.0,0.0,15.5,10.0
2024,1,21,17,3.43,5.9,0.0,16.6,12.0
2024,1,21,18,3.07,5.7,11.0,16.8,13.0
2024,1,21,19,3.46,6.1,0.0,17.0,13.0
2024,1,21,20,3.7,6.2,0.0,17.5,14.0
2024,1,21,21,3.67,5.9,11.0,16.3,18.0
2024,1,21,22,3.75,6.3,0.0,16.5,19.0
2024,1,21,23,3.6,6.2,0.0,15.4,20.0
2024,1,22,0,3.14,5.7,11.0,16.2,19.0
2024,1,22,1,3.04,5.9,11.0,16.3,22.0
2024,1,22,2,3.18,5.9,11.0,16.0,24.0
2024,1,22,3,3.04,5.9,11.0,14.3,24.0
2024,1,22,4,3.16,5.9,0.0,14.2,14.0
2024,1,22,5,3.32,5.9,11.0,14.7,21.0
2024,1,22,6,3.37,5.9,11.0,15.9,17.0
2024,1,22,7,3.71,6.1,11.0,16.4,22.0
2024,1,22,8,3.28,6.0,0.0,16.9,14.0
2024,1,22,9,4.33,7.3,11.0,17.0,17.0
2024,1,22,10,3.73,6.1,11.0,16.5,16.0
2024,1,22,11,3.87,6.2,0.0,17.0,16.0
2024,1,22,12,3.7,6.1,0.0,17.0,20.0
2024,1,22,13,4.12,6.3,0.0,17.9,15.0
2024,1,22,14,3.93,6.3,0.0,17.8,23.0
2024,1,22,15,3.99,6.3,0.0,17.9,21.0
2024,1,22,16,4.2,6.6,0.0,17.7,22.0
2024,1,22,17,3.84,6.1,348.0,18.0,21.0
2024,1,22,18,3.71,6.3,11.0,18.1,21.0
2024,1,22,19,4.01,6.3,11.0,18.0,19.0
2024,1,22,20,4.04,6.3,0.0,18.2,23.0
2024,1,22,21,4.74,6.7,348.0,18.7,19.0
2024,1,22,22,3.76,6.1,348.0,18.5,16.0
2024,1,22,23,4.97,7.0,348.0,19.6,22.0
2024,1,23,0,4.56,6.5,0.0,19.4,18.0
2024,1,23,1,4.82,6.7,348.0,18.7,16.0
2024,1,23,2,5.18,7.2,348.0,19.7,9.0
2024,1,23,3,5.03,6.9,348.0,19.0,9.0
2024,1,23,4,4.78,6.9,348.0,18.4,9.0
2024,1,23,5,3.93,6.3,348.0,18.1,21.0
2024,1,23,6,3.8,6.2,11.0,17.3,27.0
2024,1,23,7,3.7,6.0,22.0,16.7,21.0
2024,1,23,8,3.29,5.7,11.0,16.5,27.0
2024,1,23,9,3.31,6.0,0.0,15.8,25.0
2024,1,23,10,3.31,5.8,0.0,16.4,26.0
2024,1,23,11,3.13,5.9,0.0,16.7,20.0
2024,1,23,12,2.72,5.4,11.0,16.3,20.0
2024,1,23,13,3.13,5.5,0.0,15.8,20.0
2024,1,23,14,3.63,6.0,11.0,16.6,12.0
2024,1,23,15,3.22,5.5,0.0,15.9,20.0
2024,1,23,16,3.16,5.5,0.0,16.8,10.0
2024,1,23,17,3.24,5.7,0.0,16.5,8.0
2024,1,23,18,3.03,5.6,11.0,16.4,15.0
2024,1,23,19,3.21,5.7,348.0,16.4,13.0
2024,1,23,20,3.7,6.0,0.0,16.9,20.0
2024,1,23,21,3.35,6.0,0.0,16.8,17.0
2024,1,23,22,3.27,5.9,348.0,16.3,25.0
2024,1,23,23,3.25,5.8,0.0,15.8,21.0
2024,1,24,0,3.36,5.9,11.0,16.7,21.0
2024,1,24,1,3.15,5.9,0.0,16.2,24.0
2024,1,24,2,3.1,5.7,11.0,15.8,25.0
2024,1,24,3,2.67,5.4,11.0,16.0,22.0
2024,1,24,4,2.53,5.3,11.0,16.0,24.0
2024,1,24,5,2.9,5.6,33.0,15.7,24.0
2024,1,24,6,3.16,5.8,11.0,16.1,24.0
2024,1,24,7,3.23,6.1,11.0,14.7,22.0
2024,1,24,8,3.01,6.2,0.0,15.3,22.0
2024,1,24,9,2.94,5.8,0.0,14.6,25.0
2024,1,24,10,2.46,5.4,11.0,13.4,27.0
2024,1,24,11,2.54,5.3,11.0,13.4,23.0
2024,1,24,12,2.3,5.3,11.0,12.4,21.0
2024,1,24,13,2.06,5.1,11.0,12.5,18.0
2024,1,24,14,2.06,5.1,0.0,12.3,19.0
2024,1,24,15,2.25,5.3,0.0,11.7,19.0
2024,1,24,16,2.19,5.4,0.0,11.8,20.0
2024,1,24,17,2.21,5.4,11.0,12.5,22.0
2024,1,24,18,2.25,5.5,0.0,12.3,22.0
2024,1,24,19,2.18,5.4,11.0,12.0,23.0
2024,1,24,20,2.57,5.6,11.0,12.8,21.0
2024,1,24,21,2.45,5.5,11.0,12.3,27.0
2024,1,24,22,2.31,5.6,22.0,12.1,23.0
2024,1,24,23,2.65,5.5,11.0,12.2,29.0
2024,1,25,0,2.2,5.3,11.0,11.0,24.0
2024,1,25,1,2.03,5.2,11.0,11.4,30.0
2024,1,25,2,2.14,5.3,11.0,12.1,28.0
2024,1,25,3,2.03,5.4,0.0,11.8,30.0
2024,1,25,4,2.07,5.3,11.0,9.5,26.0
2024,1,25,5,1.82,5.4,11.0,10.3,20.0
2024,1,25,6,1.93,5.1,0.0,11.2,20.0
2024,1,25,7,1.88,5.4,22.0,10.9,38.0
2024,1,25,8,2.47,5.7,22.0,11.1,23.0
2024,1,25,9,2.2,5.6,22.0,12.1,32.0
2024,1,25,10,1.95,5.4,11.0,10.6,23.0
2024,1,25,11,2.19,5.3,22.0,10.9,17.0
2024,1,25,12,1.99,5.3,22.0,11.1,19.0
2024,1,25,13,2.14,5.1,11.0,10.6,24.0
2024,1,25,14,2.34,5.2,0.0,11.7,23.0
2024,1,25,15,2.08,5.2,11.0,11.9,23.0
2024,1,25,16,2.07,5.3,0.0,11.6,17.0
2024,1,25,17,1.93,5.0,0.0,11.3,20.0
2024,1,25,18,2.23,5.6,0.0,11.8,23.0
2024,1,25,19,2.19,5.5,11.0,12.3,26.0
2024,1,25,20,2.3,5.6,22.0,12.4,43.0
2024,1,25,21,2.46,5.7,22.0,12.0,23.0
2024,1,25,22,2.61,5.9,11.0,12.5,19.0
2024,1,25,23,2.79,5.9,22.0,12.7,24.0
2024,1,26,0,2.69,5.8,11.0,12.6,25.0
2024,1,26,1,2.13,5.2,11.0,12.5,29.0
2024,1,26,2,2.2,5.4,22.0,11.7,24.0
2024,1,26,3,1.87,5.2,33.0,11.9,27.0
2024,1,26,4,1.81,5.1,11.0,11.6,29.0
2024,1,26,5,1.82,5.2,0.0,11.7,20.0
2024,1,26,6,1.93,5.3,33.0,12.1,27.0
2024,1,26,7,2.03,5.3,11.0,12.5,26.0
2024,1,26,8,2.03,5.3,22.0,12.0,29.0
2024,1,26,9,2.14,5.6,11.0,12.5,19.0
2024,1,26,10,2.22,5.4,11.0,12.3,21.0
2024,1,26,11,2.22,5.6,22.0,11.0,15.0
2024,1,26,12,2.06,5.4,22.0,11.3,14.0
2024,1,26,13,2.02,5.1,11.0,11.3,12.0
2024,1,26,14,2.19,5.1,11.0,12.0,11.0
2024,1,26,15,1.93,4.8,22.0,11.3,9.0
2024,1,26,16,1.77,4.8,11.0,10.9,11.0
2024,1,26,17,1.74,4.8,11.0,11.2,18.0
2024,1,26,18,1.76,5.0,11.0,11.8,25.0
2024,1,26,19,1.96,5.2,22.0,11.0,16.0
2024,1,26,20,2.12,5.2,11.0,11.7,20.0
2024,1,26,21,2.04,5.2,22.0,11.8,15.0
2024,1,26,22,2.13,5.6,22.0,11.0,21.0
2024,1,26,23,2.0,5.6,45.0,10.1,41.0
2024,1,27,0,2.08,5.5,22.0,9.7,25.0
2024,1,27,1,1.74,5.4,11.0,10.0,17.0
2024,1,27,2,2.04,5.4,22.0,11.1,20.0
2024,1,27,3,2.13,5.2,11.0,12.0,23.0
2024,1,27,4,2.07,5.3,22.0,12.7,28.0
2024,1,27,5,2.08,5.5,11.0,11.8,20.0
2024,1,27,6,1.77,5.1,22.0,10.5,25.0
2024,1,27,7,2.0,5.5,11.0,10.5,20.0
2024,1,27,8,1.79,5.2,33.0,10.8,45.0
2024,1,27,9,1.99,5.3,33.0,12.0,47.0
2024,1,27,10,1.98,5.5,11.0,10.0,28.0
2024,1,27,11,1.83,5.1,11.0,10.7,10.0
2024,1,27,12,2.69,5.7,22.0,11.7,12.0
2024,1,27,13,2.25,5.4,22.0,12.1,9.0
2024,1,27,14,2.33,5.5,22.0,11.5,14.0
2024,1,27,15,2.17,5.2,11.0,11.1,16.0
2024,1,27,16,1.87,5.1,22.0,11.3,19.0
2024,1,27,17,1.87,4.8,11.0,11.0,23.0
2024,1,27,18,1.75,5.1,0.0,10.4,13.0
2024,1,27,19,1.93,5.4,22.0,10.8,14.0
2024,1,27,20,1.61,4.9,11.0,11.3,24.0
2024,1,27,21,1.93,5.2,22.0,10.3,40.0
2024,1,27,22,2.17,5.3,22.0,11.7,6.0
2024,1,27,23,2.16,5.3,22.0,12.6,18.0
2024,1,28,0,2.77,5.8,22.0,12.8,24.0
2024,1,28,1,2.69,5.6,22.0,13.2,16.0
2024,1,28,2,2.47,5.5,22.0,13.6,18.0
2024,1,28,3,2.75,5.6,22.0,13.2,19.0
2024,1,28,4,2.03,5.0,22.0,13.7,24.0
2024,1,28,5,2.26,5.3,22.0,14.2,21.0
2024,1,28,6,2.47,5.5,22.0,14.2,19.0
2024,1,28,7,2.4,5.3,22.0,13.8,14.0
2024,1,28,8,2.32,5.5,11.0,14.7,22.0
2024,1,28,9,2.52,5.7,22.0,13.8,19.0
2024,1,28,10,2.71,5.8,22.0,13.8,18.0
2024,1,28,11,2.51,5.5,11.0,13.2,14.0
2024,1,28,12,3.03,5.9,22.0,13.7,11.0
2024,1,28,13,2.56,5.4,22.0,14.1,14.0
2024,1,28,14,3.04,5.7,11.0,13.7,10.0
2024,1,28,15,2.64,5.5,11.0,13.0,9.0
2024,1,28,16,2.58,5.7,11.0,13.5,11.0
2024,1,28,17,2.56,5.6,0.0,13.3,10.0
2024,1,28,18,2.24,5.2,0.0,13.2,10.0
2024,1,28,19,2.2,5.5,11.0,12.6,16.0
2024,1,28,20,2.01,5.2,11.0,12.3,17.0
2024,1,28,21,2.25,5.6,22.0,11.2,13.0
2024,1,28,22,2.45,5.5,11.0,11.8,15.0
2024,1,28,23,2.61,5.8,22.0,11.5,14.0
2024,1,29,0,2.44,5.7,22.0,10.9,17.0
2024,1,29,1,2.6,5.9,22.0,9.7,13.0
2024,1,29,2,2.37,5.6,22.0,9.2,16.0
2024,1,29,3,1.94,5.4,11.0,9.0,22.0
2024,1,29,4,1.64,5.1,22.0,7.1,13.0
2024,1,29,5,1.58,5.3,0.0,6.0,25.0
2024,1,29,6,1.48,5.2,0.0,5.4,18.0
2024,1,29,7,1.57,5.6,0.0,3.7,60.0
2024,1,29,8,1.34,5.5,0.0,4.2,46.0
2024,1,29,9,1.51,5.6,11.0,5.6,26.0
2024,1,29,10,1.49,5.5,0.0,6.9,28.0
2024,1,29,11,1.94,5.5,22.0,7.4,23.0
2024,1,29,12,1.94,5.2,33.0,7.5,23.0
2024,1,29,13,2.18,5.4,22.0,9.3,358.0
2024,1,29,14,2.0,5.0,11.0,11.4,350.0
2024,1,29,15,2.52,5.6,348.0,11.8,348.0
2024,1,29,16,2.56,5.5,348.0,11.5,353.0
2024,1,29,17,2.37,5.4,0.0,11.0,353.0
2024,1,29,18,2.08,5.3,348.0,9.9,354.0
2024,1,29,19,2.22,5.5,0.0,9.2,360.0
2024,1,29,20,1.89,5.4,348.0,9.3,357.0
2024,1,29,21,2.11,5.6,0.0,8.9,15.0
2024,1,29,22,1.94,5.7,11.0,8.4,17.0
2024,1,29,23,2.17,5.7,11.0,8.5,8.0
2024,1,30,0,2.19,5.8,11.0,7.8,5.0
2024,1,30,1,2.12,5.7,11.0,7.5,17.0
2024,1,30,2,2.31,6.0,22.0,7.4,10.0
2024,1,30,3,1.75,5.4,11.0,7.3,10.0
2024,1,30,4,1.68,5.5,0.0,6.7,10.0
2024,1,30,5,1.8,5.9,11.0,7.7,7.0
2024,1,30,6,1.35,5.0,11.0,7.0,14.0
2024,1,30,7,1.32,5.1,0.0,6.5,6.0
2024,1,30,8,1.34,4.9,11.0,7.8,1.0
2024,1,30,9,1.52,5.0,0.0,8.5,18.0
2024,1,30,10,1.56,5.2,11.0,8.3,32.0
2024,1,30,11,1.68,5.6,22.0,7.6,31.0
2024,1,30,12,1.95,5.5,22.0,7.6,24.0
2024,1,30,13,1.8,5.3,22.0,7.4,24.0
2024,1,30,14,1.95,5.5,33.0,7.1,30.0
2024,1,30,15,1.66,5.3,33.0,7.8,21.0
2024,1,30,16,1.64,5.1,22.0,7.3,20.0
2024,1,30,17,1.54,5.3,22.0,6.4,18.0
2024,1,30,18,1.31,5.1,33.0,5.7,26.0
2024,1,30,19,1.09,5.2,22.0,4.9,25.0
2024,1,30,20,1.12,5.5,11.0,4.6,19.0
2024,1,30,21,1.12,5.7,11.0,4.4,30.0
2024,1,30,22,0.96,5.3,22.0,4.0,25.0
2024,1,30,23,0.93,5.4,22.0,2.8,38.0
2024,1,31,0,0.91,5.6,22.0,1.2,22.0
2024,1,31,1,0.94,5.6,22.0,1.9,16.0
2024,1,31,2,1.09,5.7,22.0,3.4,352.0
2024,1,31,3,0.93,5.5,22.0,3.4,11.0
2024,1,31,4,0.86,5.2,33.0,4.6,9.0
2024,1,31,5,0.86,5.1,22.0,4.6,8.0
2024,1,31,6,0.75,4.6,11.0,5.4,16.0
2024,1,31,7,0.74,4.3,22.0,5.4,20.0
2024,1,31,8,0.79,4.2,22.0,5.0,15.0
2024,1,31,9,0.78,4.4,11.0,4.3,18.0
2024,1,31,10,0.78,4.4,11.0,4.5,25.0
2024,1,31,11,0.76,4.4,22.0,5.0,17.0
2024,1,31,12,0.84,4.5,33.0,5.1,13.0
2024,1,31,13,0.81,4.5,11.0,4.4,24.0
2024,1,31,14,0.8,4.6,22.0,4.8,25.0
2024,1,31,15,0.78,4.5,22.0,4.6,2.0
2024,1,31,16,0.79,4.4,22.0,5.4,7.0
2024,1,31,17,0.84,4.3,33.0,5.7,359.0
2024,1,31,18,0.83,4.2,45.0,5.4,26.0
2024,1,31,19,0.78,4.1,22.0,4.9,14.0
2024,1,31,20,0.71,4.2,33.0,5.0,8.0
2024,1,31,21,0.67,4.3,0.0,4.4,30.0
2024,1,31,22,0.63,4.4,22.0,3.8,21.0
2024,2,1,0,0.55,4.3,45.0,2.6,41.0
2024,2,1,1,0.55,4.6,33.0,1.4,13.0
2024,2,1,3,0.49,4.6,33.0,1.7,34.0
2024,2,1,4,0.48,4.3,33.0,1.9,68.0
2024,2,1,7,0.43,4.8,22.0,1.5,6.0
2024,2,1,8,0.33,4.5,11.0,1.8,22.0
2024,2,1,9,0.39,4.9,11.0,2.4,29.0
2024,2,1,10,0.31,4.6,33.0,2.4,39.0
2024,2,1,11,0.35,4.5,45.0,1.2,25.0
2024,2,1,12,0.34,4.4,45.0,1.4,316.0
2024,2,1,13,0.37,4.7,11.0,3.1,299.0
2024,2,1,14,0.31,4.3,45.0,2.0,317.0
2024,2,1,15,0.35,4.8,33.0,3.1,309.0
2024,2,1,16,0.32,4.5,258.0,1.8,359.0
2024,2,1,17,0.28,4.1,45.0,2.2,20.0
2024,2,1,18,0.38,4.6,236.0,3.2,7.0
2024,2,1,19,0.33,4.4,56.0,3.7,32.0
2024,2,1,20,0.27,4.7,258.0,2.5,35.0
2024,2,1,21,0.29,4.3,22.0,2.2,60.0
2024,2,1,22,0.28,4.3,45.0,1.9,58.0
2024,2,1,23,0.24,4.7,11.0,1.3,96.0
2024,2,2,0,0.31,4.7,270.0,2.1,141.0
2024,2,2,1,0.31,5.0,281.0,2.1,159.0
2024,2,2,2,0.33,5.1,22.0,5.4,347.0
2024,2,2,3,0.49,3.4,22.0,7.6,24.0
2024,2,2,4,0.81,3.6,45.0,8.7,30.0
2024,2,2,5,1.05,3.8,22.0,9.0,5.0
2024,2,2,6,0.96,3.9,22.0,7.8,9.0
2024,2,2,7,0.91,3.8,22.0,6.4,19.0
2024,2,2,8,1.04,4.0,337.0,7.6,356.0
2024,2,2,9,1.47,4.5,326.0,7.6,359.0
2024,2,2,10,1.47,4.6,348.0,9.1,352.0
2024,2,2,11,1.68,4.7,0.0,10.6,4.0
2024,2,2,12,2.1,5.1,0.0,10.8,14.0
2024,2,2,13,2.15,5.2,0.0,11.3,360.0
2024,2,2,14,2.15,5.4,22.0,10.9,20.0
2024,2,2,15,2.62,5.7,0.0,11.7,356.0
2024,2,2,16,2.77,5.8,11.0,12.3,4.0
2024,2,2,17,2.48,5.6,0.0,12.5,3.0
2024,2,2,18,2.88,5.9,22.0,12.0,3.0
2024,2,2,19,2.47,5.7,22.0,10.6,6.0
2024,2,2,20,2.38,5.7,0.0,11.1,8.0
2024,2,2,21,2.32,5.4,11.0,10.6,15.0
2024,2,2,22,2.2,5.6,11.0,11.2,10.0
2024,2,2,23,2.22,5.7,22.0,10.0,11.0
2024,2,3,0,2.12,5.7,348.0,10.2,3.0
2024,2,3,1,2.16,5.4,11.0,11.4,357.0
2024,2,3,2,2.45,5.8,0.0,11.5,360.0
2024,2,3,3,2.41,5.8,33.0,10.9,1.0
2024,2,3,4,2.34,5.6,11.0,10.9,360.0
2024,2,3,5,2.26,5.4,11.0,10.5,5.0
2024,2,3,6,2.37,5.5,22.0,11.5,9.0
2024,2,3,7,2.01,5.1,22.0,11.0,17.0
2024,2,3,8,1.82,5.0,22.0,10.5,20.0
2024,2,3,9,1.8,5.1,22.0,9.1,20.0
2024,2,3,10,1.72,5.3,22.0,7.7,14.0
2024,2,3,11,1.61,5.4,0.0,7.3,12.0
2024,2,3,12,1.5,5.0,0.0,9.3,353.0
2024,2,3,13,1.57,5.0,11.0,9.6,357.0
2024,2,3,14,1.86,5.2,22.0,9.8,15.0
2024,2,3,15,1.64,4.9,11.0,9.4,18.0
2024,2,3,16,1.78,5.3,11.0,9.5,5.0
2024,2,3,17,1.9,5.3,11.0,9.6,5.0
2024,2,3,18,1.59,4.9,22.0,9.0,12.0
2024,2,3,19,1.49,4.9,11.0,7.7,14.0
2024,2,3,20,1.34,4.9,22.0,7.7,1.0
2024,2,3,21,1.19,4.6,22.0,7.8,11.0
2024,2,3,22,1.16,4.7,11.0,7.1,13.0
2024,2,3,23,1.25,4.5,22.0,8.3,19.0
2024,2,4,0,1.23,4.6,33.0,7.8,358.0
2024,2,4,1,1.27,4.6,33.0,8.7,9.0
2024,2,4,2,1.33,4.6,33.0,8.4,9.0
2024,2,4,3,1.38,4.7,22.0,8.8,10.0
2024,2,4,4,1.62,4.8,33.0,9.2,15.0
2024,2,4,5,1.78,4.8,33.0,10.5,11.0
2024,2,4,6,1.87,5.0,22.0,10.7,5.0
2024,2,4,7,1.93,5.1,22.0,10.3,359.0
2024,2,4,8,2.29,5.7,11.0,10.1,7.0
2024,2,4,9,1.83,5.5,11.0,9.7,11.0
2024,2,4,10,1.77,5.2,11.0,9.4,9.0
2024,2,4,11,1.73,5.2,11.0,9.4,5.0
2024,2,4,12,1.78,5.3,0.0,8.9,4.0
2024,2,4,13,1.98,5.6,0.0,8.5,2.0
2024,2,4,14,2.01,5.7,11.0,6.7,3.0
2024,2,4,15,1.81,5.7,0.0,7.5,360.0
2024,2,4,16,1.67,5.8,11.0,4.9,23.0
2024,2,4,17,1.84,6.2,11.0,7.2,338.0
2024,2,4,18,1.67,5.6,0.0,7.7,349.0
2024,2,4,19,1.59,5.5,11.0,6.0,356.0
2024,2,4,20,1.5,5.4,11.0,7.0,12.0
2024,2,4,21,1.53,4.9,11.0,11.3,356.0
2024,2,4,22,1.95,5.0,0.0,12.4,15.0
2024,2,4,23,1.97,5.1,11.0,10.7,14.0
2024,2,5,0,1.98,5.4,11.0,9.3,44.0
2024,2,5,1,1.61,5.6,11.0,8.1,40.0
2024,2,5,2,1.57,5.6,22.0,8.0,42.0
2024,2,5,3,1.39,5.2,22.0,8.4,37.0
2024,2,5,4,1.53,5.2,22.0,9.0,27.0
2024,2,5,5,1.76,5.2,22.0,10.0,14.0
2024,2,5,6,1.5,5.0,22.0,11.4,17.0
2024,2,5,7,1.78,5.1,22.0,10.6,20.0
2024,2,5,8,1.58,5.1,22.0,9.0,21.0
2024,2,5,9,1.35,4.9,11.0,9.8,6.0
2024,2,5,10,1.33,4.6,22.0,10.3,360.0
2024,2,5,11,1.3,4.8,11.0,10.7,11.0
2024,2,5,12,1.6,4.6,11.0,11.1,9.0
2024,2,5,13,1.89,4.9,11.0,10.3,13.0
2024,2,5,14,1.55,4.9,11.0,7.8,14.0
2024,2,5,15,1.36,4.9,22.0,8.6,348.0
2024,2,5,16,1.74,5.1,11.0,11.1,351.0
2024,2,5,17,2.29,5.6,11.0,12.0,2.0
2024,2,5,18,2.34,5.4,22.0,12.8,5.0
2024,2,5,19,2.43,5.5,11.0,11.2,8.0
2024,2,5,20,2.51,5.7,11.0,12.6,7.0
2024,2,5,21,2.57,5.8,11.0,12.7,9.0
2024,2,5,22,2.5,5.7,11.0,13.0,9.0
2024,2,5,23,2.83,6.0,0.0,12.5,11.0
2024,2,6,0,2.66,6.0,22.0,12.2,14.0
2024,2,6,1,2.73,5.9,11.0,12.5,6.0
2024,2,6,2,2.78,6.0,0.0,11.4,10.0
2024,2,6,3,2.26,5.8,0.0,10.0,14.0
2024,2,6,4,2.29,5.8,0.0,8.8,10.0
2024,2,6,5,2.33,5.9,0.0,11.0,3.0
2024,2,6,6,2.63,5.6,11.0,13.1,6.0
2024,2,6,7,2.69,5.8,11.0,10.9,10.0
2024,2,6,8,2.75,5.7,11.0,10.0,17.0
2024,2,6,9,2.38,5.7,0.0,8.7,10.0
2024,2,6,10,2.25,5.6,0.0,10.6,7.0
2024,2,6,11,2.38,5.5,11.0,10.6,14.0
2024,2,6,12,2.13,5.4,0.0,9.7,2.0
2024,2,6,13,2.02,5.2,11.0,10.2,359.0
2024,2,6,14,2.26,5.2,11.0,11.3,359.0
2024,2,6,15,2.32,5.2,0.0,11.3,359.0
2024,2,6,16,2.32,5.6,0.0,11.4,4.0
2024,2,6,17,2.32,5.4,0.0,11.6,6.0
2024,2,6,18,2.35,5.4,22.0,11.5,13.0
2024,2,6,19,2.09,5.3,22.0,10.7,9.0
2024,2,6,20,2.11,5.5,11.0,10.4,6.0
2024,2,6,21,2.31,5.5,11.0,11.0,8.0
2024,2,6,22,2.09,5.4,0.0,11.0,5.0
2024,2,6,23,2.31,5.4,0.0,11.6,11.0
2024,2,7,0,2.15,5.4,11.0,10.3,15.0
2024,2,7,1,1.91,5.4,11.0,8.7,8.0
2024,2,7,2,2.0,5.5,348.0,8.6,9.0
2024,2,7,3,1.96,5.5,0.0,10.1,356.0
2024,2,7,4,2.46,5.6,0.0,12.9,356.0
2024,2,7,5,2.65,5.8,11.0,12.1,15.0
2024,2,7,6,2.45,6.1,0.0,11.4,13.0
2024,2,7,7,2.8,6.1,11.0,10.9,11.0
2024,2,7,8,2.71,5.8,11.0,11.0,10.0
2024,2,7,9,2.65,6.0,11.0,11.4,7.0
2024,2,7,10,2.74,5.9,0.0,11.5,2.0
2024,2,7,11,2.66,6.0,0.0,11.4,11.0
2024,2,7,12,2.53,5.7,0.0,11.8,14.0
2024,2,7,13,2.4,5.5,0.0,11.5,11.0
2024,2,7,14,2.32,5.6,11.0,12.5,1.0
2024,2,7,15,2.49,5.6,0.0,14.4,360.0
2024,2,7,16,3.38,6.1,11.0,15.0,13.0
2024,2,7,17,3.05,5.7,0.0,14.3,14.0
2024,2,7,18,3.32,6.1,22.0,14.8,11.0
2024,2,7,19,3.37,6.5,0.0,15.7,14.0
2024,2,7,20,3.99,6.5,348.0,14.6,30.0
2024,2,7,21,3.63,6.5,11.0,14.0,17.0
2024,2,7,22,2.79,5.9,0.0,13.7,22.0
2024,2,7,23,3.04,5.8,11.0,14.6,10.0
2024,2,8,0,2.95,5.7,11.0,14.6,22.0
2024,2,8,1,3.05,6.0,0.0,14.4,4.0
2024,2,8,2,3.3,6.2,0.0,14.9,15.0
2024,2,8,3,2.95,6.0,11.0,14.8,20.0
2024,2,8,4,3.73,6.6,0.0,14.8,13.0
2024,2,8,5,3.32,6.3,0.0,15.2,18.0
2024,2,8,6,3.38,6.4,11.0,14.4,18.0
2024,2,8,7,3.1,6.2,0.0,13.7,13.0
2024,2,8,8,3.24,6.0,11.0,13.5,23.0
2024,2,8,9,3.27,6.1,22.0,12.7,19.0
2024,2,8,10,3.01,6.0,11.0,13.6,15.0
2024,2,8,11,3.07,6.0,0.0,13.9,12.0
2024,2,8,12,3.33,6.1,0.0,14.5,3.0
2024,2,8,13,2.89,5.7,11.0,14.4,14.0
2024,2,8,14,3.25,6.1,0.0,14.7,14.0
2024,2,8,15,2.92,5.5,0.0,14.7,21.0
2024,2,8,16,3.13,5.9,11.0,14.7,22.0
2024,2,8,17,2.9,5.8,11.0,14.5,17.0
2024,2,8,18,2.94,5.8,11.0,14.9,13.0
2024,2,8,19,2.93,5.9,0.0,14.3,23.0
2024,2,8,20,2.72,5.7,22.0,13.3,15.0
2024,2,8,21,2.97,6.0,11.0,13.3,16.0
2024,2,8,22,2.68,5.6,11.0,13.0,27.0
2024,2,8,23,2.8,5.8,0.0,13.1,24.0
2024,2,9,0,2.61,5.7,11.0,12.9,18.0
2024,2,9,1,2.35,5.6,0.0,12.4,17.0
2024,2,9,2,2.73,5.6,11.0,13.1,2.0
2024,2,9,3,2.84,6.0,0.0,14.3,359.0
2024,2,9,4,3.26,6.0,0.0,13.7,1.0
2024,2,9,5,2.67,5.8,348.0,13.1,10.0
2024,2,9,6,2.87,6.1,0.0,12.9,14.0
2024,2,9,7,2.54,5.7,22.0,13.8,7.0
2024,2,9,8,3.0,5.9,33.0,14.0,25.0
2024,2,9,9,3.13,5.9,22.0,14.2,10.0
2024,2,9,10,3.18,5.9,11.0,14.7,10.0
2024,2,9,11,2.86,5.8,22.0,13.5,12.0
2024,2,9,12,2.79,5.5,11.0,13.9,23.0
2024,2,9,13,2.84,5.6,11.0,13.1,10.0
2024,2,9,14,2.85,5.5,11.0,13.4,7.0
2024,2,9,15,2.21,5.1,11.0,13.0,11.0
2024,2,9,16,2.42,5.5,0.0,12.4,12.0
2024,2,9,17,2.18,5.2,22.0,12.5,16.0
2024,2,9,18,2.23,5.4,0.0,12.7,21.0
2024,2,9,19,2.24,5.3,11.0,12.1,23.0
2024,2,9,20,2.38,5.5,22.0,12.1,32.0
2024,2,9,21,2.24,5.2,33.0,11.8,37.0
2024,2,9,22,2.3,5.4,22.0,12.5,19.0
2024,2,9,23,2.48,5.4,33.0,12.0,17.0
2024,2,10,0,2.19,5.2,22.0,12.3,17.0
2024,2,10,1,2.11,5.2,22.0,13.1,18.0
2024,2,10,2,2.06,5.2,11.0,12.6,21.0
2024,2,10,3,1.99,5.1,22.0,12.8,23.0
2024,2,10,4,1.91,4.9,11.0,12.5,21.0
2024,2,10,5,2.48,5.4,11.0,13.6,22.0
2024,2,10,6,2.25,5.3,22.0,13.6,22.0
2024,2,10,7,2.35,5.6,11.0,13.9,19.0
2024,2,10,8,2.5,5.7,22.0,14.8,17.0
2024,2,10,9,2.5,5.5,22.0,13.7,17.0
2024,2,10,10,2.65,5.7,22.0,13.5,16.0
2024,2,10,11,2.26,5.1,33.0,13.7,13.0
2024,2,10,12,2.38,5.2,22.0,12.8,5.0
2024,2,10,13,2.35,5.2,11.0,12.8,9.0
2024,2,10,14,2.08,4.9,22.0,12.5,8.0
2024,2,10,15,2.16,5.0,11.0,12.3,5.0
2024,2,10,16,2.11,5.1,11.0,12.0,7.0
2024,2,10,17,2.15,5.2,11.0,12.1,8.0
2024,2,10,18,2.08,5.1,11.0,11.7,7.0
2024,2,10,19,1.94,5.2,0.0,10.6,14.0
2024,2,10,20,1.75,5.1,11.0,10.8,12.0
2024,2,10,21,1.84,5.3,22.0,10.9,18.0
2024,2,10,22,1.97,5.2,33.0,10.5,34.0
2024,2,10,23,2.13,5.3,22.0,10.5,20.0
2024,2,11,0,1.83,5.1,22.0,9.8,20.0
2024,2,11,1,1.51,4.7,11.0,9.8,9.0
2024,2,11,2,1.55,4.8,22.0,10.6,15.0
2024,2,11,3,1.74,4.9,22.0,10.2,15.0
2024,2,11,4,1.36,4.5,22.0,10.8,13.0
2024,2,11,5,1.6,4.7,33.0,10.7,23.0
2024,2,11,6,1.89,5.0,22.0,12.5,22.0
2024,2,11,7,2.03,5.3,22.0,11.6,39.0
2024,2,11,8,1.91,5.3,33.0,11.0,37.0
2024,2,11,9,2.36,5.6,33.0,11.6,36.0
2024,2,11,10,2.14,5.5,33.0,9.7,20.0
2024,2,11,11,2.02,5.1,22.0,10.8,2.0
2024,2,11,12,2.43,5.4,22.0,12.1,359.0
2024,2,11,13,2.3,5.1,22.0,12.0,2.0
2024,2,11,14,1.8,4.8,22.0,11.9,359.0
2024,2,11,15,2.12,4.9,11.0,12.0,359.0
2024,2,11,16,1.79,4.7,22.0,12.6,359.0
2024,2,11,17,2.41,4.9,11.0,12.8,3.0
2024,2,11,18,2.24,5.2,11.0,12.6,5.0
2024,2,11,19,2.3,5.2,33.0,12.4,21.0
2024,2,11,20,2.29,5.6,22.0,12.4,8.0
2024,2,11,21,2.22,5.4,22.0,11.0,16.0
2024,2,11,22,2.1,5.5,33.0,10.2,26.0
2024,2,11,23,1.74,5.2,33.0,9.3,22.0
2024,2,12,0,2.05,5.3,22.0,8.7,19.0
2024,2,12,1,1.75,5.1,33.0,8.9,18.0
2024,2,12,2,1.66,4.9,22.0,8.3,27.0
2024,2,12,3,1.41,4.9,22.0,8.3,23.0
2024,2,12,4,1.29,5.0,22.0,6.9,25.0
2024,2,12,5,1.28,4.9,22.0,6.2,39.0
2024,2,12,6,1.14,5.0,33.0,5.3,54.0
2024,2,12,7,1.21,5.3,33.0,4.3,47.0
2024,2,12,8,1.17,5.2,22.0,3.6,57.0
2024,2,12,9,1.26,5.6,33.0,2.1,51.0
2024,2,12,11,1.33,5.4,22.0,1.7,308.0
2024,2,12,12,1.16,4.8,33.0,3.1,324.0
2024,2,12,13,1.28,4.9,33.0,2.5,333.0
2024,2,12,14,1.07,4.6,22.0,2.6,325.0
2024,2,12,15,1.18,5.1,348.0,3.8,316.0
2024,2,12,16,1.09,4.7,348.0,4.7,328.0
2024,2,12,17,1.27,4.7,0.0,5.4,337.0
2024,2,12,18,1.24,4.7,0.0,3.3,353.0
2024,2,12,19,1.13,4.9,348.0,1.2,354.0
2024,2,12,21,1.25,5.1,0.0,1.7,266.0
2024,2,12,22,1.0,5.0,22.0,3.1,274.0
2024,2,12,23,1.02,4.9,22.0,1.8,272.0
2024,2,13,2,0.9,4.8,33.0,2.5,163.0
2024,2,13,3,0.9,4.8,22.0,3.7,180.0
2024,2,13,4,0.8,4.6,22.0,3.5,155.0
2024,2,13,5,0.84,4.8,22.0,3.4,147.0
2024,2,13,6,0.74,4.7,0.0,1.3,175.0
2024,2,13,7,0.61,4.7,11.0,1.4,186.0
2024,2,13,9,0.57,4.8,0.0,1.2,223.0
2024,2,13,10,0.56,4.7,22.0,2.0,295.0
2024,2,13,11,0.55,4.6,22.0,2.8,315.0
2024,2,13,12,0.58,4.5,22.0,4.1,325.0
2024,2,13,13,0.52,4.0,33.0,3.1,343.0
2024,2,13,14,0.59,4.0,33.0,2.8,349.0
2024,2,13,15,0.51,3.9,33.0,2.4,343.0
2024,2,13,16,0.54,4.3,22.0,3.6,346.0
2024,2,13,17,0.5,4.2,0.0,3.9,13.0
2024,2,13,18,0.44,4.2,22.0,4.5,46.0
2024,2,13,19,0.39,4.2,11.0,4.2,63.0
2024,2,13,20,0.44,4.2,45.0,2.4,44.0
2024,2,13,21,0.35,4.1,0.0,2.3,42.0
2024,2,13,22,0.36,4.4,0.0,1.2,37.0
2024,2,14,0,0.33,4.4,33.0,2.3,195.0
2024,2,14,1,0.29,4.3,56.0,2.9,166.0
2024,2,14,2,0.32,4.6,33.0,1.9,137.0
2024,2,14,5,0.3,4.5,45.0,1.2,43.0
2024,2,14,6,0.3,4.6,22.0,1.7,133.0
2024,2,14,7,0.33,4.6,22.0,2.0,144.0
2024,2,14,11,0.3,4.5,22.0,2.6,337.0
2024,2,14,12,0.29,4.6,11.0,1.9,345.0
2024,2,14,13,0.27,4.4,0.0,2.2,351.0
2024,2,14,14,0.27,4.5,22.0,3.8,341.0
2024,2,14,15,0.29,4.4,11.0,4.6,338.0
2024,2,14,16,0.35,4.3,22.0,3.6,347.0
2024,2,14,17,0.3,4.4,22.0,3.4,3.0
2024,2,14,18,0.25,4.2,22.0,3.6,24.0
2024,2,14,19,0.29,4.5,45.0,3.7,37.0
2024,2,14,20,0.26,4.2,45.0,3.7,44.0
2024,2,14,21,0.27,4.5,11.0,3.4,45.0
2024,2,14,22,0.23,4.3,33.0,2.2,61.0
2024,2,14,23,0.21,4.4,33.0,2.3,74.0
2024,2,15,0,0.24,4.2,22.0,1.6,138.0
2024,2,15,1,0.3,5.1,22.0,1.7,142.0
2024,2,15,2,0.25,4.8,11.0,2.4,138.0
2024,2,15,3,0.29,4.9,22.0,2.5,153.0
2024,2,15,4,0.25,4.6,22.0,2.4,167.0
2024,2,15,5,0.25,4.8,45.0,3.5,136.0
2024,2,15,6,0.28,5.0,22.0,1.4,129.0
2024,2,15,7,0.23,4.7,348.0,1.2,116.0
2024,2,15,8,0.22,4.7,292.0,1.4,122.0
2024,2,15,9,0.23,4.9,348.0,1.3,146.0
2024,2,15,12,0.22,4.4,348.0,1.6,278.0
2024,2,15,13,0.27,4.8,348.0,2.6,272.0
2024,2,15,14,0.26,4.4,348.0,3.0,280.0
2024,2,15,15,0.27,4.7,11.0,2.4,279.0
2024,2,15,16,0.26,4.9,11.0,3.3,294.0
2024,2,15,17,0.26,4.7,348.0,3.2,296.0
2024,2,15,18,0.29,4.9,247.0,1.6,324.0
2024,2,15,19,0.28,4.8,315.0,2.2,61.0
2024,2,15,20,0.25,4.9,45.0,2.5,55.0
2024,2,15,21,0.26,4.8,337.0,2.5,43.0
2024,2,15,22,0.29,3.6,45.0,11.3,29.0
2024,2,15,23,1.08,4.0,33.0,11.0,27.0
2024,2,16,0,1.88,4.9,33.0,12.3,24.0
2024,2,16,1,2.37,5.4,33.0,13.0,25.0
2024,2,16,2,2.59,5.6,22.0,13.2,8.0
2024,2,16,3,3.06,6.1,22.0,13.0,11.0
2024,2,16,4,2.97,6.2,0.0,13.1,13.0
2024,2,16,5,2.87,6.1,0.0,12.6,14.0
2024,2,16,6,3.17,6.3,11.0,14.0,8.0
2024,2,16,7,3.24,6.4,348.0,13.8,10.0
2024,2,16,8,3.35,6.1,0.0,13.9,14.0
2024,2,16,9,3.13,6.3,0.0,14.1,17.0
2024,2,16,10,2.98,6.1,0.0,12.5,19.0
2024,2,16,11,3.37,6.6,0.0,12.2,12.0
2024,2,16,12,3.05,6.2,0.0,11.9,8.0
2024,2,16,13,3.05,5.9,22.0,12.8,360.0
2024,2,16,14,2.95,6.2,0.0,12.7,360.0
2024,2,16,15,3.22,6.0,11.0,12.4,4.0
2024,2,16,16,2.84,5.8,11.0,12.4,10.0
2024,2,16,17,2.67,5.8,11.0,12.1,8.0
2024,2,16,18,2.41,5.6,11.0,11.6,9.0
2024,2,16,19,2.33,5.4,11.0,11.3,10.0
2024,2,16,20,2.04,5.4,0.0,10.6,18.0
2024,2,16,21,2.1,5.4,11.0,10.4,12.0
2024,2,16,22,1.89,5.6,0.0,9.5,21.0
2024,2,16,23,1.85,5.5,11.0,8.8,28.0
2024,2,17,0,1.66,5.3,22.0,8.5,37.0
2024,2,17,1,1.6,5.3,22.0,8.4,32.0
2024,2,17,2,1.73,5.1,22.0,8.1,35.0
2024,2,17,3,2.0,5.4,11.0,8.1,10.0
2024,2,17,4,1.9,5.4,22.0,8.8,1.0
2024,2,17,5,1.69,5.2,22.0,7.9,12.0
2024,2,17,6,1.6,5.1,22.0,6.7,21.0
2024,2,17,7,1.46,5.2,22.0,6.6,16.0
2024,2,17,8,1.27,5.1,22.0,6.1,17.0
2024,2,17,9,1.11,4.9,22.0,6.6,353.0
2024,2,17,10,1.13,4.6,11.0,6.8,357.0
2024,2,17,11,1.09,4.7,22.0,5.7,355.0
2024,2,17,12,1.03,4.5,33.0,7.2,358.0
2024,2,17,13,1.13,4.5,22.0,6.7,360.0
2024,2,17,14,0.99,4.5,33.0,6.7,9.0
2024,2,17,15,0.96,4.4,33.0,6.1,20.0
2024,2,17,16,1.02,4.8,33.0,5.6,15.0
2024,2,17,17,0.97,4.6,33.0,5.1,11.0
2024,2,17,18,0.93,4.8,33.0,4.6,18.0
2024,2,17,19,0.97,4.8,33.0,3.7,7.0
2024,2,17,20,0.84,4.8,33.0,2.4,9.0
2024,2,17,21,0.82,5.3,33.0,1.7,17.0
2024,2,17,22,0.71,4.9,22.0,1.9,19.0
2024,2,17,23,0.67,5.0,22.0,1.4,14.0
2024,2,18,0,0.62,4.9,22.0,2.0,23.0
2024,2,18,1,0.6,5.1,33.0,2.1,16.0
2024,2,18,2,0.61,4.9,33.0,1.8,53.0
2024,2,18,3,0.56,5.0,33.0,2.6,23.0
2024,2,18,4,0.63,5.3,33.0,3.4,18.0
2024,2,18,5,0.63,5.2,22.0,4.4,28.0
2024,2,18,6,0.62,4.6,22.0,4.1,36.0
2024,2,18,7,0.61,4.6,33.0,4.0,55.0
2024,2,18,8,0.65,4.9,45.0,3.8,39.0
2024,2,18,9,0.66,5.0,33.0,3.4,64.0
2024,2,18,12,0.46,4.8,22.0,1.8,4.0
2024,2,18,13,0.41,5.0,22.0,2.9,335.0
2024,2,18,14,0.44,5.0,33.0,1.4,350.0
2024,2,18,15,0.43,5.3,0.0,1.6,285.0
2024,2,18,16,0.46,5.5,0.0,2.7,257.0
2024,2,18,17,0.49,5.7,22.0,2.3,265.0
2024,2,18,18,0.45,5.6,0.0,1.5,276.0
2024,2,18,23,0.37,5.2,22.0,1.4,63.0
2024,2,19,0,0.33,5.2,45.0,2.4,140.0
2024,2,19,1,0.36,5.1,0.0,2.8,150.0
2024,2,19,2,0.3,5.1,11.0,3.7,157.0
2024,2,19,3,0.37,5.3,22.0,3.3,152.0
2024,2,19,4,0.44,4.2,247.0,2.9,149.0
2024,2,19,5,0.47,4.5,247.0,3.4,144.0
2024,2,19,7,0.58,4.3,247.0,5.1,152.0
2024,2,19,8,0.61,4.6,258.0,3.8,164.0
2024,2,19,9,0.58,4.4,247.0,3.8,168.0
2024,2,19,10,0.51,4.6,247.0,2.0,203.0
2024,2,19,11,0.54,4.6,258.0,3.1,237.0
2024,2,19,12,0.46,4.8,337.0,3.4,248.0
2024,2,19,13,0.5,5.1,33.0,3.3,258.0
2024,2,19,14,0.46,4.6,11.0,2.8,215.0
2024,2,19,15,0.4,4.3,348.0,3.6,232.0
2024,2,19,16,0.45,4.2,292.0,3.5,233.0
2024,2,19,17,0.42,3.9,236.0,3.4,214.0
2024,2,19,18,0.46,3.9,236.0,4.9,207.0
2024,2,19,19,0.53,3.8,247.0,4.8,207.0
2024,2,19,20,0.44,3.7,258.0,5.5,203.0
2024,2,19,23,0.39,3.8,258.0,4.1,200.0
2024,2,20,0,0.38,3.4,292.0,3.6,165.0
2024,2,20,1,0.41,3.7,281.0,2.0,243.0
2024,2,20,2,0.38,3.4,292.0,2.4,271.0
2024,2,20,3,0.38,3.5,270.0,3.4,268.0
2024,2,20,4,0.38,3.5,281.0,4.3,248.0
2024,2,20,5,0.36,3.5,303.0,2.9,191.0
2024,2,20,6,0.33,3.6,258.0,1.4,172.0
2024,2,20,7,0.43,3.8,33.0,1.1,245.0
2024,2,20,8,0.32,3.7,0.0,1.4,270.0
2024,2,20,11,0.34,4.1,33.0,1.1,47.0
2024,2,20,13,0.29,4.6,56.0,3.1,178.0
2024,2,20,14,0.28,4.7,258.0,2.8,238.0
2024,2,20,15,0.25,4.6,11.0,4.1,221.0
2024,2,20,16,0.24,4.5,33.0,2.7,207.0
2024,2,20,17,0.27,4.7,45.0,4.1,211.0
2024,2,20,18,0.27,4.2,225.0,3.8,206.0
2024,2,20,19,0.27,3.7,236.0,4.9,214.0
2024,2,20,20,0.3,3.4,247.0,4.9,215.0
2024,2,20,21,0.34,3.4,258.0,4.8,209.0
2024,2,20,22,0.34,3.4,258.0,4.5,191.0
2024,2,20,23,0.32,3.3,247.0,2.8,192.0
2024,2,21,0,0.32,3.5,258.0,4.0,183.0
2024,2,21,1,0.36,3.7,258.0,3.9,181.0
2024,2,21,2,0.35,3.8,258.0,4.4,178.0
2024,2,21,3,0.47,3.8,247.0,3.9,180.0
2024,2,21,4,0.49,3.9,247.0,3.3,153.0
2024,2,21,5,0.59,3.9,247.0,3.6,150.0
2024,2,21,6,0.73,4.0,247.0,4.7,164.0
2024,2,21,7,0.73,3.9,247.0,3.8,172.0
2024,2,21,8,0.66,3.8,258.0,2.5,151.0
2024,2,21,9,0.63,4.2,247.0,1.8,156.0
2024,2,21,12,0.47,4.2,270.0,2.2,259.0
2024,2,21,13,0.43,4.1,281.0,3.9,272.0
2024,2,21,14,0.45,4.1,0.0,4.2,275.0
2024,2,21,15,0.46,4.2,270.0,5.0,255.0
2024,2,21,16,0.48,3.9,11.0,4.0,234.0
2024,2,21,17,0.61,3.7,270.0,5.8,225.0
2024,2,21,18,0.79,3.9,258.0,5.3,215.0
2024,2,21,19,1.03,4.2,247.0,7.2,213.0
2024,2,21,20,1.01,4.2,247.0,7.9,195.0
2024,2,21,21,0.9,3.9,236.0,6.3,177.0
2024,2,21,22,0.78,3.9,247.0,6.2,160.0
2024,2,21,23,0.62,4.0,258.0,4.0,206.0
2024,2,22,0,0.6,4.2,270.0,2.9,224.0
2024,2,22,1,0.57,4.1,270.0,1.8,220.0
2024,2,22,2,0.62,4.2,258.0,2.2,231.0
2024,2,22,3,0.52,4.3,303.0,1.1,93.0
2024,2,22,4,0.51,4.3,247.0,3.5,68.0
2024,2,22,5,0.43,4.2,247.0,3.1,70.0
2024,2,22,6,0.46,4.3,33.0,2.5,71.0
2024,2,22,7,0.42,4.3,22.0,3.1,69.0
2024,2,22,8,0.55,4.6,33.0,2.9,44.0
2024,2,22,9,0.53,3.9,270.0,6.2,10.0
2024,2,22,10,0.74,3.6,11.0,6.2,3.0
2024,2,22,11,1.01,4.2,348.0,8.0,360.0
2024,2,22,12,1.44,4.3,337.0,8.7,8.0
2024,2,22,13,1.64,4.7,348.0,10.6,2.0
2024,2,22,14,2.25,5.5,348.0,11.3,6.0
2024,2,22,15,2.59,5.7,0.0,12.2,3.0
2024,2,22,16,2.59,6.0,0.0,12.5,360.0
2024,2,22,17,2.72,6.0,348.0,11.9,5.0
2024,2,22,18,2.78,6.4,0.0,11.3,9.0
2024,2,22,19,3.16,6.5,0.0,11.6,8.0
2024,2,22,20,2.93,6.5,0.0,10.9,11.0
2024,2,22,21,3.03,6.3,22.0,10.7,13.0
2024,2,22,22,3.24,6.5,0.0,11.3,12.0
2024,2,22,23,3.37,6.5,11.0,11.6,13.0
2024,2,23,0,2.92,6.1,11.0,12.9,11.0
2024,2,23,1,2.82,6.0,0.0,13.5,8.0
2024,2,23,2,3.01,5.9,0.0,14.3,8.0
2024,2,23,3,3.0,6.3,0.0,12.7,26.0
2024,2,23,4,2.72,6.0,0.0,12.5,20.0
2024,2,23,5,2.47,6.0,0.0,11.6,21.0
2024,2,23,6,2.25,5.9,0.0,8.4,27.0
2024,2,23,7,2.44,6.4,0.0,9.8,12.0
2024,2,23,8,2.45,5.9,11.0,11.6,9.0
2024,2,23,9,2.86,6.0,0.0,13.1,14.0
2024,2,23,10,3.55,6.2,11.0,14.7,12.0
2024,2,23,11,2.85,6.0,11.0,13.3,16.0
2024,2,23,12,2.72,5.9,0.0,12.7,12.0
2024,2,23,13,2.86,5.7,11.0,13.6,16.0
2024,2,23,14,2.93,6.0,11.0,12.4,14.0
2024,2,23,15,2.81,5.9,0.0,12.7,10.0
2024,2,23,16,2.5,5.4,11.0,13.6,7.0
2024,2,23,17,2.59,5.5,0.0,13.8,8.0
2024,2,23,18,2.79,6.0,0.0,13.9,9.0
2024,2,23,19,2.68,5.8,0.0,13.4,13.0
2024,2,23,20,3.05,6.0,0.0,13.4,17.0
2024,2,23,21,2.95,6.2,11.0,12.8,14.0
2024,2,23,22,2.64,5.7,22.0,13.1,10.0
2024,2,23,23,2.93,5.9,22.0,13.1,9.0
2024,2,24,0,2.61,5.5,22.0,13.7,14.0
2024,2,24,1,2.64,5.8,0.0,12.7,21.0
2024,2,24,2,2.35,5.6,0.0,11.5,23.0
2024,2,24,3,2.39,5.8,11.0,11.6,13.0
2024,2,24,4,2.45,5.8,22.0,13.8,8.0
2024,2,24,5,2.65,5.5,22.0,13.2,15.0
2024,2,24,6,2.42,5.6,11.0,13.4,30.0
2024,2,24,7,2.38,5.5,22.0,11.8,26.0
2024,2,24,8,2.33,5.7,348.0,10.2,22.0
2024,2,24,9,2.25,5.7,22.0,9.0,12.0
2024,2,24,10,2.06,5.3,11.0,9.4,5.0
2024,2,24,11,2.02,5.1,11.0,11.3,7.0
2024,2,24,12,2.17,5.2,22.0,12.5,2.0
2024,2,24,13,2.38,5.4,22.0,12.2,12.0
2024,2,24,14,2.11,5.1,11.0,11.3,6.0
2024,2,24,15,1.73,4.8,11.0,10.1,12.0
2024,2,24,16,1.73,4.8,0.0,10.1,6.0
2024,2,24,17,1.58,4.8,11.0,10.5,12.0
2024,2,24,18,1.7,4.9,11.0,10.7,6.0
2024,2,24,19,1.5,4.8,0.0,9.9,14.0
2024,2,24,20,1.9,5.2,11.0,10.5,10.0
2024,2,24,21,1.81,5.0,11.0,10.6,18.0
2024,2,24,22,1.89,5.1,22.0,10.3,14.0
2024,2,24,23,1.72,5.0,22.0,9.7,42.0
2024,2,25,0,1.6,4.9,11.0,10.2,16.0
2024,2,25,1,1.85,4.8,22.0,12.0,15.0
2024,2,25,2,1.64,4.8,11.0,12.2,20.0
2024,2,25,3,1.73,4.9,11.0,12.2,25.0
2024,2,25,4,1.72,5.0,11.0,12.0,15.0
2024,2,25,5,1.59,4.9,11.0,12.1,20.0
2024,2,25,6,1.71,4.9,11.0,11.8,23.0
2024,2,25,7,1.78,5.1,11.0,12.1,27.0
2024,2,25,8,1.97,5.4,11.0,11.5,17.0
2024,2,25,9,2.12,5.3,22.0,11.9,12.0
2024,2,25,10,2.27,5.3,22.0,11.8,8.0
2024,2,25,11,2.2,5.5,22.0,12.2,7.0
2024,2,25,12,2.41,5.3,22.0,12.7,7.0
2024,2,25,13,2.18,5.3,11.0,12.5,7.0
2024,2,25,14,2.44,5.4,22.0,12.3,6.0
2024,2,25,15,2.25,5.5,11.0,12.0,15.0
2024,2,25,16,1.92,5.1,11.0,11.9,8.0
2024,2,25,17,1.94,5.0,11.0,12.1,13.0
2024,2,25,18,2.01,5.2,11.0,12.4,14.0
2024,2,25,19,2.18,5.4,11.0,12.6,15.0
2024,2,25,20,2.36,5.5,11.0,12.6,18.0
2024,2,25,21,2.39,5.4,22.0,12.8,14.0
2024,2,25,22,2.78,6.0,33.0,12.9,16.0
2024,2,25,23,3.04,6.0,22.0,13.0,15.0
2024,2,26,0,2.45,5.5,11.0,12.9,17.0
2024,2,26,1,2.45,5.3,22.0,12.6,21.0
2024,2,26,2,2.45,5.4,22.0,12.9,21.0
2024,2,26,3,2.22,5.4,11.0,11.6,25.0
2024,2,26,4,2.22,5.4,22.0,12.6,19.0
2024,2,26,5,2.46,5.5,22.0,13.8,18.0
2024,2,26,6,2.36,5.4,11.0,13.5,18.0
2024,2,26,7,2.65,5.7,22.0,13.7,20.0
2024,2,26,8,2.56,5.9,22.0,13.1,24.0
2024,2,26,9,2.43,6.1,0.0,11.3,22.0
2024,2,26,10,2.72,6.2,22.0,12.3,20.0
2024,2,26,11,2.57,5.7,33.0,12.2,18.0
2024,2,26,12,2.94,5.7,11.0,11.8,8.0
2024,2,26,13,2.81,5.7,22.0,12.3,12.0
2024,2,26,14,2.3,5.2,11.0,12.0,12.0
2024,2,26,15,2.27,5.3,0.0,11.3,19.0
2024,2,26,16,2.32,5.5,11.0,11.9,15.0
2024,2,26,17,2.2,5.1,0.0,11.7,18.0
2024,2,26,18,2.3,5.1,11.0,12.6,18.0
2024,2,26,19,2.28,5.1,11.0,13.5,17.0
2024,2,26,20,2.32,5.4,11.0,12.9,22.0
2024,2,26,21,2.74,5.7,11.0,13.4,20.0
2024,2,26,22,2.49,5.6,11.0,13.7,20.0
2024,2,26,23,3.43,6.0,11.0,13.4,22.0
2024,2,27,0,2.81,5.7,22.0,13.4,18.0
2024,2,27,1,2.71,5.7,22.0,13.7,17.0
2024,2,27,2,2.7,5.8,11.0,13.8,21.0
2024,2,27,3,2.61,5.5,22.0,12.9,21.0
2024,2,27,4,2.22,5.2,11.0,12.9,14.0
2024,2,27,5,2.25,5.4,0.0,12.8,23.0
2024,2,27,6,2.12,5.3,11.0,12.8,15.0
2024,2,27,7,2.29,5.3,0.0,13.6,16.0
2024,2,27,8,2.33,5.5,11.0,13.1,22.0
2024,2,27,9,2.79,5.8,11.0,13.8,18.0
2024,2,27,10,3.05,5.9,11.0,13.2,11.0
2024,2,27,11,2.95,5.7,22.0,12.7,23.0
2024,2,27,12,3.13,5.9,22.0,12.4,20.0
2024,2,27,13,2.58,5.6,22.0,11.8,23.0
2024,2,27,14,2.21,5.3,11.0,10.3,19.0
2024,2,27,15,2.21,5.4,22.0,10.6,10.0
2024,2,27,16,2.17,5.4,11.0,11.3,11.0
2024,2,27,17,1.8,4.9,11.0,12.0,15.0
2024,2,27,18,1.98,5.3,11.0,12.0,20.0
2024,2,27,19,2.15,5.2,11.0,12.5,19.0
2024,2,27,20,1.87,5.0,0.0,12.1,22.0
2024,2,27,21,2.22,5.6,22.0,11.1,35.0
2024,2,27,22,2.09,5.6,33.0,10.4,41.0
2024,2,27,23,2.56,5.7,22.0,9.3,28.0
2024,2,28,0,2.18,5.5,11.0,9.8,15.0
2024,2,28,1,2.06,5.5,33.0,10.3,14.0
2024,2,28,2,2.11,5.2,22.0,11.1,23.0
2024,2,28,3,2.53,5.5,11.0,9.4,21.0
2024,2,28,4,1.83,5.4,0.0,8.4,34.0
2024,2,28,5,1.86,5.4,22.0,9.3,27.0
2024,2,28,6,2.08,5.4,11.0,10.4,17.0
2024,2,28,7,1.92,5.4,11.0,7.5,28.0
2024,2,28,8,1.8,5.6,11.0,6.9,46.0
2024,2,28,9,1.68,5.5,22.0,7.2,28.0
2024,2,28,10,1.6,5.4,11.0,5.6,33.0
2024,2,28,11,2.02,6.0,0.0,5.2,8.0
2024,2,28,12,1.73,5.6,11.0,4.9,27.0
2024,2,28,13,1.61,5.3,11.0,5.4,8.0
2024,2,28,14,1.49,5.2,22.0,6.8,357.0
2024,2,28,15,1.6,5.0,22.0,8.8,8.0
2024,2,28,16,1.68,4.9,22.0,9.2,11.0
2024,2,28,17,1.67,5.0,0.0,9.0,20.0
2024,2,28,18,1.5,4.6,22.0,10.1,11.0
2024,2,28,19,1.48,4.6,22.0,10.9,16.0
2024,2,28,20,1.58,5.0,33.0,8.8,31.0
2024,2,28,21,1.37,4.9,22.0,8.6,33.0
2024,2,28,22,1.39,4.9,22.0,7.6,21.0
2024,2,28,23,1.36,4.9,45.0,7.4,28.0
2024,2,29,0,1.31,5.0,33.0,6.3,39.0
2024,2,29,1,1.27,4.9,33.0,5.2,35.0
2024,2,29,2,1.2,5.0,33.0,5.7,24.0
2024,2,29,3,1.22,5.0,11.0,6.5,23.0
2024,2,29,4,1.26,4.8,11.0,8.2,28.0
2024,2,29,5,1.01,4.5,33.0,7.2,36.0
2024,2,29,6,1.07,4.6,22.0,7.8,37.0
2024,2,29,7,0.99,4.6,22.0,6.6,47.0
2024,2,29,8,1.05,4.8,33.0,4.3,38.0
2024,2,29,9,0.89,5.1,22.0,2.8,31.0
2024,2,29,10,0.83,5.1,11.0,1.8,2.0
2024,2,29,11,0.91,5.1,22.0,2.6,358.0
2024,2,29,12,0.97,5.5,0.0,4.1,340.0
2024,2,29,13,0.91,5.1,22.0,6.0,360.0
2024,2,29,14,1.1,5.0,0.0,6.2,4.0
2024,2,29,15,1.2,4.5,11.0,8.9,2.0
2024,2,29,16,1.57,4.7,22.0,10.8,2.0
2024,2,29,17,1.96,4.9,11.0,12.0,11.0
2024,2,29,18,1.99,4.9,11.0,12.0,15.0
2024,2,29,19,1.83,5.0,11.0,12.7,23.0
2024,2,29,20,1.73,5.0,33.0,9.2,40.0
2024,2,29,21,1.37,4.9,22.0,8.9,20.0
2024,2,29,22,1.37,5.0,22.0,9.0,26.0
2024,3,1,0,1.43,4.8,33.0,8.5,29.0
2024,3,1,1,1.72,4.9,33.0,12.2,11.0
2024,3,1,2,2.84,5.5,22.0,15.0,13.0
2024,3,1,3,3.52,6.0,22.0,15.8,13.0
2024,3,1,4,3.13,5.7,33.0,17.2,17.0
2024,3,1,5,3.48,5.9,22.0,16.9,19.0
2024,3,1,6,3.41,6.3,0.0,16.7,19.0
2024,3,1,7,3.36,5.9,11.0,16.3,23.0
2024,3,1,8,3.4,6.3,0.0,15.5,22.0
2024,3,1,9,3.65,6.2,0.0,15.2,23.0
2024,3,1,10,2.97,5.8,11.0,14.8,16.0
2024,3,1,11,3.33,5.9,0.0,15.5,16.0
2024,3,1,12,3.4,6.0,0.0,15.6,16.0
2024,3,1,13,3.26,5.9,22.0,15.7,16.0
2024,3,1,14,2.9,5.6,0.0,16.2,21.0
2024,3,1,15,3.29,6.0,11.0,16.9,23.0
2024,3,1,16,3.18,5.8,11.0,16.8,20.0
2024,3,1,17,3.19,5.9,11.0,15.9,20.0
2024,3,1,18,3.52,5.8,0.0,16.5,20.0
2024,3,1,19,3.36,6.0,0.0,16.0,14.0
2024,3,1,20,3.38,6.0,0.0,16.7,20.0
2024,3,1,21,3.37,5.9,11.0,16.9,22.0
2024,3,1,22,3.49,6.3,0.0,16.7,14.0
2024,3,1,23,3.77,6.5,11.0,16.8,19.0
2024,3,2,0,3.97,6.5,0.0,17.1,23.0
2024,3,2,1,3.72,6.4,0.0,15.0,21.0
2024,3,2,2,3.51,6.2,11.0,15.1,18.0
2024,3,2,3,3.22,5.9,0.0,16.8,19.0
2024,3,2,4,4.04,6.6,0.0,17.1,20.0
2024,3,2,5,3.69,6.1,11.0,16.7,23.0
2024,3,2,6,3.26,6.0,11.0,13.9,24.0
2024,3,2,7,2.86,5.8,0.0,14.1,14.0
2024,3,2,8,2.92,5.8,0.0,14.6,22.0
2024,3,2,9,2.97,5.9,11.0,14.2,23.0
2024,3,2,10,2.99,5.9,0.0,13.4,25.0
2024,3,2,11,2.73,5.6,11.0,13.1,25.0
2024,3,2,12,2.61,5.5,0.0,12.2,21.0
2024,3,2,13,2.57,5.5,0.0,12.0,20.0
2024,3,2,14,2.76,5.6,0.0,11.0,31.0
2024,3,2,15,2.35,5.5,11.0,10.8,23.0
2024,3,2,16,2.14,5.2,0.0,11.2,24.0
2024,3,2,17,2.32,5.5,0.0,11.9,26.0
2024,3,2,18,2.1,5.4,11.0,10.6,21.0
2024,3,2,19,2.24,5.2,11.0,11.2,9.0
2024,3,2,20,2.23,5.2,11.0,11.0,32.0
2024,3,2,21,1.99,5.3,22.0,11.0,28.0
2024,3,2,22,1.66,5.0,0.0,10.9,26.0
2024,3,2,23,1.91,5.3,11.0,10.6,32.0
2024,3,3,0,1.8,5.3,22.0,9.5,42.0
2024,3,3,1,2.14,5.5,11.0,10.6,28.0
2024,3,3,2,2.18,5.5,22.0,9.6,29.0
2024,3,3,3,2.36,5.6,22.0,11.6,19.0
2024,3,3,4,2.36,5.3,22.0,11.6,22.0
2024,3,3,5,2.13,5.5,22.0,11.1,29.0
2024,3,3,6,1.72,5.0,22.0,11.0,29.0
2024,3,3,7,1.69,5.1,22.0,9.9,23.0
2024,3,3,8,1.55,5.0,0.0,9.5,25.0
2024,3,3,9,1.55,5.3,22.0,6.8,28.0
2024,3,3,10,1.38,5.3,22.0,6.0,33.0
2024,3,3,11,1.23,5.1,45.0,5.3,31.0
2024,3,3,12,1.2,5.0,22.0,5.8,22.0
2024,3,3,13,1.26,4.9,33.0,5.9,31.0
2024,3,3,14,1.33,4.9,22.0,6.8,31.0
2024,3,3,15,1.36,5.0,22.0,7.6,13.0
2024,3,3,16,1.56,4.9,22.0,8.0,15.0
2024,3,3,17,1.56,5.1,22.0,8.2,16.0
2024,3,3,18,1.63,5.0,22.0,8.6,20.0
2024,3,3,19,1.55,4.9,22.0,8.6,22.0
2024,3,3,20,1.52,5.1,11.0,7.1,39.0
2024,3,3,21,1.42,5.0,22.0,6.0,43.0
2024,3,3,22,1.28,5.3,33.0,4.4,34.0
2024,3,3,23,1.11,5.1,22.0,4.8,360.0
2024,3,4,0,1.16,5.3,22.0,4.7,16.0
2024,3,4,1,1.12,5.1,11.0,4.4,6.0
2024,3,4,2,1.43,5.1,22.0,7.5,332.0
2024,3,4,3,1.28,4.8,22.0,7.3,352.0
2024,3,4,4,1.71,5.2,11.0,6.6,22.0
2024,3,4,5,1.37,5.0,22.0,4.9,45.0
2024,3,4,6,1.44,5.2,45.0,3.4,77.0
2024,3,4,7,1.21,5.1,11.0,1.7,87.0
2024,3,4,8,1.09,5.1,11.0,1.2,72.0
2024,3,4,10,0.88,4.7,11.0,7.3,345.0
2024,3,4,11,1.09,4.6,11.0,6.6,15.0
2024,3,4,12,1.19,4.7,22.0,4.7,38.0
2024,3,4,13,1.03,4.8,33.0,4.1,11.0
2024,3,4,14,1.09,5.1,22.0,3.9,347.0
2024,3,4,15,1.08,5.1,33.0,2.8,28.0
2024,3,4,16,0.9,4.9,33.0,2.3,39.0
2024,3,4,17,0.78,4.9,45.0,4.8,330.0
2024,3,4,18,0.83,4.5,22.0,5.8,344.0
2024,3,4,19,0.75,4.5,33.0,4.6,26.0
2024,3,4,20,0.75,4.4,33.0,3.5,50.0
2024,3,4,21,0.73,4.7,33.0,2.3,100.0
2024,3,4,22,0.67,4.7,22.0,1.8,163.0
2024,3,5,1,0.47,4.9,11.0,1.7,3.0
2024,3,5,2,0.55,4.8,45.0,1.6,45.0
2024,3,5,3,0.51,4.7,33.0,1.1,16.0
2024,3,5,4,0.46,4.6,33.0,1.1,294.0
2024,3,5,5,0.47,4.8,33.0,3.2,176.0
2024,3,5,6,0.46,4.8,236.0,3.7,202.0
2024,3,5,7,0.39,4.8,22.0,5.6,199.0
2024,3,5,8,0.38,4.9,22.0,4.4,193.0
2024,3,5,9,0.3,4.7,247.0,4.3,204.0
2024,3,5,10,0.29,4.3,270.0,6.5,197.0
2024,3,5,11,0.31,3.7,247.0,7.2,207.0
2024,3,5,12,0.49,3.3,258.0,7.8,203.0
2024,3,5,13,0.46,3.4,247.0,7.4,206.0
2024,3,5,14,0.56,3.4,236.0,8.4,214.0
2024,3,5,15,0.69,3.5,236.0,8.2,214.0
2024,3,5,16,0.68,3.5,236.0,8.1,216.0
2024,3,5,17,0.74,3.5,236.0,7.4,211.0
2024,3,5,18,0.67,3.5,247.0,7.0,201.0
2024,3,5,19,0.56,3.5,247.0,5.3,203.0
2024,3,5,20,0.45,3.5,247.0,5.2,197.0
2024,3,5,21,0.43,3.5,247.0,4.3,185.0
2024,3,5,22,0.48,3.6,258.0,4.7,194.0
2024,3,5,23,0.54,3.4,258.0,7.0,174.0
2024,3,6,0,0.5,3.4,258.0,5.2,180.0
2024,3,6,1,0.52,3.6,258.0,5.2,176.0
2024,3,6,2,0.43,3.4,247.0,5.4,167.0
2024,3,6,3,0.43,3.4,247.0,4.7,174.0
2024,3,6,4,0.38,3.4,247.0,4.5,176.0
2024,3,6,5,0.33,3.4,45.0,5.0,175.0
2024,3,6,6,0.35,3.5,247.0,4.5,176.0
2024,3,6,8,0.28,3.4,258.0,2.1,261.0
2024,3,6,9,0.27,3.5,258.0,3.9,326.0
2024,3,6,10,0.71,3.4,22.0,9.3,8.0
2024,3,6,11,1.39,4.2,22.0,10.4,12.0
2024,3,6,12,2.1,4.9,22.0,12.1,12.0
2024,3,6,13,2.4,5.4,22.0,12.6,17.0
2024,3,6,14,2.33,5.7,11.0,9.8,18.0
2024,3,6,15,1.89,5.3,11.0,11.1,3.0
2024,3,6,16,2.32,5.4,22.0,13.2,13.0
2024,3,6,17,3.09,5.9,22.0,13.7,20.0
2024,3,6,18,3.11,6.1,11.0,13.8,17.0
2024,3,6,19,3.0,6.0,11.0,14.0,17.0
2024,3,6,20,3.01,6.2,11.0,13.6,14.0
2024,3,6,21,2.75,5.8,33.0,13.9,17.0
2024,3,6,22,3.25,6.0,22.0,14.3,17.0
2024,3,6,23,2.87,5.8,11.0,15.3,15.0
2024,3,7,0,2.88,5.6,22.0,14.9,14.0
2024,3,7,1,2.91,6.0,11.0,15.1,14.0
2024,3,7,2,3.16,5.9,22.0,15.5,15.0
2024,3,7,3,3.28,5.8,11.0,14.9,12.0
2024,3,7,4,3.05,6.0,11.0,14.5,15.0
2024,3,7,5,3.02,6.0,11.0,14.0,15.0
2024,3,7,6,3.4,6.3,0.0,14.7,16.0
2024,3,7,7,3.14,6.0,22.0,13.6,14.0
2024,3,7,8,2.7,5.6,11.0,13.5,14.0
2024,3,7,9,2.75,5.7,0.0,13.9,12.0
2024,3,7,10,2.67,5.5,22.0,14.0,15.0
2024,3,7,11,2.77,5.6,11.0,13.5,12.0
2024,3,7,12,2.77,5.7,0.0,13.4,12.0
2024,3,7,13,2.55,5.4,0.0,12.6,14.0
2024,3,7,14,2.53,5.6,0.0,13.8,6.0
2024,3,7,15,2.67,5.6,0.0,13.3,9.0
2024,3,7,16,2.33,5.4,11.0,11.3,15.0
2024,3,7,17,2.24,5.6,0.0,11.8,6.0
2024,3,7,18,2.22,5.3,22.0,12.4,8.0
2024,3,7,19,2.44,5.4,11.0,12.2,13.0
2024,3,7,20,2.78,5.8,11.0,12.1,16.0
2024,3,7,21,2.51,5.7,11.0,11.4,21.0
2024,3,7,22,2.37,5.5,22.0,11.4,12.0
2024,3,7,23,2.19,5.2,11.0,11.3,14.0
2024,3,8,0,2.01,5.0,11.0,12.0,16.0
2024,3,8,1,2.2,5.3,11.0,12.1,16.0
2024,3,8,2,1.97,5.2,11.0,12.8,9.0
2024,3,8,3,2.39,5.2,11.0,14.1,15.0
2024,3,8,4,2.17,5.2,22.0,13.7,14.0
2024,3,8,5,2.18,5.1,22.0,13.6,14.0
2024,3,8,6,2.33,5.5,22.0,13.1,13.0
2024,3,8,7,2.98,5.8,33.0,14.7,13.0
2024,3,8,8,3.1,5.9,33.0,14.2,15.0
2024,3,8,9,3.24,5.9,11.0,15.0,8.0
2024,3,8,10,3.46,5.9,22.0,16.0,9.0
2024,3,8,11,2.61,5.3,22.0,15.2,7.0
2024,3,8,12,2.78,5.6,11.0,14.5,7.0
2024,3,8,13,2.75,5.4,11.0,16.3,9.0
2024,3,8,14,2.84,5.7,0.0,16.1,8.0
2024,3,8,15,2.82,5.8,0.0,15.9,11.0
2024,3,8,16,2.72,5.5,11.0,15.4,5.0
2024,3,8,17,2.69,5.4,0.0,14.7,9.0
2024,3,8,18,2.6,5.5,11.0,14.4,16.0
2024,3,8,19,2.46,5.3,33.0,12.0,20.0
2024,3,8,20,2.42,5.4,11.0,11.9,14.0
2024,3,8,21,2.41,5.4,22.0,12.1,16.0
2024,3,8,22,2.25,5.1,22.0,12.0,15.0
2024,3,8,23,2.27,5.1,11.0,11.9,17.0
2024,3,9,0,2.26,5.2,22.0,12.2,17.0
2024,3,9,1,1.91,4.7,11.0,13.3,12.0
2024,3,9,2,2.3,5.0,22.0,14.2,13.0
2024,3,9,3,2.35,5.3,11.0,12.7,20.0
2024,3,9,4,2.04,5.6,22.0,10.2,40.0
2024,3,9,5,1.9,5.1,11.0,12.0,3.0
2024,3,9,6,2.67,5.5,22.0,14.1,16.0
2024,3,9,7,2.63,5.7,11.0,13.6,13.0
2024,3,9,8,2.83,5.8,22.0,13.0,20.0
2024,3,9,9,3.07,5.9,33.0,12.1,17.0
2024,3,9,10,2.54,5.5,22.0,11.9,15.0
2024,3,9,11,2.44,5.4,22.0,11.8,9.0
2024,3,9,12,2.43,5.2,22.0,12.2,12.0
2024,3,9,13,2.33,5.2,11.0,12.7,8.0
2024,3,9,14,2.25,5.2,11.0,13.7,12.0
2024,3,9,15,2.29,5.2,11.0,13.0,22.0
2024,3,9,16,2.37,5.2,11.0,12.0,17.0
2024,3,9,17,2.14,5.4,11.0,12.1,14.0
2024,3,9,18,2.33,5.5,0.0,11.7,12.0
2024,3,9,19,2.41,5.7,11.0,12.4,12.0
2024,3,9,20,2.57,5.7,11.0,11.7,12.0
2024,3,9,21,2.57,5.6,22.0,11.8,13.0
2024,3,9,22,2.45,5.4,11.0,11.6,15.0
2024,3,9,23,2.62,5.7,11.0,11.9,10.0
2024,3,10,0,2.8,5.6,11.0,12.0,13.0
2024,3,10,1,2.58,5.5,11.0,12.2,15.0
2024,3,10,2,2.25,5.4,11.0,11.1,14.0
2024,3,10,3,1.89,5.2,11.0,10.1,17.0
2024,3,10,4,1.79,5.4,11.0,5.8,47.0
2024,3,10,5,1.58,5.3,11.0,7.0,23.0
2024,3,10,6,1.69,5.5,11.0,7.3,30.0
2024,3,10,7,2.1,5.4,11.0,8.2,33.0
2024,3,10,8,2.25,5.7,33.0,8.7,30.0
2024,3,10,9,2.38,5.6,22.0,7.8,39.0
2024,3,10,10,2.63,5.5,33.0,7.1,40.0
2024,3,10,11,2.49,5.7,11.0,8.2,32.0
2024,3,10,12,2.5,5.3,11.0,11.0,2.0
2024,3,10,13,2.18,5.2,0.0,11.4,4.0
2024,3,10,14,2.23,5.3,22.0,11.7,356.0
2024,3,10,15,2.05,5.0,348.0,10.4,350.0
2024,3,10,16,2.1,5.4,348.0,10.6,355.0
2024,3,10,17,2.13,5.4,0.0,10.7,353.0
2024,3,10,18,2.13,5.6,22.0,9.3,8.0
2024,3,10,19,2.42,5.8,0.0,8.9,11.0
2024,3,10,20,2.03,5.4,11.0,8.2,19.0
2024,3,10,21,2.19,5.7,11.0,7.8,7.0
2024,3,10,22,2.09,5.5,22.0,8.7,358.0
2024,3,10,23,1.94,5.2,22.0,7.9,7.0
2024,3,11,0,1.84,5.2,11.0,7.8,353.0
2024,3,11,1,1.79,5.2,22.0,6.6,350.0
2024,3,11,2,1.46,5.1,22.0,5.1,352.0
2024,3,11,3,1.37,5.2,11.0,5.2,345.0
2024,3,11,4,1.19,5.1,0.0,4.9,352.0
2024,3,11,5,1.25,5.1,348.0,4.9,16.0
2024,3,11,6,1.17,5.0,0.0,4.6,25.0
2024,3,11,7,1.21,5.2,11.0,5.1,15.0
2024,3,11,8,1.29,5.2,11.0,5.6,31.0
2024,3,11,9,1.4,5.2,11.0,4.8,19.0
2024,3,11,10,1.21,4.9,22.0,4.8,348.0
2024,3,11,11,1.58,5.3,22.0,5.4,356.0
2024,3,11,12,1.4,4.9,11.0,4.4,7.0
2024,3,11,13,1.04,4.5,11.0,5.8,4.0
2024,3,11,14,1.16,4.8,11.0,5.6,11.0
2024,3,11,15,1.01,4.6,33.0,6.1,32.0
2024,3,11,16,0.85,4.4,11.0,6.1,30.0
2024,3,11,17,0.94,4.8,11.0,5.4,356.0
2024,3,11,18,0.79,4.6,33.0,5.2,360.0
2024,3,11,19,0.79,4.6,22.0,5.0,71.0
2024,3,11,20,0.75,4.8,33.0,4.8,90.0
2024,3,11,21,0.66,4.6,33.0,1.5,44.0
2024,3,11,22,0.62,4.7,45.0,3.7,15.0
2024,3,11,23,0.75,4.5,22.0,5.9,27.0
2024,3,12,0,0.61,4.3,22.0,4.5,49.0
2024,3,12,1,0.76,4.1,67.0,7.4,8.0
2024,3,12,2,0.83,3.9,33.0,7.8,13.0
2024,3,12,3,1.24,4.3,11.0,9.5,359.0
2024,3,12,4,1.2,4.5,33.0,9.7,18.0
2024,3,12,5,1.29,4.4,11.0,10.4,17.0
2024,3,12,6,1.35,4.4,33.0,10.9,38.0
2024,3,12,7,1.45,4.8,22.0,10.9,29.0
2024,3,12,8,1.53,4.9,33.0,10.9,26.0
2024,3,12,9,1.81,5.1,33.0,10.3,27.0
2024,3,12,10,1.9,5.2,33.0,11.5,25.0
2024,3,12,11,2.24,5.4,33.0,11.4,27.0
2024,3,12,12,2.01,5.1,33.0,10.7,15.0
2024,3,12,13,1.95,5.0,11.0,11.2,355.0
2024,3,12,14,1.94,4.9,22.0,11.2,351.0
2024,3,12,15,2.2,5.1,22.0,11.6,359.0
2024,3,12,16,2.2,5.2,22.0,11.9,359.0
2024,3,12,17,2.02,5.2,22.0,11.2,356.0
2024,3,12,18,1.9,5.1,11.0,10.5,1.0
2024,3,12,19,1.68,5.1,22.0,9.3,6.0
2024,3,12,20,1.58,4.9,45.0,8.7,22.0
2024,3,12,21,1.57,5.0,45.0,6.6,47.0
2024,3,12,22,1.15,4.8,33.0,7.6,29.0
2024,3,12,23,1.14,4.6,22.0,7.4,24.0
2024,3,13,0,1.12,4.4,22.0,5.8,30.0
2024,3,13,1,1.15,4.2,22.0,8.7,13.0
2024,3,13,2,1.43,4.6,11.0,8.6,16.0
2024,3,13,3,1.49,4.9,11.0,8.2,25.0
2024,3,13,4,1.58,5.0,11.0,8.0,16.0
2024,3,13,5,1.48,5.0,0.0,8.0,21.0
2024,3,13,6,1.43,5.0,11.0,8.8,23.0
2024,3,13,7,1.31,5.0,33.0,6.2,45.0
2024,3,13,8,1.45,5.5,11.0,4.9,31.0
2024,3,13,9,1.86,6.0,0.0,3.5,359.0
2024,3,13,10,1.71,6.0,33.0,4.6,341.0
2024,3,13,11,1.88,5.8,33.0,4.6,357.0
2024,3,13,12,1.77,5.7,11.0,4.9,7.0
2024,3,13,13,2.27,5.9,22.0,6.7,13.0
2024,3,13,14,1.69,5.3,11.0,5.5,357.0
2024,3,13,15,1.5,4.9,11.0,6.6,332.0
2024,3,13,16,1.86,5.1,0.0,9.2,335.0
2024,3,13,17,1.91,5.0,348.0,9.1,346.0
2024,3,13,18,1.99,5.0,0.0,10.3,347.0
2024,3,13,19,1.86,5.2,11.0,9.3,356.0
2024,3,13,20,2.13,5.5,0.0,9.8,9.0
2024,3,13,21,2.51,5.9,0.0,7.6,21.0
2024,3,13,22,2.02,5.5,11.0,8.4,3.0
2024,3,13,23,1.98,5.5,22.0,8.9,2.0
2024,3,14,0,2.29,5.6,22.0,8.9,8.0
2024,3,14,1,2.03,5.3,33.0,8.3,12.0
2024,3,14,2,2.09,5.6,11.0,7.5,354.0
2024,3,14,3,1.98,5.4,22.0,8.0,350.0
2024,3,14,4,1.56,4.8,11.0,6.9,2.0
2024,3,14,5,1.64,5.1,0.0,6.4,351.0
2024,3,14,6,1.61,5.2,0.0,6.3,6.0
2024,3,14,7,1.19,5.1,11.0,5.7,19.0
2024,3,14,8,1.17,5.0,0.0,4.7,2.0
2024,3,14,9,1.19,5.0,0.0,4.4,359.0
2024,3,14,10,1.2,5.0,11.0,3.6,355.0
2024,3,14,11,1.3,5.0,22.0,3.7,6.0
2024,3,14,12,1.22,5.1,22.0,4.0,2.0
2024,3,14,13,1.27,5.2,11.0,3.9,5.0
2024,3,14,14,1.02,4.7,22.0,4.3,13.0
2024,3,14,15,1.15,4.8,22.0,5.5,28.0
2024,3,14,16,1.19,4.7,11.0,7.2,18.0
2024,3,14,17,1.11,4.6,22.0,7.3,19.0
2024,3,14,18,1.16,4.3,33.0,8.1,20.0
2024,3,14,19,1.19,4.7,33.0,7.4,26.0
2024,3,14,20,1.22,4.6,22.0,6.7,32.0
2024,3,14,21,1.17,4.7,22.0,6.5,29.0
2024,3,14,22,1.14,4.7,22.0,6.1,9.0
2024,3,14,23,1.29,4.7,11.0,5.9,28.0
2024,3,15,0,1.12,4.8,22.0,6.6,22.0
2024,3,15,1,1.35,4.8,22.0,5.6,18.0
2024,3,15,2,1.4,4.8,11.0,6.2,16.0
2024,3,15,3,1.28,4.6,11.0,6.4,8.0
2024,3,15,4,1.27,4.6,11.0,6.9,355.0
2024,3,15,5,1.45,4.7,11.0,7.3,346.0
2024,3,15,6,1.43,4.6,0.0,6.6,359.0
2024,3,15,7,1.35,4.8,11.0,5.4,27.0
2024,3,15,8,1.33,5.1,0.0,4.5,46.0
2024,3,15,9,1.22,5.2,0.0,3.8,33.0
2024,3,15,10,1.23,5.1,0.0,5.3,19.0
2024,3,15,11,1.14,4.9,22.0,5.5,3.0
2024,3,15,12,1.24,4.7,11.0,7.4,354.0
2024,3,15,13,1.47,4.7,11.0,7.9,19.0
2024,3,15,14,1.47,4.7,33.0,8.3,21.0
2024,3,15,15,1.72,5.0,22.0,8.5,23.0
2024,3,15,16,1.63,4.8,11.0,8.5,23.0
2024,3,15,17,1.68,5.0,22.0,8.6,1.0
2024,3,15,18,1.33,4.5,11.0,7.9,9.0
2024,3,15,19,1.19,4.3,11.0,7.6,16.0
2024,3,15,20,1.12,4.4,11.0,6.8,21.0
2024,3,15,21,1.22,4.7,11.0,6.4,19.0
2024,3,15,22,1.08,4.6,11.0,6.9,25.0
2024,3,15,23,1.1,4.6,11.0,6.9,32.0
2024,3,16,0,1.24,4.7,11.0,5.9,31.0
2024,3,16,1,1.1,4.7,11.0,5.7,8.0
2024,3,16,2,1.07,4.4,11.0,5.2,22.0
2024,3,16,3,1.03,4.5,22.0,6.1,11.0
2024,3,16,4,0.99,4.4,11.0,5.7,17.0
2024,3,16,5,1.05,4.5,22.0,5.0,23.0
2024,3,16,6,0.9,4.4,22.0,4.9,17.0
2024,3,16,7,0.89,4.6,11.0,3.2,46.0
2024,3,16,8,0.84,4.6,0.0,3.8,36.0
2024,3,16,9,0.79,4.7,0.0,4.0,28.0
2024,3,16,10,0.77,4.6,11.0,4.4,29.0
2024,3,16,11,0.72,4.4,22.0,4.2,36.0
2024,3,16,12,0.6,4.4,22.0,4.3,20.0
2024,3,16,13,0.72,4.3,22.0,5.0,8.0
2024,3,16,14,0.68,4.1,22.0,4.6,17.0
2024,3,16,15,0.68,4.0,33.0,4.5,12.0
2024,3,16,16,0.57,3.9,22.0,4.1,28.0
2024,3,16,17,0.63,4.2,33.0,4.3,17.0
2024,3,16,18,0.58,4.2,22.0,4.2,28.0
2024,3,16,19,0.54,4.1,22.0,3.8,30.0
2024,3,16,20,0.5,4.0,33.0,3.7,32.0
2024,3,16,21,0.45,4.2,33.0,3.3,34.0
2024,3,16,22,0.46,4.4,33.0,2.5,41.0
2024,3,17,0,0.43,4.4,11.0,1.2,154.0
2024,3,17,6,0.37,4.3,45.0,1.7,159.0
2024,3,17,7,0.36,4.6,33.0,3.5,155.0
2024,3,17,8,0.33,4.6,22.0,3.7,154.0
2024,3,17,9,0.25,4.1,22.0,2.2,168.0
2024,3,17,10,0.28,4.5,33.0,1.4,230.0
2024,3,17,11,0.29,4.5,11.0,3.1,306.0
2024,3,17,12,0.26,4.4,0.0,4.1,303.0
2024,3,17,13,0.3,4.4,33.0,4.1,328.0
2024,3,17,14,0.28,4.1,33.0,3.0,343.0
2024,3,17,15,0.29,3.7,33.0,3.3,353.0
2024,3,17,16,0.31,3.7,22.0,3.3,3.0
2024,3,17,17,0.32,3.6,45.0,4.6,17.0
2024,3,17,18,0.39,3.5,45.0,4.7,18.0
2024,3,17,19,0.42,3.4,33.0,5.2,16.0
2024,3,17,20,0.49,3.4,45.0,6.5,18.0
2024,3,17,21,0.63,3.6,45.0,6.9,22.0
2024,3,17,22,0.79,3.8,45.0,7.6,32.0
2024,3,17,23,0.94,4.0,33.0,8.7,21.0
2024,3,18,0,1.23,4.2,45.0,10.4,30.0
2024,3,18,1,1.76,5.0,33.0,9.5,28.0
2024,3,18,2,1.98,5.1,33.0,9.8,34.0
2024,3,18,3,2.16,5.4,33.0,9.7,32.0
2024,3,18,4,2.55,5.9,33.0,9.8,34.0
2024,3,18,5,2.36,5.9,22.0,9.6,19.0
2024,3,18,6,2.34,5.8,11.0,10.2,16.0
2024,3,18,7,2.09,5.3,11.0,10.6,12.0
2024,3,18,8,2.41,5.9,11.0,11.0,7.0
2024,3,18,9,2.42,5.6,0.0,11.7,8.0
2024,3,18,10,2.23,5.6,0.0,10.7,17.0
2024,3,18,11,2.54,5.7,0.0,9.8,15.0
2024,3,18,12,2.26,5.8,0.0,11.3,358.0
2024,3,18,13,2.21,5.6,11.0,11.0,8.0
2024,3,18,14,2.56,5.8,0.0,10.8,6.0
2024,3,18,15,2.38,5.7,11.0,10.7,5.0
2024,3,18,16,2.39,5.7,0.0,10.8,4.0
2024,3,18,17,2.53,5.8,11.0,9.6,3.0
2024,3,18,18,2.47,5.9,11.0,10.6,352.0
2024,3,18,19,2.13,5.4,0.0,11.9,353.0
2024,3,18,20,2.42,5.8,11.0,10.9,357.0
2024,3,18,21,2.12,5.3,11.0,10.0,358.0
2024,3,18,22,2.19,5.6,0.0,9.3,356.0
2024,3,18,23,1.78,5.3,22.0,6.2,25.0
2024,3,19,0,1.59,5.5,11.0,6.0,24.0
2024,3,19,1,1.44,5.4,0.0,6.9,11.0
2024,3,19,2,1.65,5.1,0.0,10.1,358.0
2024,3,19,3,1.88,5.0,22.0,10.9,358.0
2024,3,19,4,1.97,5.2,22.0,10.1,7.0
2024,3,19,5,2.3,5.5,11.0,10.7,6.0
2024,3,19,6,2.12,5.4,11.0,10.4,10.0
2024,3,19,7,1.99,5.4,11.0,10.7,20.0
2024,3,19,8,1.93,5.3,11.0,11.7,17.0
2024,3,19,9,2.31,5.4,11.0,11.2,13.0
2024,3,19,10,2.17,5.4,11.0,12.1,20.0
2024,3,19,11,1.95,5.2,22.0,12.3,17.0
2024,3,19,12,2.37,5.3,22.0,13.2,7.0
2024,3,19,13,2.37,5.1,22.0,14.4,15.0
2024,3,19,14,2.86,5.7,22.0,14.4,15.0
2024,3,19,15,2.46,5.5,22.0,15.3,7.0
2024,3,19,16,3.08,5.7,22.0,15.2,9.0
2024,3,19,17,2.84,5.7,11.0,14.6,11.0
2024,3,19,18,2.87,5.8,22.0,14.4,11.0
2024,3,19,19,2.38,5.4,11.0,14.1,14.0
2024,3,19,20,2.77,5.8,22.0,13.9,9.0
2024,3,19,21,2.98,5.7,33.0,14.5,11.0
2024,3,19,22,2.83,5.6,0.0,13.6,16.0
2024,3,19,23,2.9,5.5,22.0,13.6,12.0
2024,3,20,0,2.5,5.6,11.0,14.6,16.0
2024,3,20,1,2.66,5.6,11.0,15.4,16.0
2024,3,20,2,2.57,5.5,22.0,15.3,13.0
2024,3,20,3,3.12,5.9,11.0,16.0,15.0
2024,3,20,4,2.74,5.6,11.0,16.5,12.0
2024,3,20,5,3.21,6.0,11.0,16.2,14.0
2024,3,20,6,3.21,5.9,11.0,17.2,18.0
2024,3,20,7,3.21,5.9,11.0,17.1,16.0
2024,3,20,8,3.16,5.7,11.0,17.3,18.0
2024,3,20,9,2.64,5.3,0.0,16.2,18.0
2024,3,20,10,2.98,5.6,11.0,15.2,15.0
2024,3,20,11,3.03,5.7,11.0,14.8,11.0
2024,3,20,12,2.51,5.1,11.0,14.8,10.0
2024,3,20,13,2.65,5.5,11.0,14.9,4.0
2024,3,20,14,2.69,5.3,22.0,14.4,7.0
2024,3,20,15,2.67,5.6,0.0,15.0,6.0
2024,3,20,16,2.72,5.5,22.0,15.1,9.0
2024,3,20,17,2.88,5.3,11.0,14.7,6.0
2024,3,20,18,2.58,5.3,11.0,14.5,8.0
2024,3,20,19,2.57,5.5,11.0,12.9,12.0
2024,3,20,20,2.22,5.2,22.0,12.3,12.0
2024,3,20,21,2.1,4.9,11.0,11.6,15.0
2024,3,20,22,1.93,4.9,11.0,10.6,14.0
2024,3,20,23,1.62,4.9,11.0,8.7,19.0
2024,3,21,0,1.54,4.7,11.0,7.9,22.0
2024,3,21,1,1.26,4.9,0.0,6.4,22.0
2024,3,21,2,1.17,4.8,0.0,5.4,17.0
2024,3,21,3,1.03,4.8,348.0,4.1,32.0
2024,3,21,4,0.9,4.5,11.0,4.6,30.0
2024,3,21,5,0.81,4.3,0.0,6.0,38.0
2024,3,21,6,0.96,4.3,22.0,6.0,49.0
2024,3,21,7,0.93,4.4,22.0,5.3,42.0
2024,3,21,8,0.9,4.5,11.0,5.0,40.0
2024,3,21,9,0.84,4.3,348.0,4.5,24.0
2024,3,21,10,0.85,4.4,11.0,2.8,15.0
2024,3,21,11,0.78,4.7,0.0,1.9,333.0
2024,3,21,12,0.67,4.4,0.0,2.6,284.0
2024,3,21,13,0.8,4.7,0.0,2.4,267.0
2024,3,21,14,0.64,4.6,0.0,2.7,261.0
2024,3,21,15,0.61,4.7,348.0,3.9,246.0
2024,3,21,16,0.54,4.6,0.0,3.9,258.0
2024,3,21,17,0.59,4.9,0.0,1.9,252.0
2024,3,21,18,0.71,4.7,348.0,1.6,300.0
2024,3,21,19,0.82,4.7,0.0,1.9,311.0
2024,3,21,20,0.91,4.6,348.0,1.5,297.0
2024,3,21,22,0.74,4.5,0.0,2.3,197.0
2024,3,21,23,0.81,4.8,0.0,3.7,197.0
2024,3,22,0,0.74,4.6,22.0,4.1,189.0
2024,3,22,1,0.61,4.5,0.0,2.9,189.0
2024,3,22,2,0.59,4.4,11.0,2.8,182.0
2024,3,22,3,0.59,4.5,11.0,2.4,218.0
2024,3,22,4,0.58,4.6,11.0,1.3,149.0
2024,3,22,5,0.57,4.6,11.0,1.4,138.0
2024,3,22,6,0.52,4.5,0.0,3.2,139.0
2024,3,22,7,0.51,4.6,22.0,3.3,145.0
2024,3,22,8,0.54,4.6,33.0,3.8,156.0
2024,3,22,9,0.48,4.7,22.0,2.1,180.0
2024,3,22,10,0.42,4.4,45.0,1.4,176.0
2024,3,22,11,0.46,4.6,33.0,1.8,200.0
2024,3,22,12,0.44,4.7,22.0,3.8,229.0
2024,3,22,13,0.38,4.7,0.0,4.2,229.0
2024,3,22,14,0.37,4.8,11.0,4.3,223.0
2024,3,22,15,0.34,4.8,22.0,4.3,238.0
2024,3,22,16,0.36,4.8,0.0,3.3,241.0
2024,3,22,17,0.39,4.7,348.0,2.6,244.0
2024,3,22,18,0.33,4.6,326.0,2.2,278.0
2024,3,22,19,0.35,4.6,0.0,1.5,268.0
2024,3,22,20,0.39,4.6,11.0,2.6,264.0
2024,3,22,21,0.37,4.5,45.0,2.1,249.0
2024,3,22,22,0.33,4.6,33.0,1.3,280.0
2024,3,22,23,0.4,4.9,33.0,1.2,351.0
2024,3,23,4,0.34,4.7,348.0,1.3,81.0
2024,3,23,5,0.28,4.5,258.0,3.5,136.0
2024,3,23,6,0.26,4.4,281.0,4.8,142.0
2024,3,23,7,0.31,4.8,22.0,5.1,148.0
2024,3,23,8,0.3,4.8,33.0,4.3,157.0
2024,3,23,9,0.29,4.7,270.0,3.9,158.0
2024,3,23,10,0.35,4.7,270.0,2.0,237.0
2024,3,23,11,0.32,4.7,292.0,3.8,256.0
2024,3,23,12,0.34,4.8,0.0,4.4,260.0
2024,3,23,13,0.42,4.0,303.0,7.9,237.0
2024,3,23,14,0.86,3.6,247.0,9.0,233.0
2024,3,23,15,1.22,4.0,247.0,9.1,234.0
2024,3,23,16,1.21,4.1,236.0,8.6,238.0
2024,3,23,17,1.16,4.1,236.0,8.3,249.0
2024,3,23,18,1.14,4.0,236.0,6.9,252.0
2024,3,23,19,0.89,4.0,236.0,4.2,257.0
2024,3,23,20,0.81,3.8,236.0,3.6,244.0
2024,3,23,21,0.75,3.8,247.0,1.8,185.0
2024,3,23,22,0.62,3.7,258.0,2.6,174.0
2024,3,23,23,0.49,3.6,247.0,3.7,180.0
2024,3,24,0,0.44,3.5,270.0,4.3,199.0
2024,3,24,1,0.4,3.7,303.0,4.2,205.0
2024,3,24,2,0.36,3.5,292.0,2.4,221.0
2024,3,24,3,0.35,3.6,270.0,2.4,184.0
2024,3,24,4,0.32,3.6,281.0,2.0,187.0
2024,3,24,5,0.31,3.6,281.0,3.1,168.0
2024,3,24,6,0.29,3.6,281.0,3.0,182.0
2024,3,24,7,0.29,3.6,11.0,3.7,159.0
2024,3,24,8,0.31,3.8,303.0,2.9,147.0
2024,3,24,9,0.33,4.1,247.0,2.4,181.0
2024,3,24,10,0.33,4.0,258.0,2.5,211.0
2024,3,24,11,0.29,4.2,281.0,4.1,222.0
2024,3,24,12,0.28,4.1,0.0,5.0,221.0
2024,3,24,13,0.3,4.3,270.0,5.6,232.0
2024,3,24,14,0.29,3.7,337.0,5.8,239.0
2024,3,24,15,0.34,3.3,247.0,5.2,239.0
2024,3,24,16,0.4,3.0,258.0,5.1,235.0
2024,3,24,17,0.37,3.2,258.0,4.5,241.0
2024,3,24,18,0.38,3.4,258.0,3.2,252.0
2024,3,24,19,0.35,3.4,236.0,2.3,280.0
2024,3,24,21,0.4,3.6,270.0,1.9,237.0
2024,3,24,22,0.35,3.6,22.0,2.8,221.0
2024,3,24,23,0.32,3.7,337.0,3.1,211.0
2024,3,25,0,0.3,3.9,281.0,3.3,202.0
2024,3,25,1,0.26,4.1,247.0,4.1,210.0
2024,3,25,2,0.24,4.3,258.0,4.7,206.0
2024,3,25,3,0.22,4.5,337.0,3.8,192.0
2024,3,25,4,0.23,4.0,337.0,3.7,190.0
2024,3,25,6,0.21,3.6,281.0,4.0,185.0
2024,3,25,7,0.3,3.9,33.0,5.1,187.0
2024,3,25,8,0.31,3.5,258.0,4.6,193.0
2024,3,25,9,0.4,3.4,258.0,4.7,196.0
2024,3,25,10,0.39,3.6,258.0,4.8,204.0
2024,3,25,11,0.43,3.6,270.0,5.3,227.0
2024,3,25,12,0.47,4.2,258.0,6.2,244.0
2024,3,25,13,0.41,3.6,247.0,6.8,247.0
2024,3,25,14,0.42,3.5,270.0,6.7,248.0
2024,3,25,15,0.48,3.1,270.0,5.8,255.0
2024,3,25,16,0.59,3.2,281.0,6.1,256.0
2024,3,25,17,0.56,3.2,258.0,5.0,224.0
2024,3,25,18,0.64,3.6,281.0,4.6,212.0
2024,3,25,19,0.55,3.4,281.0,5.0,193.0
2024,3,25,20,0.55,3.4,258.0,5.1,197.0
2024,3,25,21,0.5,3.5,258.0,5.3,204.0
2024,3,25,22,0.49,3.5,258.0,5.0,198.0
2024,3,25,23,0.45,3.7,281.0,4.7,185.0
2024,3,26,0,0.41,3.7,247.0,5.2,168.0
2024,3,26,1,0.31,3.7,258.0,5.1,161.0
2024,3,26,2,0.28,3.8,270.0,4.7,171.0
2024,3,26,3,0.26,3.8,270.0,3.6,219.0
2024,3,26,4,0.25,3.9,270.0,3.8,198.0
2024,3,26,5,0.21,3.7,270.0,3.1,253.0
2024,3,26,6,0.26,3.7,292.0,4.2,269.0
2024,3,26,7,0.25,3.9,270.0,5.1,306.0
2024,3,26,8,0.3,3.3,348.0,4.9,332.0
2024,3,26,9,0.43,3.1,22.0,5.0,359.0
2024,3,26,10,0.51,3.2,22.0,7.1,13.0
2024,3,26,11,0.85,3.5,33.0,8.3,25.0
2024,3,26,12,1.4,4.0,11.0,10.1,6.0
2024,3,26,13,2.01,4.7,11.0,10.5,359.0
2024,3,26,14,1.86,5.0,11.0,12.0,359.0
2024,3,26,15,2.37,5.6,22.0,12.6,3.0
2024,3,26,16,2.61,5.8,0.0,12.5,1.0
2024,3,26,17,2.77,6.0,11.0,12.6,6.0
2024,3,26,18,2.65,5.8,11.0,12.9,7.0
2024,3,26,19,2.51,6.1,0.0,12.2,10.0
2024,3,26,20,2.46,5.9,0.0,11.4,19.0
2024,3,26,21,2.61,6.1,33.0,10.1,22.0
2024,3,26,22,2.48,6.0,22.0,10.0,12.0
2024,3,26,23,2.66,5.9,33.0,10.6,7.0
2024,3,27,0,2.45,5.7,22.0,11.6,9.0
2024,3,27,1,2.68,5.8,22.0,11.1,9.0
2024,3,27,2,2.41,5.5,22.0,10.9,12.0
2024,3,27,3,2.14,5.3,11.0,11.6,8.0
2024,3,27,4,2.25,5.5,11.0,11.7,12.0
2024,3,27,5,2.2,5.5,22.0,11.6,13.0
2024,3,27,6,2.2,5.5,11.0,10.7,16.0
2024,3,27,7,2.08,5.3,11.0,10.3,19.0
2024,3,27,8,2.3,5.6,0.0,10.2,17.0
2024,3,27,9,2.12,5.5,11.0,9.6,18.0
2024,3,27,10,2.2,5.6,22.0,9.0,30.0
2024,3,27,11,2.16,5.5,22.0,8.7,4.0
2024,3,27,12,1.97,5.6,22.0,8.3,2.0
2024,3,27,13,1.93,5.2,22.0,8.1,358.0
2024,3,27,14,1.55,5.0,11.0,8.2,4.0
2024,3,27,15,1.53,5.0,22.0,8.3,358.0
2024,3,27,16,1.44,4.7,0.0,8.0,9.0
2024,3,27,17,1.43,4.7,11.0,8.5,6.0
2024,3,27,18,1.25,4.6,0.0,7.6,5.0
2024,3,27,20,1.25,5.1,22.0,5.0,37.0
2024,3,27,21,1.23,5.0,22.0,3.6,32.0
2024,3,27,22,1.26,5.1,33.0,1.8,51.0
2024,3,28,1,0.97,5.0,45.0,2.3,229.0
2024,3,28,2,0.86,5.0,33.0,3.8,245.0
2024,3,28,3,0.9,5.1,22.0,3.0,283.0
2024,3,28,4,0.68,4.9,22.0,2.8,286.0
2024,3,28,5,0.63,4.9,33.0,2.5,132.0
2024,3,28,6,0.6,5.0,11.0,3.3,198.0
2024,3,28,7,0.55,4.9,22.0,3.4,180.0
2024,3,28,8,0.52,4.9,22.0,3.1,190.0
2024,3,28,9,0.54,5.2,22.0,3.6,192.0
2024,3,28,10,0.56,5.1,22.0,4.7,270.0
2024,3,28,11,0.59,4.9,22.0,3.3,287.0
2024,3,28,12,0.61,4.6,33.0,1.8,154.0
2024,3,28,13,0.6,4.3,22.0,2.4,261.0
2024,3,28,14,0.59,4.3,22.0,3.7,241.0
2024,3,28,15,0.54,4.7,0.0,3.7,222.0
2024,3,28,16,0.39,4.2,0.0,5.8,254.0
2024,3,28,17,0.44,4.0,11.0,6.6,260.0
2024,3,28,18,0.43,3.5,292.0,7.5,269.0
2024,3,28,19,0.41,3.2,292.0,7.1,271.0
2024,3,28,20,0.48,3.7,0.0,4.2,247.0
2024,3,28,21,0.33,3.4,292.0,3.7,191.0
2024,3,28,22,0.28,3.7,33.0,1.8,190.0
2024,3,28,23,0.32,3.8,22.0,1.2,149.0
2024,3,29,0,0.34,4.5,33.0,2.2,167.0
2024,3,29,1,0.37,5.3,33.0,1.8,196.0
2024,3,29,2,0.28,4.7,22.0,2.2,199.0
2024,3,29,3,0.33,5.2,45.0,1.5,247.0
2024,3,29,4,0.29,4.8,348.0,3.0,294.0
2024,3,29,5,0.28,4.5,348.0,3.8,324.0
2024,3,29,6,0.23,3.9,0.0,4.6,3.0
2024,3,29,8,0.46,3.3,33.0,5.3,29.0
2024,3,29,9,0.64,3.7,22.0,5.3,33.0
2024,3,29,10,0.67,3.8,33.0,5.9,26.0
2024,3,29,11,0.65,3.8,33.0,5.4,15.0
2024,3,29,12,0.77,4.1,22.0,5.8,16.0
2024,3,29,13,0.76,3.8,22.0,5.8,10.0
2024,3,29,14,0.76,3.9,33.0,5.6,9.0
2024,3,29,15,0.76,3.9,11.0,5.0,17.0
2024,3,29,16,0.78,4.1,11.0,5.1,17.0
2024,3,29,17,0.74,4.0,11.0,4.7,27.0
2024,3,29,18,0.79,4.2,22.0,4.2,28.0
2024,3,29,19,0.72,4.2,11.0,3.9,33.0
2024,3,29,20,0.75,4.4,22.0,2.9,37.0
2024,3,29,21,0.59,4.5,33.0,2.1,44.0
2024,3,29,22,0.54,4.4,33.0,1.4,38.0
2024,3,30,1,0.57,4.5,45.0,1.5,186.0
2024,3,30,2,0.52,4.4,33.0,2.1,191.0
2024,3,30,3,0.52,4.5,33.0,2.7,211.0
2024,3,30,4,0.48,4.6,33.0,3.0,182.0
2024,3,30,5,0.47,4.7,22.0,2.5,191.0
2024,3,30,6,0.41,4.5,22.0,1.6,224.0
2024,3,30,7,0.38,4.5,33.0,1.2,237.0
2024,3,30,8,0.37,4.3,33.0,5.0,137.0
2024,3,30,9,0.31,4.3,11.0,3.1,127.0
2024,3,30,10,0.33,4.4,33.0,3.1,159.0
2024,3,30,11,0.31,4.2,33.0,3.9,219.0
2024,3,30,12,0.32,4.7,11.0,4.2,250.0
2024,3,30,13,0.29,4.7,45.0,3.3,244.0
2024,3,30,14,0.26,4.4,22.0,3.7,266.0
2024,3,30,15,0.3,4.6,0.0,2.5,242.0
2024,3,30,16,0.22,4.5,22.0,4.3,251.0
2024,3,30,17,0.28,4.7,191.0,4.1,244.0
2024,3,30,18,0.24,3.9,348.0,3.3,239.0
2024,3,30,19,0.27,3.5,292.0,3.2,203.0
2024,3,30,20,0.33,3.2,281.0,3.5,217.0
2024,3,30,21,0.33,3.2,247.0,4.6,195.0
2024,3,30,22,0.26,3.6,33.0,4.3,192.0
2024,3,30,23,0.24,3.7,33.0,4.3,198.0
2024,3,31,0,0.24,3.4,270.0,4.7,208.0
2024,3,31,5,0.24,3.4,281.0,4.7,182.0
2024,3,31,6,0.25,3.2,281.0,5.3,180.0
2024,3,31,7,0.35,3.4,45.0,4.7,213.0
2024,3,31,8,0.26,3.2,258.0,5.3,180.0
2024,3,31,9,0.29,3.2,270.0,5.7,198.0
2024,3,31,10,0.41,3.0,258.0,8.3,212.0
2024,3,31,11,0.69,3.2,258.0,8.9,210.0
2024,3,31,12,1.11,3.6,258.0,8.6,210.0
2024,3,31,13,1.09,3.8,258.0,9.3,217.0
2024,3,31,14,1.05,3.8,236.0,8.8,195.0
2024,3,31,15,0.92,3.8,247.0,7.9,220.0
2024,3,31,17,0.78,3.7,247.0,8.3,225.0
2024,3,31,18,0.78,3.6,258.0,6.8,222.0
2024,3,31,19,0.64,3.6,258.0,5.2,229.0
2024,3,31,20,0.59,3.8,270.0,3.7,235.0
2024,3,31,21,0.48,3.5,258.0,3.2,213.0
2024,3,31,22,0.45,3.4,281.0,1.7,357.0
2024,4,1,0,0.57,3.4,270.0,3.0,170.0
2024,4,1,1,0.45,3.3,258.0,2.4,185.0
2024,4,1,2,0.38,3.3,258.0,2.1,166.0
2024,4,1,3,0.34,3.6,292.0,1.1,39.0
2024,4,1,6,0.31,3.6,303.0,3.5,20.0
2024,4,1,7,0.26,3.6,303.0,3.5,53.0
2024,4,1,8,0.33,3.5,45.0,3.2,43.0
2024,4,1,9,0.38,3.5,33.0,2.9,74.0
2024,4,1,10,0.4,3.6,22.0,1.4,203.0
2024,4,1,11,0.37,3.7,45.0,1.8,247.0
2024,4,1,12,0.48,4.4,45.0,2.2,200.0
2024,4,1,13,0.41,4.1,45.0,3.3,245.0
2024,4,1,14,0.44,4.0,45.0,2.8,266.0
2024,4,1,15,0.57,4.2,45.0,2.3,256.0
2024,4,1,16,0.56,4.3,45.0,1.8,290.0
2024,4,1,17,0.51,4.3,33.0,4.2,289.0
2024,4,1,18,0.56,4.5,33.0,3.9,332.0
2024,4,1,19,0.62,4.6,33.0,2.3,190.0
2024,4,1,20,0.68,4.5,22.0,2.4,171.0
2024,4,1,21,0.63,4.5,22.0,3.3,164.0
2024,4,1,22,0.54,4.6,22.0,3.4,168.0
2024,4,1,23,0.48,4.6,33.0,2.3,226.0
2024,4,2,0,0.56,4.4,22.0,3.7,183.0
2024,4,2,1,0.55,4.8,33.0,2.8,180.0
2024,4,2,2,0.53,4.5,45.0,1.8,206.0
2024,4,2,3,0.57,4.8,33.0,2.3,203.0
2024,4,2,4,0.56,4.3,22.0,2.6,3.0
2024,4,2,5,0.67,4.4,33.0,2.7,16.0
2024,4,2,6,0.67,4.4,33.0,2.3,27.0
2024,4,2,7,0.74,4.4,22.0,1.6,50.0
2024,4,2,8,0.69,4.4,22.0,1.5,92.0
2024,4,2,10,0.64,4.7,22.0,3.2,210.0
2024,4,2,11,0.62,5.0,22.0,4.1,227.0
2024,4,2,12,0.51,4.9,22.0,5.2,235.0
2024,4,2,13,0.4,4.7,11.0,6.1,220.0
2024,4,2,14,0.49,3.9,33.0,8.2,233.0
2024,4,2,15,0.62,3.2,236.0,8.2,231.0
2024,4,2,16,0.65,3.4,270.0,7.0,225.0
2024,4,2,17,0.79,3.5,258.0,7.3,211.0
2024,4,2,18,0.82,3.6,270.0,6.6,196.0
2024,4,2,19,0.78,3.6,258.0,7.6,195.0
2024,4,2,20,0.9,3.6,258.0,8.1,198.0
2024,4,2,21,0.85,3.5,247.0,8.0,198.0
2024,4,2,22,0.87,3.8,247.0,5.9,192.0
2024,4,2,23,0.83,3.9,247.0,5.0,222.0
2024,4,3,0,0.61,3.6,247.0,4.4,209.0
2024,4,3,1,0.58,3.5,258.0,4.7,187.0
2024,4,3,2,0.52,3.5,258.0,4.7,188.0
2024,4,3,3,0.49,3.4,247.0,6.1,184.0
2024,4,3,4,0.47,3.4,247.0,6.2,192.0
2024,4,3,5,0.48,3.4,258.0,6.7,196.0
2024,4,3,6,0.44,3.4,258.0,4.9,169.0
2024,4,3,7,0.39,3.4,270.0,6.5,164.0
2024,4,3,8,0.46,3.7,337.0,6.1,178.0
2024,4,3,9,0.39,3.2,270.0,6.3,192.0
2024,4,3,10,0.43,3.4,270.0,6.2,222.0
2024,4,3,11,0.42,3.2,270.0,6.4,229.0
2024,4,3,12,0.66,3.2,247.0,7.7,229.0
2024,4,3,13,0.81,3.4,258.0,8.4,232.0
2024,4,3,15,0.85,3.5,258.0,9.1,232.0
2024,4,3,16,0.84,3.6,236.0,8.1,230.0
2024,4,3,17,0.84,3.6,270.0,7.4,207.0
2024,4,3,18,0.81,3.7,236.0,7.5,211.0
2024,4,3,19,0.61,3.4,247.0,6.4,215.0
2024,4,3,20,0.63,3.5,258.0,6.3,221.0
2024,4,3,21,0.61,3.7,247.0,6.0,206.0
2024,4,3,22,0.48,3.6,270.0,5.1,211.0
2024,4,3,23,0.45,3.8,270.0,5.3,202.0
2024,4,4,0,0.47,3.6,258.0,5.1,189.0
2024,4,4,1,0.35,3.5,270.0,6.0,176.0
2024,4,4,2,0.35,3.6,258.0,5.9,167.0
2024,4,4,3,0.32,3.4,281.0,5.4,167.0
2024,4,4,4,0.3,3.8,281.0,4.4,169.0
2024,4,4,5,0.31,3.9,270.0,5.0,169.0
2024,4,4,6,0.3,4.1,292.0,4.8,163.0
2024,4,4,7,0.27,4.2,281.0,3.0,149.0
2024,4,4,8,0.3,4.2,45.0,2.1,166.0
2024,4,4,10,0.28,4.3,303.0,2.0,234.0
2024,4,4,11,0.3,4.6,281.0,3.5,249.0
2024,4,4,12,0.28,4.3,281.0,5.1,284.0
2024,4,4,13,0.31,4.2,281.0,5.2,281.0
2024,4,4,14,0.39,3.6,281.0,7.3,352.0
2024,4,4,15,0.58,3.4,11.0,5.7,20.0
2024,4,4,16,0.8,3.7,11.0,6.7,14.0
2024,4,4,17,1.12,4.2,0.0,6.0,16.0
2024,4,4,18,1.24,4.8,0.0,4.7,3.0
2024,4,4,19,1.18,4.8,0.0,4.5,17.0
2024,4,4,20,1.15,4.8,22.0,4.4,14.0
2024,4,4,21,0.98,4.8,11.0,3.1,11.0
2024,4,4,22,1.14,4.6,22.0,10.4,346.0
2024,4,4,23,2.06,5.1,348.0,13.9,343.0
2024,4,5,0,2.17,5.2,22.0,11.0,25.0
2024,4,5,1,1.92,5.4,11.0,7.1,67.0
2024,4,5,2,1.83,5.9,11.0,2.5,47.0
2024,4,5,3,1.61,5.7,0.0,1.3,63.0
2024,4,5,4,1.57,6.1,348.0,1.4,78.0
2024,4,5,6,1.18,5.5,22.0,1.5,280.0
2024,4,5,7,1.82,5.9,11.0,7.8,8.0
2024,4,5,8,1.67,5.3,11.0,8.7,3.0
2024,4,5,9,1.99,5.4,11.0,8.6,11.0
2024,4,5,10,1.68,5.2,11.0,8.4,20.0
2024,4,5,11,1.77,5.2,0.0,8.4,5.0
2024,4,5,12,1.58,5.1,0.0,7.7,360.0
2024,4,5,13,1.79,5.2,0.0,10.5,348.0
2024,4,5,14,1.99,5.2,11.0,11.5,359.0
2024,4,5,15,2.3,5.6,22.0,11.7,358.0
2024,4,5,16,2.13,5.5,11.0,10.6,2.0
2024,4,5,17,2.41,5.6,11.0,11.8,5.0
2024,4,5,18,2.44,5.8,22.0,11.9,29.0
2024,4,5,19,2.25,5.7,22.0,9.8,26.0
2024,4,5,20,2.16,5.8,22.0,7.9,49.0
2024,4,5,21,1.93,5.9,22.0,7.1,356.0
2024,4,5,22,1.91,5.6,11.0,8.9,359.0
2024,4,5,23,1.78,5.3,22.0,8.6,6.0
2024,4,6,0,1.62,5.2,22.0,8.1,7.0
2024,4,6,1,1.57,4.9,11.0,9.5,358.0
2024,4,6,2,1.33,4.8,348.0,8.4,353.0
2024,4,6,3,1.67,5.1,22.0,8.4,38.0
2024,4,6,4,1.52,5.1,22.0,8.0,49.0
2024,4,6,5,1.26,5.2,33.0,6.8,43.0
2024,4,6,6,1.2,4.9,11.0,7.3,31.0
2024,4,6,7,1.32,4.9,22.0,7.9,34.0
2024,4,6,8,1.32,4.9,11.0,7.6,30.0
2024,4,6,9,1.43,5.0,11.0,6.6,9.0
2024,4,6,10,1.4,4.8,11.0,7.5,2.0
2024,4,6,11,1.31,4.6,11.0,9.0,5.0
2024,4,6,12,1.37,4.7,11.0,10.3,5.0
2024,4,6,13,1.4,4.6,22.0,9.0,357.0
2024,4,6,14,1.42,4.8,22.0,8.6,9.0
2024,4,6,15,1.24,4.6,11.0,8.0,360.0
2024,4,6,16,1.47,4.8,0.0,7.9,351.0
2024,4,6,17,1.27,4.6,22.0,7.2,20.0
2024,4,6,18,1.22,4.8,22.0,6.9,28.0
2024,4,6,19,1.25,4.7,22.0,7.0,22.0
2024,4,6,20,1.32,4.9,33.0,6.5,30.0
2024,4,6,21,1.15,4.6,11.0,6.7,22.0
2024,4,6,22,1.25,4.7,11.0,6.9,356.0
2024,4,6,23,1.33,4.7,11.0,7.6,24.0
2024,4,7,0,1.11,4.5,11.0,7.5,18.0
2024,4,7,1,1.3,5.0,11.0,7.2,9.0
2024,4,7,2,1.11,4.7,22.0,6.7,359.0
2024,4,7,3,1.06,4.8,0.0,7.5,33.0
2024,4,7,4,1.18,5.2,22.0,3.4,53.0
2024,4,7,5,0.96,5.1,22.0,3.8,6.0
2024,4,7,6,1.09,5.2,22.0,4.3,24.0
2024,4,7,7,1.12,4.9,33.0,5.5,44.0
2024,4,7,8,1.28,5.0,33.0,5.6,68.0
2024,4,7,9,1.16,5.2,33.0,5.4,35.0
2024,4,7,10,1.16,5.1,33.0,4.0,31.0
2024,4,7,11,1.24,5.0,22.0,4.8,2.0
2024,4,7,12,1.15,4.7,11.0,9.7,1.0
2024,4,7,13,1.32,4.6,0.0,7.9,13.0
2024,4,7,14,1.19,4.6,11.0,7.6,13.0
2024,4,7,15,1.43,4.7,11.0,8.8,18.0
2024,4,7,16,1.44,4.7,0.0,8.2,20.0
2024,4,7,17,1.46,5.0,11.0,7.6,23.0
2024,4,7,18,1.41,5.0,22.0,8.7,23.0
2024,4,7,19,1.56,5.1,22.0,7.4,26.0
2024,4,7,20,1.64,5.2,11.0,5.9,28.0
2024,4,7,21,1.53,5.2,22.0,6.3,23.0
2024,4,7,22,1.55,5.3,33.0,5.3,22.0
2024,4,7,23,1.25,4.9,11.0,5.0,27.0
2024,4,8,0,1.18,4.9,22.0,4.6,11.0
2024,4,8,1,1.09,4.9,11.0,3.9,23.0
2024,4,8,2,0.94,4.9,0.0,3.6,20.0
2024,4,8,3,0.98,4.8,11.0,4.2,9.0
2024,4,8,4,0.84,4.6,348.0,4.8,18.0
2024,4,8,5,0.99,4.8,0.0,4.3,16.0
2024,4,8,6,1.06,4.7,0.0,5.7,357.0
2024,4,8,7,1.11,4.8,11.0,4.0,15.0
2024,4,8,8,1.14,4.9,11.0,4.6,12.0
2024,4,8,9,1.17,4.8,22.0,4.1,10.0
2024,4,8,10,1.13,4.9,33.0,3.4,354.0
2024,4,8,11,1.2,5.3,33.0,3.0,3.0
2024,4,8,12,1.06,4.8,22.0,2.4,21.0
2024,4,8,13,1.04,4.9,0.0,3.5,360.0
2024,4,8,16,0.79,4.5,11.0,6.2,331.0
2024,4,8,20,0.78,4.2,33.0,6.5,36.0
2024,4,9,0,1.37,4.3,22.0,10.2,17.0
2024,4,9,4,2.25,5.4,11.0,14.1,20.0
2024,4,9,8,2.76,5.9,11.0,13.4,21.0
2024,4,9,12,3.06,5.9,11.0,13.8,15.0
2024,4,9,16,2.42,5.5,11.0,13.6,10.0
2024,4,9,20,3.15,6.3,11.0,12.2,12.0
2024,4,10,0,2.38,5.8,11.0,9.3,23.0
2024,4,10,4,1.74,5.2,0.0,8.4,12.0
2024,4,10,8,1.88,5.7,11.0,6.1,36.0
2024,4,10,12,1.82,5.3,11.0,7.0,352.0
2024,4,10,16,1.73,5.3,348.0,6.8,341.0
2024,4,10,20,1.79,5.3,348.0,7.8,2.0
2024,4,11,0,1.98,5.7,22.0,4.5,354.0
2024,4,11,4,1.39,5.0,11.0,7.1,349.0
2024,4,11,8,1.46,5.0,0.0,5.9,8.0
2024,4,11,12,1.54,5.2,22.0,5.7,12.0
2024,4,11,16,1.18,4.7,11.0,5.5,12.0
2024,4,11,20,0.9,4.9,11.0,5.6,9.0
2024,4,12,4,0.76,4.9,22.0,4.1,338.0
2024,4,12,12,0.6,5.0,22.0,3.5,218.0
2024,4,12,16,0.48,5.4,11.0,3.1,278.0
2024,4,12,20,0.38,4.8,11.0,1.7,164.0
2024,4,13,0,0.4,5.4,11.0,2.9,232.0
2024,4,13,8,0.37,5.3,22.0,2.0,13.0
2024,4,13,12,0.49,3.9,22.0,4.6,7.0
2024,4,13,16,0.61,4.1,11.0,4.6,351.0
2024,4,13,20,0.63,4.3,11.0,1.1,12.0
2024,4,14,0,0.5,4.3,11.0,1.7,359.0
2024,4,14,4,0.67,4.8,33.0,2.4,335.0
2024,4,14,8,0.65,4.6,22.0,2.0,316.0
2024,4,14,12,0.51,4.6,11.0,3.6,308.0
2024,4,14,20,0.34,4.9,11.0,4.1,185.0
2024,4,15,0,0.26,4.0,22.0,4.7,188.0
2024,4,15,4,0.26,4.6,22.0,2.6,180.0
2024,4,15,8,0.41,4.1,33.0,4.3,201.0
2024,4,15,12,0.27,3.4,303.0,4.1,233.0
2024,4,15,20,0.29,3.4,326.0,4.5,212.0
2024,4,16,0,0.27,3.5,292.0,3.2,199.0
2024,4,16,4,0.25,4.2,11.0,1.7,157.0
2024,4,16,8,0.35,5.0,45.0,2.3,221.0
2024,4,16,12,0.31,4.9,348.0,4.3,249.0
2024,4,16,16,0.47,3.4,56.0,5.1,258.0
2024,4,16,20,0.38,4.5,11.0,1.7,193.0
2024,4,17,4,0.47,4.9,33.0,2.0,166.0
2024,4,17,8,0.44,4.9,33.0,4.9,183.0
2024,4,17,12,0.59,3.2,236.0,7.2,230.0
2024,4,17,16,0.67,3.5,247.0,6.5,235.0
2024,4,17,20,0.45,3.5,270.0,5.4,160.0
2024,4,18,0,0.29,3.7,292.0,4.6,199.0
2024,4,18,4,0.26,3.6,281.0,3.9,195.0
2024,4,18,8,0.4,3.7,33.0,2.7,179.0
2024,4,18,12,1.15,4.3,11.0,8.5,12.0
2024,4,18,16,1.78,5.1,22.0,9.7,21.0
2024,4,18,20,2.0,5.6,22.0,7.5,20.0
2024,4,19,0,1.51,5.2,11.0,9.5,353.0
2024,4,19,4,1.61,5.6,11.0,5.8,38.0
2024,4,19,8,1.43,5.5,33.0,2.6,23.0
2024,4,19,12,1.13,5.3,11.0,4.0,301.0
2024,4,19,16,1.14,5.0,0.0,2.8,3.0
2024,4,19,20,1.03,4.8,22.0,2.7,74.0
2024,4,20,0,0.62,5.3,22.0,4.5,191.0
2024,4,20,4,0.52,5.4,22.0,4.8,156.0
2024,4,20,8,0.62,4.1,258.0,5.3,177.0
2024,4,20,12,0.57,3.6,270.0,6.6,231.0
2024,4,20,16,0.87,3.7,258.0,6.9,232.0
2024,4,20,20,0.92,3.6,258.0,4.6,220.0
2024,4,21,0,0.36,3.5,270.0,5.9,172.0
2024,4,21,4,0.3,3.2,270.0,7.4,155.0
2024,4,21,8,0.45,3.6,45.0,5.7,212.0
2024,4,21,12,0.38,3.4,292.0,4.5,263.0
2024,4,21,16,0.47,3.7,270.0,2.9,296.0
2024,4,21,20,0.52,3.5,236.0,1.9,150.0
2024,4,22,0,0.25,3.7,11.0,4.2,177.0
2024,4,22,4,0.24,4.0,270.0,3.6,172.0
2024,4,22,8,0.41,3.9,11.0,4.7,158.0
2024,4,22,12,0.32,3.9,11.0,2.7,238.0
2024,4,22,20,0.47,3.8,22.0,4.9,233.0
2024,4,23,0,0.31,3.9,270.0,5.1,172.0
2024,4,23,4,0.44,3.5,247.0,6.5,151.0
2024,4,23,8,0.39,3.6,22.0,6.0,154.0
2024,4,23,12,0.29,3.7,270.0,5.5,183.0
2024,4,23,16,0.84,4.1,258.0,7.6,236.0
2024,4,23,20,0.57,3.6,258.0,4.3,162.0
2024,4,24,0,0.36,3.9,315.0,2.3,147.0
2024,4,24,4,0.4,4.3,22.0,3.4,136.0
2024,4,24,8,0.43,4.4,22.0,4.8,141.0
2024,4,24,12,0.41,4.3,22.0,8.1,28.0
2024,4,24,16,1.72,5.4,11.0,7.0,6.0
2024,4,24,20,1.48,5.3,33.0,7.9,31.0
2024,4,25,0,1.35,5.1,22.0,5.3,29.0
2024,4,25,4,1.01,5.3,11.0,2.5,333.0
2024,4,25,8,1.17,4.9,22.0,5.3,108.0
2024,4,25,12,1.16,4.9,33.0,6.6,337.0
2024,4,25,16,0.98,4.4,22.0,6.0,8.0
2024,4,25,20,0.88,4.8,11.0,3.7,134.0
2024,4,26,0,0.57,4.4,45.0,9.4,148.0
2024,4,26,4,0.33,5.3,0.0,3.9,145.0
2024,4,26,8,0.47,5.4,33.0,3.5,137.0
2024,4,26,12,1.19,3.9,236.0,10.1,226.0
2024,4,26,16,0.92,4.0,247.0,7.6,139.0
2024,4,26,20,0.87,3.5,247.0,7.2,205.0
2024,4,27,0,0.97,3.9,258.0,8.5,212.0
2024,4,27,4,1.09,4.0,247.0,10.6,208.0
2024,4,27,8,0.98,3.8,258.0,6.7,249.0
2024,4,27,12,0.95,4.3,247.0,2.9,190.0
2024,4,27,16,0.84,3.8,258.0,8.2,240.0
2024,4,27,20,0.98,3.8,258.0,5.0,231.0
2024,4,28,0,0.67,4.0,270.0,6.0,191.0
2024,4,28,4,0.57,3.4,146.0,9.3,148.0
2024,4,28,8,0.8,3.7,281.0,7.7,237.0
2024,4,28,12,0.65,3.3,157.0,10.3,139.0
2024,4,28,16,0.44,3.2,157.0,4.9,157.0
2024,4,28,20,0.34,3.8,292.0,3.4,227.0
2024,4,29,0,0.44,3.4,258.0,5.7,208.0
2024,4,29,4,0.42,3.8,258.0,2.2,214.0
2024,4,29,8,0.45,4.2,45.0,4.9,155.0
2024,4,29,12,0.29,3.6,247.0,6.1,233.0
2024,4,29,16,0.38,3.6,281.0,5.4,202.0
2024,4,29,20,0.34,3.6,292.0,6.0,208.0
2024,4,30,0,0.29,3.3,258.0,4.9,181.0
2024,4,30,4,0.31,4.3,270.0,4.9,177.0
2024,4,30,8,0.4,4.1,22.0,5.3,184.0
2024,4,30,12,0.73,3.4,236.0,8.6,218.0
2024,4,30,16,0.9,3.7,258.0,3.4,1.0
2024,5,1,0,0.32,3.9,270.0,7.8,254.0
2024,5,1,4,0.46,2.9,157.0,10.4,138.0
2024,5,1,8,0.35,3.8,78.0,6.1,156.0
2024,5,1,12,0.49,3.2,348.0,6.2,15.0
2024,5,1,16,1.43,5.4,11.0,3.4,28.0
2024,5,1,20,1.66,5.6,0.0,8.6,13.0
2024,5,2,0,1.7,5.5,11.0,8.6,36.0
2024,5,2,4,1.55,5.4,11.0,7.5,11.0
2024,5,2,8,1.8,5.7,348.0,8.5,13.0
2024,5,2,12,2.0,5.2,11.0,9.9,14.0
2024,5,2,16,2.28,5.6,22.0,10.3,25.0
2024,5,2,20,2.15,5.5,22.0,10.2,18.0
2024,5,3,0,1.97,5.2,22.0,9.8,13.0
2024,5,3,4,1.89,5.3,22.0,11.2,19.0
2024,5,3,8,1.79,5.4,22.0,8.6,20.0
2024,5,3,12,1.68,4.8,22.0,9.7,1.0
2024,5,3,16,1.77,5.1,11.0,9.8,358.0
2024,5,3,20,1.71,5.4,11.0,7.6,14.0
2024,5,4,0,1.48,4.8,11.0,8.2,13.0
2024,5,4,4,1.4,5.2,11.0,6.8,40.0
2024,5,4,8,1.42,5.3,22.0,5.6,37.0
2024,5,4,12,1.18,5.0,0.0,5.0,350.0
2024,5,4,16,1.36,5.1,0.0,7.2,10.0
2024,5,4,20,1.54,5.2,33.0,6.0,35.0
2024,5,5,0,0.9,4.8,22.0,4.8,357.0
2024,5,5,4,0.78,5.0,22.0,3.5,4.0
2024,5,5,8,0.79,4.7,33.0,2.6,26.0
2024,5,5,12,0.8,4.4,22.0,2.8,85.0
2024,5,5,16,0.5,4.9,33.0,2.4,253.0
2024,5,5,20,0.44,4.9,22.0,2.7,171.0
2024,5,6,0,0.34,4.7,45.0,2.0,180.0
2024,5,6,4,0.28,4.8,258.0,4.4,216.0
2024,5,6,8,0.4,4.9,33.0,3.5,185.0
2024,5,6,12,0.29,4.2,348.0,3.0,261.0
2024,5,6,16,0.25,4.8,22.0,3.5,312.0
2024,5,6,20,0.41,3.9,45.0,4.0,21.0
2024,5,7,0,0.62,3.9,33.0,6.1,4.0
2024,5,7,4,1.18,4.4,33.0,6.2,48.0
2024,5,7,8,1.15,4.8,11.0,6.3,37.0
2024,5,7,12,1.47,4.8,11.0,8.3,3.0
2024,5,7,16,1.55,5.0,22.0,9.5,16.0
2024,5,7,20,1.82,5.4,33.0,7.1,15.0
2024,5,8,0,1.29,4.9,45.0,5.5,6.0
2024,5,8,4,0.83,4.5,22.0,3.7,37.0
2024,5,8,8,0.82,4.2,33.0,6.0,52.0
2024,5,8,12,1.43,4.5,11.0,10.3,3.0
2024,5,8,16,2.44,5.6,11.0,12.9,7.0
2024,5,8,20,3.01,6.2,33.0,12.0,37.0
2024,5,9,0,2.26,5.3,11.0,11.0,20.0
2024,5,9,4,2.37,5.3,22.0,12.5,24.0
2024,5,9,8,2.15,5.6,33.0,11.4,36.0
2024,5,9,12,2.98,5.7,22.0,12.8,7.0
2024,5,9,13,2.66,5.7,22.0,12.5,10.0
2024,5,9,14,2.96,6.0,11.0,12.9,8.0
2024,5,9,15,2.75,5.6,22.0,12.4,10.0
2024,5,9,16,2.53,5.6,22.0,12.0,7.0
2024,5,9,17,2.47,5.7,11.0,11.7,3.0
2024,5,9,18,2.07,5.5,0.0,11.0,6.0
2024,5,9,19,2.02,5.5,11.0,10.5,11.0
2024,5,9,20,2.23,5.6,22.0,9.7,18.0
2024,5,9,21,2.25,5.9,22.0,9.2,27.0
2024,5,9,22,2.05,5.7,11.0,8.8,10.0
2024,5,9,23,2.06,5.4,11.0,7.9,18.0
2024,5,10,0,1.84,5.2,22.0,7.3,11.0
2024,5,10,1,1.83,5.3,11.0,6.6,19.0
2024,5,10,2,1.4,5.1,11.0,6.2,10.0
2024,5,10,3,1.24,4.9,11.0,5.9,12.0
2024,5,10,4,1.23,5.0,11.0,5.4,26.0
2024,5,10,5,1.13,4.8,0.0,5.7,23.0
2024,5,10,6,1.17,5.0,22.0,4.7,45.0
2024,5,10,7,1.06,5.0,0.0,4.1,52.0
2024,5,10,8,1.22,5.2,22.0,5.2,41.0
2024,5,10,9,1.17,5.1,22.0,5.4,41.0
2024,5,10,10,1.33,5.1,22.0,4.5,27.0
2024,5,10,11,1.26,5.1,22.0,5.0,18.0
2024,5,10,12,1.23,5.2,33.0,4.2,9.0
2024,5,10,13,1.12,5.1,33.0,4.3,341.0
2024,5,10,14,1.08,5.0,22.0,5.2,331.0
2024,5,10,15,1.16,4.4,0.0,7.5,332.0
2024,5,10,16,1.24,4.6,11.0,7.0,357.0
2024,5,10,17,1.25,4.7,0.0,6.8,353.0
2024,5,10,18,1.29,4.8,11.0,5.2,23.0
2024,5,10,19,1.17,5.0,0.0,4.1,29.0
2024,5,10,20,1.32,5.3,11.0,4.0,22.0
2024,5,10,21,1.11,5.1,11.0,3.4,28.0
2024,5,10,22,1.34,5.3,22.0,3.4,16.0
2024,5,10,23,1.15,5.1,22.0,2.7,15.0
2024,5,11,0,1.13,4.9,33.0,2.6,17.0
2024,5,11,1,1.16,5.1,22.0,1.5,359.0
2024,5,11,2,1.12,4.9,22.0,2.2,331.0
2024,5,11,5,0.73,4.7,11.0,1.4,284.0
2024,5,11,6,0.62,4.5,11.0,2.4,313.0
2024,5,11,7,0.57,4.7,22.0,2.2,335.0
2024,5,11,8,0.64,4.5,22.0,2.1,341.0
2024,5,11,9,0.65,4.9,11.0,1.3,345.0
2024,5,11,10,0.59,5.0,22.0,1.4,320.0
2024,5,11,11,0.6,4.9,11.0,1.8,322.0
2024,5,11,12,0.68,5.0,22.0,1.2,290.0
2024,5,11,13,0.64,5.2,33.0,1.3,273.0
2024,5,11,14,0.59,5.1,11.0,2.6,271.0
2024,5,11,15,0.67,5.3,22.0,2.7,271.0
2024,5,11,16,0.6,5.3,22.0,2.5,290.0
2024,5,11,17,0.44,4.8,0.0,2.7,295.0
2024,5,11,18,0.47,4.7,33.0,1.8,316.0
2024,5,11,21,0.42,5.0,11.0,1.5,168.0
2024,5,11,22,0.36,4.8,0.0,1.6,174.0
2024,5,11,23,0.39,4.8,33.0,3.3,173.0
2024,5,12,0,0.36,4.8,11.0,2.8,148.0
2024,5,12,1,0.4,5.2,45.0,4.0,155.0
2024,5,12,2,0.34,5.0,22.0,3.8,153.0
2024,5,12,3,0.31,5.0,33.0,3.9,143.0
2024,5,12,4,0.3,5.0,33.0,4.2,145.0
2024,5,12,5,0.3,5.0,45.0,3.8,154.0
2024,5,12,6,0.29,5.0,11.0,3.6,155.0
2024,5,12,7,0.27,5.2,11.0,2.9,153.0
2024,5,12,8,0.39,4.8,33.0,1.9,194.0
2024,5,12,9,0.24,4.5,11.0,1.8,221.0
2024,5,12,10,0.27,4.3,22.0,2.8,221.0
2024,5,12,11,0.27,4.5,22.0,2.7,235.0
2024,5,12,12,0.23,4.6,11.0,3.4,245.0
2024,5,12,14,0.23,4.4,22.0,3.9,260.0
2024,5,12,15,0.23,4.6,258.0,4.8,267.0
2024,5,12,16,0.21,4.5,348.0,4.3,266.0
2024,5,12,17,0.24,4.6,0.0,3.1,292.0
2024,5,12,18,0.33,4.4,270.0,1.5,227.0
2024,5,12,19,0.24,3.8,315.0,1.2,176.0
2024,5,12,20,0.3,4.0,33.0,1.7,174.0
2024,5,12,21,0.21,3.7,45.0,2.0,167.0
2024,5,12,23,0.24,3.6,281.0,1.4,357.0
2024,5,13,0,0.21,3.6,292.0,6.1,26.0
2024,5,13,1,0.48,3.2,56.0,8.3,29.0
2024,5,13,2,0.93,3.7,33.0,10.6,15.0
2024,5,13,3,1.58,4.4,11.0,11.4,18.0
2024,5,13,4,2.21,5.0,11.0,12.1,14.0
2024,5,13,5,2.34,5.4,11.0,13.4,16.0
2024,5,13,6,2.86,6.1,11.0,13.7,16.0
2024,5,13,7,2.99,6.2,0.0,13.4,14.0
2024,5,13,8,2.82,6.0,0.0,13.8,12.0
2024,5,13,9,2.97,6.3,0.0,13.3,15.0
2024,5,13,10,2.58,6.1,0.0,13.5,14.0
2024,5,13,11,2.96,6.2,0.0,13.8,13.0
2024,5,13,12,3.25,6.3,11.0,13.9,16.0
2024,5,13,13,3.63,6.5,11.0,13.7,13.0
2024,5,13,14,3.52,6.3,11.0,13.0,27.0
2024,5,13,15,2.89,5.9,0.0,13.8,13.0
2024,5,13,16,3.38,6.4,0.0,13.7,11.0
2024,5,13,17,2.92,5.8,0.0,14.1,12.0
2024,5,13,18,2.57,5.7,0.0,13.7,11.0
2024,5,13,19,2.57,5.7,11.0,14.0,10.0
2024,5,13,20,2.58,5.6,11.0,13.5,20.0
2024,5,13,21,2.39,5.7,11.0,13.5,13.0
2024,5,13,22,2.4,5.6,22.0,12.9,17.0
2024,5,13,23,2.48,5.8,22.0,13.1,19.0
2024,5,14,0,2.63,5.7,33.0,12.7,19.0
2024,5,14,1,2.64,5.8,22.0,11.6,22.0
2024,5,14,2,2.24,5.4,11.0,11.3,17.0
2024,5,14,3,2.74,5.7,22.0,10.9,20.0
2024,5,14,4,2.48,5.5,11.0,11.0,21.0
2024,5,14,5,2.23,5.4,11.0,10.9,19.0
2024,5,14,6,1.91,5.2,11.0,11.0,16.0
2024,5,14,7,1.96,5.0,11.0,10.9,18.0
2024,5,14,8,1.9,5.1,22.0,10.3,15.0
2024,5,14,9,1.95,4.9,11.0,9.9,19.0
2024,5,14,10,1.9,5.1,11.0,9.8,14.0
2024,5,14,11,1.87,5.5,11.0,9.3,15.0
2024,5,14,12,1.77,5.1,11.0,8.5,18.0
2024,5,14,13,1.85,5.3,22.0,8.6,12.0
2024,5,14,14,1.86,5.1,22.0,9.6,20.0
2024,5,14,15,1.91,5.2,33.0,9.7,24.0
2024,5,14,16,1.82,5.0,22.0,9.2,6.0
2024,5,14,17,1.76,5.1,11.0,9.3,7.0
2024,5,14,18,1.55,4.9,0.0,8.9,9.0
2024,5,14,19,1.44,5.0,22.0,8.6,9.0
2024,5,14,20,1.38,5.0,11.0,8.1,17.0
2024,5,14,21,1.4,4.9,11.0,7.9,17.0
2024,5,14,22,1.24,4.8,22.0,8.6,33.0
2024,5,14,23,1.15,4.6,22.0,8.3,37.0
2024,5,15,0,1.23,4.8,22.0,7.9,36.0
2024,5,15,1,1.4,4.8,33.0,8.2,31.0
2024,5,15,2,1.46,4.8,33.0,8.6,36.0
2024,5,15,3,1.59,4.7,33.0,8.4,29.0
2024,5,15,4,1.42,4.7,33.0,9.1,38.0
2024,5,15,5,1.41,4.6,22.0,9.5,9.0
2024,5,15,6,1.45,4.6,22.0,9.5,12.0
2024,5,15,7,1.33,4.7,11.0,8.1,18.0
2024,5,15,8,1.19,4.4,11.0,8.8,11.0
2024,5,15,9,1.24,4.3,11.0,8.8,13.0
2024,5,15,10,1.26,4.4,11.0,8.8,9.0
2024,5,15,11,1.42,4.7,22.0,7.8,15.0
2024,5,15,12,1.45,4.8,22.0,8.1,359.0
2024,5,15,13,1.37,4.7,22.0,8.7,359.0
2024,5,15,14,1.43,4.7,22.0,8.6,1.0
2024,5,15,15,1.56,4.8,11.0,9.0,3.0
2024,5,15,16,1.53,4.9,33.0,9.9,18.0
2024,5,15,17,1.7,4.9,22.0,10.5,4.0
2024,5,15,18,1.65,4.9,22.0,11.6,13.0
2024,5,15,19,2.04,5.3,22.0,10.7,21.0
2024,5,15,20,1.88,5.1,33.0,9.4,32.0
2024,5,15,21,1.67,5.1,22.0,9.8,27.0
2024,5,15,22,1.39,4.9,22.0,9.3,22.0
2024,5,15,23,1.44,5.0,22.0,8.5,19.0
2024,5,16,0,1.49,5.3,22.0,10.3,21.0
2024,5,16,1,1.69,5.0,33.0,9.7,36.0
2024,5,16,2,2.36,5.5,22.0,12.4,34.0
2024,5,16,3,2.75,5.6,22.0,12.9,19.0
2024,5,16,4,2.86,5.7,22.0,14.0,17.0
2024,5,16,5,2.85,5.7,11.0,13.2,21.0
2024,5,16,6,2.99,5.6,22.0,14.0,19.0
2024,5,16,7,2.92,5.5,11.0,15.4,16.0
2024,5,16,8,2.74,5.4,22.0,14.7,16.0
2024,5,16,9,2.69,5.7,0.0,13.7,13.0
2024,5,16,10,2.55,5.4,0.0,13.2,7.0
2024,5,16,11,2.51,5.3,0.0,13.2,5.0
2024,5,16,12,2.52,5.5,11.0,13.5,5.0
2024,5,16,13,2.68,5.8,11.0,13.1,2.0
2024,5,16,14,2.55,5.8,0.0,13.4,1.0
2024,5,16,15,2.82,5.7,22.0,12.4,5.0
2024,5,16,16,2.66,6.0,11.0,12.4,1.0
2024,5,16,17,2.63,5.6,11.0,11.8,3.0
2024,5,16,18,2.5,5.7,22.0,11.3,356.0
2024,5,16,19,2.37,5.6,11.0,9.5,3.0
2024,5,16,20,2.17,5.6,22.0,8.4,3.0
2024,5,16,21,1.64,5.0,22.0,6.7,10.0
2024,5,16,22,1.68,5.2,11.0,5.4,4.0
2024,5,16,23,1.3,5.2,22.0,3.7,7.0
2024,5,17,0,1.24,5.3,11.0,3.2,360.0
2024,5,17,1,1.23,5.5,11.0,2.7,3.0
2024,5,17,3,1.19,5.3,11.0,1.5,338.0
2024,5,17,5,1.13,5.2,22.0,2.3,345.0
2024,5,17,6,1.05,4.8,11.0,6.0,339.0
2024,5,17,7,1.27,4.9,22.0,5.5,338.0
2024,5,17,8,1.33,5.0,11.0,4.8,352.0
2024,5,17,9,1.22,4.8,11.0,5.5,344.0
2024,5,17,10,1.15,4.7,0.0,4.6,349.0
2024,5,17,11,1.26,5.1,0.0,4.9,349.0
2024,5,17,12,1.19,4.9,348.0,5.5,352.0
2024,5,17,13,1.2,4.8,0.0,5.8,1.0
2024,5,17,14,1.06,4.7,0.0,5.4,13.0
2024,5,17,15,1.16,5.0,11.0,5.7,17.0
2024,5,17,16,1.23,5.1,11.0,4.7,23.0
2024,5,17,17,1.2,5.0,22.0,4.1,3.0
2024,5,17,18,1.22,5.3,22.0,4.2,14.0
2024,5,17,19,1.09,4.9,22.0,3.6,22.0
2024,5,17,20,1.05,5.1,33.0,3.5,24.0
2024,5,17,21,0.97,4.9,11.0,4.1,11.0
2024,5,17,22,0.89,5.0,22.0,3.6,31.0
2024,5,17,23,0.78,4.7,11.0,4.4,4.0
2024,5,18,0,0.77,4.7,22.0,4.5,3.0
2024,5,18,1,0.74,4.5,11.0,4.7,14.0
2024,5,18,2,0.78,4.5,11.0,4.8,18.0
2024,5,18,3,0.76,4.4,22.0,5.0,9.0
2024,5,18,4,0.77,4.4,22.0,5.4,19.0
2024,5,18,5,0.71,4.3,22.0,4.0,35.0
2024,5,18,6,0.81,4.4,33.0,5.4,19.0
2024,5,18,7,0.74,4.4,22.0,4.5,23.0
2024,5,18,8,0.92,4.4,33.0,4.1,32.0
2024,5,18,9,0.77,4.3,22.0,4.7,22.0
2024,5,18,10,0.71,4.2,33.0,5.9,2.0
2024,5,18,11,0.71,3.9,11.0,6.1,9.0
2024,5,18,12,0.76,4.1,22.0,5.3,3.0
2024,5,18,13,0.82,4.2,11.0,5.7,358.0
2024,5,18,14,0.77,4.0,11.0,6.0,2.0
2024,5,18,15,0.84,4.3,11.0,5.3,4.0
2024,5,18,16,0.9,4.2,11.0,5.2,11.0
2024,5,18,17,0.98,4.3,11.0,5.5,6.0
2024,5,18,18,1.1,4.6,22.0,5.8,16.0
2024,5,18,19,1.0,4.5,22.0,4.1,14.0
2024,5,18,20,0.98,4.6,11.0,3.5,3.0
2024,5,18,21,1.09,4.8,33.0,3.4,29.0
2024,5,18,22,1.17,5.0,22.0,2.8,23.0
2024,5,18,23,1.08,5.2,33.0,3.2,40.0
2024,5,19,0,1.23,5.1,33.0,4.3,27.0
2024,5,19,1,1.23,5.3,22.0,4.0,30.0
2024,5,19,2,1.22,5.4,22.0,1.8,45.0
2024,5,19,3,1.01,5.1,22.0,3.3,35.0
2024,5,19,4,1.05,5.2,22.0,2.6,44.0
2024,5,19,5,1.21,5.3,22.0,2.7,66.0
2024,5,19,6,1.07,4.9,45.0,2.4,79.0
2024,5,19,7,1.18,5.3,22.0,1.8,155.0
2024,5,19,9,1.05,5.1,45.0,3.0,37.0
2024,5,19,10,1.22,5.2,33.0,2.9,15.0
2024,5,19,11,1.11,5.5,33.0,2.7,3.0
2024,5,19,12,1.06,5.1,33.0,3.8,7.0
2024,5,19,13,1.02,5.0,22.0,5.3,11.0
2024,5,19,14,1.15,5.1,33.0,5.8,21.0
2024,5,19,15,1.1,4.9,22.0,5.6,21.0
2024,5,19,16,1.1,4.9,11.0,5.7,17.0
2024,5,19,17,1.2,5.1,22.0,5.3,27.0
2024,5,19,18,1.4,5.2,22.0,3.9,32.0
2024,5,19,19,1.45,5.4,22.0,4.2,25.0
2024,5,19,20,1.27,5.4,33.0,3.6,11.0
2024,5,19,21,1.13,5.1,22.0,3.3,7.0
2024,5,19,22,1.03,5.1,22.0,2.5,360.0
2024,5,19,23,0.91,4.9,33.0,2.1,359.0
2024,5,20,0,0.97,5.0,22.0,1.3,358.0
2024,5,20,1,0.88,4.9,22.0,1.7,342.0
2024,5,20,3,0.66,4.8,11.0,1.6,39.0
2024,5,20,4,0.8,5.0,22.0,1.9,10.0
2024,5,20,5,0.76,4.9,22.0,4.9,359.0
2024,5,20,6,0.85,4.6,22.0,5.3,3.0
2024,5,20,8,0.89,4.3,33.0,5.5,8.0
2024,5,20,9,1.06,4.4,0.0,5.0,14.0
2024,5,20,10,1.09,4.6,22.0,4.4,22.0
2024,5,20,11,1.07,4.6,11.0,3.9,16.0
2024,5,20,12,1.11,4.8,11.0,4.1,13.0
2024,5,20,13,1.08,4.8,0.0,4.0,13.0
2024,5,20,14,0.97,4.7,0.0,3.5,8.0
2024,5,20,15,0.87,4.8,11.0,3.3,1.0
2024,5,20,16,0.72,4.6,11.0,3.7,353.0
2024,5,20,17,0.72,4.5,0.0,3.4,4.0
2024,5,20,18,0.88,4.8,22.0,4.0,350.0
2024,5,20,19,1.17,5.0,11.0,4.5,4.0
2024,5,20,20,1.35,5.2,11.0,4.3,21.0
2024,5,20,21,1.57,5.5,33.0,2.9,14.0
2024,5,20,22,1.6,5.4,33.0,4.9,18.0
2024,5,20,23,1.3,5.1,22.0,4.9,26.0
2024,5,21,0,1.28,5.2,22.0,3.5,33.0
2024,5,21,1,1.15,4.9,11.0,3.2,50.0
2024,5,21,2,1.35,5.4,11.0,1.1,158.0
2024,5,21,3,1.04,5.2,11.0,1.7,183.0
2024,5,21,4,0.96,5.0,22.0,2.2,225.0
2024,5,21,5,1.07,5.2,22.0,1.9,195.0
2024,5,21,8,1.14,5.5,22.0,1.6,354.0
2024,5,21,9,1.13,5.4,22.0,1.5,28.0
2024,5,21,10,0.92,5.1,45.0,2.8,21.0
2024,5,21,11,1.07,5.2,22.0,2.9,30.0
2024,5,21,12,0.83,4.9,33.0,3.6,33.0
2024,5,21,13,0.86,5.1,11.0,3.5,24.0
2024,5,21,14,0.8,4.8,11.0,3.1,12.0
2024,5,21,15,0.61,4.7,11.0,2.5,3.0
2024,5,21,16,0.62,4.6,11.0,2.8,355.0
2024,5,21,17,0.7,4.8,11.0,2.7,20.0
2024,5,21,18,0.64,4.8,22.0,2.3,56.0
2024,5,21,19,0.65,4.9,11.0,1.1,91.0
2024,5,21,21,0.75,4.8,22.0,1.2,155.0
2024,5,22,0,0.88,5.0,22.0,3.0,304.0
2024,5,22,1,0.9,4.9,22.0,3.0,296.0
2024,5,22,2,0.87,5.0,22.0,1.7,315.0
2024,5,22,3,0.75,4.7,0.0,4.9,336.0
2024,5,22,4,0.84,4.5,0.0,5.4,2.0
2024,5,22,5,0.94,4.6,11.0,6.2,9.0
2024,5,22,6,1.12,4.6,11.0,6.4,15.0
2024,5,22,7,1.26,4.9,11.0,6.4,28.0
2024,5,22,8,1.49,5.2,11.0,6.8,31.0
2024,5,22,9,1.65,5.1,22.0,6.9,33.0
2024,5,22,10,1.52,5.1,11.0,6.2,23.0
2024,5,22,11,1.71,5.2,22.0,6.4,30.0
2024,5,22,12,1.38,5.3,11.0,6.2,13.0
2024,5,22,13,1.24,5.1,11.0,6.3,7.0
2024,5,22,14,1.27,5.0,11.0,7.1,4.0
2024,5,22,15,1.17,4.9,11.0,7.4,14.0
2024,5,22,16,1.3,5.1,11.0,6.8,30.0
2024,5,22,17,1.35,5.1,22.0,6.7,27.0
2024,5,22,18,1.41,5.1,11.0,6.2,36.0
2024,5,22,19,1.36,5.1,11.0,6.5,42.0
2024,5,22,20,1.35,5.3,11.0,4.8,37.0
2024,5,22,21,1.47,5.5,22.0,5.2,26.0
2024,5,22,22,1.58,5.4,22.0,4.9,25.0
2024,5,22,23,1.78,5.7,22.0,5.1,31.0
2024,5,23,0,1.65,5.4,22.0,5.4,22.0
2024,5,23,1,1.36,5.2,22.0,5.6,20.0
2024,5,23,2,1.32,5.2,22.0,5.4,21.0
2024,5,23,3,0.99,4.9,22.0,5.9,25.0
2024,5,23,4,1.17,5.1,11.0,4.9,33.0
2024,5,23,5,1.09,5.3,22.0,4.3,41.0
2024,5,23,6,0.85,5.0,11.0,4.3,29.0
2024,5,23,7,0.98,5.2,33.0,4.3,38.0
2024,5,23,8,1.1,5.3,22.0,3.9,38.0
2024,5,23,9,0.85,4.8,22.0,3.3,47.0
2024,5,23,10,1.21,5.5,33.0,2.5,21.0
2024,5,23,11,0.98,5.0,33.0,3.2,17.0
2024,5,23,12,0.99,5.0,0.0,3.4,3.0
2024,5,23,13,0.87,4.9,11.0,3.8,360.0
2024,5,23,14,0.92,5.0,22.0,4.6,8.0
2024,5,23,15,0.8,4.7,11.0,5.2,350.0
2024,5,23,16,0.74,4.3,11.0,5.8,4.0
2024,5,23,17,0.92,4.3,11.0,7.9,12.0
2024,5,23,18,1.08,4.4,22.0,7.2,34.0
2024,5,23,19,1.02,4.6,11.0,6.7,53.0
2024,5,23,20,1.12,4.6,33.0,3.2,55.0
2024,5,23,21,0.99,4.8,22.0,2.8,18.0
2024,5,23,22,0.96,4.6,33.0,2.6,8.0
2024,5,23,23,1.03,4.7,33.0,3.0,9.0
2024,5,24,0,0.88,4.5,33.0,4.3,358.0
2024,5,24,1,0.88,4.6,22.0,5.5,1.0
2024,5,24,2,0.87,4.7,11.0,6.0,21.0
2024,5,24,3,0.75,4.5,33.0,4.3,27.0
2024,5,24,4,0.64,4.4,11.0,4.6,19.0
2024,5,24,5,0.67,4.7,11.0,4.5,42.0
2024,5,24,6,0.6,4.5,22.0,4.0,43.0
2024,5,24,7,0.61,4.7,22.0,4.7,38.0
2024,5,24,8,0.61,4.8,33.0,3.9,73.0
2024,5,24,9,0.59,4.7,33.0,3.2,51.0
2024,5,24,10,0.55,4.7,22.0,3.5,34.0
2024,5,24,11,0.58,4.8,22.0,3.8,25.0
2024,5,24,12,0.55,4.9,33.0,3.5,13.0
2024,5,24,13,0.48,5.0,22.0,3.3,16.0
2024,5,24,14,0.46,4.9,11.0,3.5,16.0
2024,5,24,15,0.44,4.8,11.0,5.0,7.0
2024,5,24,16,0.44,4.3,11.0,4.6,6.0
2024,5,24,17,0.46,4.2,11.0,3.5,24.0
2024,5,24,18,0.41,4.6,11.0,3.4,55.0
2024,5,24,19,0.38,4.6,33.0,2.9,62.0
2024,5,24,20,0.49,5.0,45.0,2.6,28.0
2024,5,24,21,0.45,5.1,33.0,1.6,40.0
2024,5,24,22,0.46,5.2,22.0,1.6,85.0
2024,5,25,0,0.48,5.3,11.0,1.5,92.0
2024,5,25,1,0.5,5.3,22.0,2.4,343.0
2024,5,25,2,0.48,5.3,11.0,2.7,352.0
2024,5,25,3,0.43,5.2,22.0,4.8,32.0
2024,5,25,4,0.39,5.0,33.0,3.2,3.0
2024,5,25,5,0.37,5.0,33.0,3.4,4.0
2024,5,25,6,0.39,4.7,33.0,2.3,46.0
2024,5,25,7,0.38,4.7,22.0,2.6,4.0
2024,5,25,8,0.44,4.8,22.0,4.2,10.0
2024,5,25,9,0.43,4.0,11.0,5.0,1.0
2024,5,25,10,0.46,3.7,33.0,4.9,22.0
2024,5,25,11,0.49,4.0,33.0,3.8,13.0
2024,5,25,12,0.51,3.8,22.0,3.9,11.0
2024,5,25,13,0.47,3.8,22.0,5.2,4.0
2024,5,25,14,0.54,3.6,22.0,5.6,358.0
2024,5,25,15,0.57,3.6,45.0,6.0,11.0
2024,5,25,16,0.59,3.8,33.0,5.3,20.0
2024,5,25,17,0.68,3.9,33.0,5.3,27.0
2024,5,25,18,0.69,3.9,33.0,5.2,29.0
2024,5,25,19,0.57,3.8,45.0,4.0,40.0
2024,5,25,20,0.45,4.1,45.0,3.1,42.0
2024,5,25,21,0.44,4.0,45.0,2.9,359.0
2024,5,25,22,0.41,3.8,45.0,4.3,356.0
2024,5,25,23,0.43,3.8,33.0,4.4,8.0
2024,5,26,0,0.39,4.0,33.0,3.3,30.0
2024,5,26,1,0.34,3.8,11.0,2.4,19.0
2024,5,26,4,0.33,4.6,22.0,1.8,332.0
2024,5,26,5,0.31,4.4,303.0,2.9,348.0
2024,5,26,6,0.33,4.6,11.0,2.9,16.0
2024,5,26,7,0.24,4.3,22.0,2.7,37.0
2024,5,26,8,0.45,5.0,33.0,1.7,36.0
2024,5,26,10,0.25,4.4,33.0,1.5,168.0
2024,5,26,11,0.28,4.1,33.0,1.8,234.0
2024,5,26,12,0.28,4.0,315.0,3.1,249.0
2024,5,26,13,0.3,4.1,0.0,3.0,254.0
2024,5,26,14,0.26,4.2,22.0,1.9,280.0
2024,5,26,15,0.27,4.4,11.0,3.0,312.0
2024,5,26,19,0.25,4.5,258.0,1.6,14.0
2024,5,26,20,0.32,4.8,33.0,1.4,28.0
2024,5,26,21,0.25,4.4,33.0,1.7,61.0
2024,5,26,23,0.26,4.6,22.0,1.3,87.0
2024,5,27,1,0.27,4.6,270.0,1.1,129.0
2024,5,27,2,0.26,4.6,348.0,1.9,171.0
2024,5,27,3,0.25,4.6,236.0,2.8,147.0
2024,5,27,4,0.27,4.7,45.0,3.9,161.0
2024,5,27,5,0.25,4.8,258.0,3.3,165.0
2024,5,27,6,0.26,4.8,202.0,3.8,169.0
2024,5,27,7,0.21,4.3,33.0,4.7,167.0
2024,5,27,8,0.39,5.0,33.0,4.5,190.0
2024,5,27,9,0.24,4.1,45.0,4.6,202.0
2024,5,27,10,0.31,3.3,258.0,7.1,209.0
2024,5,27,11,0.48,3.2,236.0,7.9,204.0
2024,5,27,12,0.58,3.4,247.0,6.6,178.0
2024,5,27,13,0.49,3.4,258.0,6.7,160.0
2024,5,27,14,0.42,3.3,247.0,5.5,152.0
2024,5,27,15,0.37,3.4,258.0,4.1,185.0
2024,5,27,16,0.3,3.5,270.0,5.3,215.0
2024,5,27,17,0.37,3.8,225.0,7.5,211.0
2024,5,27,18,0.4,3.2,258.0,6.2,203.0
2024,5,27,19,0.5,3.6,225.0,6.4,208.0
2024,5,27,20,0.58,3.1,225.0,8.7,214.0
2024,5,27,21,0.58,3.2,236.0,7.4,199.0
2024,5,27,22,0.68,3.3,247.0,8.5,186.0
2024,5,27,23,0.58,3.3,236.0,8.4,188.0
2024,5,28,0,0.6,3.3,247.0,5.6,200.0
2024,5,28,1,0.47,3.3,247.0,4.8,175.0
2024,5,28,2,0.48,3.2,258.0,6.3,186.0
2024,5,28,3,0.51,3.4,258.0,6.0,178.0
2024,5,28,4,0.48,3.5,270.0,6.0,159.0
2024,5,28,5,0.48,3.5,258.0,6.2,172.0
2024,5,28,6,0.58,3.5,258.0,8.4,184.0
2024,5,28,8,0.99,3.7,11.0,11.8,30.0
2024,5,28,9,1.38,4.2,33.0,9.3,45.0
2024,5,28,10,1.73,4.9,22.0,10.6,34.0
2024,5,28,11,1.95,5.2,22.0,11.2,35.0
2024,5,28,12,2.37,5.7,22.0,12.3,35.0
2024,5,28,16,3.4,6.2,11.0,13.5,19.0
2024,5,28,20,3.05,6.1,11.0,13.6,26.0
2024,5,29,0,3.0,6.6,33.0,10.6,37.0
2024,5,29,4,2.66,6.0,22.0,11.5,26.0
2024,5,29,8,2.34,5.5,11.0,12.1,25.0
2024,5,29,12,2.19,5.8,11.0,8.8,5.0
2024,5,29,16,2.12,5.4,11.0,10.6,9.0
2024,5,29,20,1.51,5.3,0.0,7.7,14.0
2024,5,30,0,1.37,5.5,11.0,2.9,40.0
2024,5,30,4,1.47,5.3,22.0,5.2,25.0
2024,5,30,8,1.17,4.9,22.0,5.4,28.0
2024,5,30,12,1.04,4.7,11.0,5.4,1.0
2024,5,30,16,1.04,4.7,22.0,3.7,33.0
2024,5,30,20,0.75,4.7,22.0,1.3,95.0
2024,5,31,0,0.67,4.7,22.0,4.3,186.0
2024,5,31,4,0.71,4.8,33.0,6.0,176.0
2024,5,31,8,0.74,5.1,270.0,1.3,199.0
2024,5,31,12,0.61,4.8,22.0,9.2,208.0
2024,5,31,16,0.75,4.4,315.0,4.1,220.0
2024,5,31,20,0.47,4.4,348.0,5.5,218.0
2024,6,1,0,0.48,4.0,348.0,5.3,179.0
2024,6,1,4,0.53,4.0,247.0,3.8,151.0
2024,6,1,8,0.5,5.7,258.0,2.6,148.0
2024,6,1,12,0.51,5.7,303.0,4.5,258.0
2024,6,1,16,0.82,4.8,315.0,2.7,142.0
2024,6,1,20,0.88,5.3,22.0,3.9,184.0
2024,6,2,0,1.32,5.4,0.0,3.7,333.0
2024,6,2,4,1.33,5.8,0.0,3.7,164.0
2024,6,2,8,1.42,5.4,337.0,1.1,167.0
2024,6,2,12,1.04,4.1,11.0,9.7,163.0
2024,6,2,16,0.93,4.1,11.0,6.9,176.0
2024,6,2,20,2.65,6.3,0.0,9.1,26.0
2024,6,3,0,2.75,6.0,11.0,11.4,28.0
2024,6,3,4,2.4,5.9,0.0,10.6,30.0
2024,6,3,8,2.64,5.7,33.0,11.1,30.0
2024,6,3,12,2.12,5.4,22.0,11.1,22.0
2024,6,3,16,2.06,5.1,11.0,11.6,13.0
2024,6,3,20,2.32,5.7,33.0,11.4,30.0
2024,6,4,0,1.82,5.4,11.0,8.5,17.0
2024,6,4,4,1.36,5.6,11.0,3.5,61.0
2024,6,4,8,1.26,5.4,22.0,1.7,86.0
2024,6,4,16,0.92,5.4,11.0,1.1,232.0
2024,6,4,20,0.91,5.2,22.0,5.1,149.0
2024,6,5,0,0.84,5.3,22.0,5.7,154.0
2024,6,5,4,0.61,5.3,22.0,2.7,147.0
2024,6,5,8,0.75,4.9,22.0,1.3,349.0
2024,6,5,12,0.75,4.5,22.0,3.6,39.0
2024,6,5,16,0.69,4.4,0.0,2.9,27.0
2024,6,5,20,0.64,4.2,22.0,3.9,31.0
2024,6,6,0,0.74,4.1,33.0,4.3,32.0
2024,6,6,4,0.6,4.5,0.0,3.6,42.0
2024,6,6,8,0.68,4.3,11.0,5.0,15.0
2024,6,6,12,0.84,4.2,11.0,7.2,20.0
2024,6,6,16,1.48,4.7,22.0,9.0,16.0
2024,6,6,20,1.55,5.2,22.0,8.4,28.0
2024,6,7,0,1.53,5.0,22.0,7.7,21.0
2024,6,7,4,1.18,4.9,22.0,7.3,22.0
2024,6,7,8,1.46,5.3,0.0,6.5,32.0
2024,6,7,12,1.51,5.1,11.0,7.8,6.0
2024,6,7,16,1.5,4.9,0.0,8.8,1.0
2024,6,7,20,1.5,5.4,11.0,5.1,25.0
2024,6,8,0,1.34,5.1,22.0,6.5,359.0
2024,6,8,4,1.12,5.3,22.0,4.3,8.0
2024,6,8,8,0.8,4.7,22.0,5.4,358.0
2024,6,8,12,0.77,4.5,22.0,3.9,8.0
2024,6,8,16,0.7,4.8,22.0,3.5,359.0
2024,6,9,4,0.48,4.9,22.0,2.9,149.0
2024,6,9,8,0.46,4.9,33.0,4.6,174.0
2024,6,9,11,0.4,4.8,11.0,2.4,255.0
2024,6,9,12,0.42,4.1,22.0,2.8,288.0
2024,6,9,13,0.46,4.3,33.0,2.3,308.0
2024,6,9,16,0.35,4.2,303.0,1.9,225.0
2024,6,9,17,0.38,4.4,326.0,1.8,235.0
2024,6,9,18,0.33,4.6,33.0,3.0,236.0
2024,6,9,19,0.33,4.7,11.0,2.1,227.0
2024,6,9,20,0.29,4.9,22.0,2.7,192.0
2024,6,9,21,0.31,5.1,22.0,2.8,173.0
2024,6,9,22,0.27,4.9,22.0,2.8,178.0
2024,6,9,23,0.32,4.9,11.0,2.9,200.0
2024,6,10,0,0.29,5.0,45.0,2.8,197.0
2024,6,10,1,0.34,4.7,0.0,3.3,216.0
2024,6,10,2,0.3,4.9,11.0,3.4,206.0
2024,6,10,3,0.3,4.9,56.0,2.9,182.0
2024,6,10,4,0.28,5.2,45.0,3.9,158.0
2024,6,10,5,0.27,4.9,33.0,3.7,174.0
2024,6,10,6,0.22,4.8,67.0,4.4,179.0
2024,6,10,7,0.24,5.1,11.0,6.9,209.0
2024,6,10,8,0.47,3.1,225.0,9.1,217.0
2024,6,10,9,0.52,3.2,225.0,6.6,206.0
2024,6,10,10,0.41,3.2,225.0,6.8,211.0
2024,6,10,11,0.55,3.1,236.0,8.2,219.0
2024,6,10,12,0.54,3.4,236.0,5.7,209.0
2024,6,10,13,0.4,3.5,247.0,6.1,222.0
2024,6,10,14,0.43,3.4,225.0,5.9,229.0
2024,6,10,15,0.4,3.2,225.0,6.7,228.0
2024,6,10,16,0.44,3.2,236.0,6.1,236.0
2024,6,10,17,0.49,3.4,247.0,5.7,226.0
2024,6,10,18,0.41,3.5,236.0,5.5,232.0
2024,6,10,19,0.47,3.3,236.0,5.6,224.0
2024,6,10,20,0.39,3.3,247.0,5.3,225.0
2024,6,10,21,0.38,3.2,225.0,4.6,209.0
2024,6,10,22,0.34,3.1,247.0,4.2,175.0
2024,6,10,23,0.34,3.1,236.0,4.2,181.0
2024,6,11,0,0.31,3.1,247.0,5.7,189.0
2024,6,11,1,0.28,3.2,258.0,5.8,184.0
2024,6,11,2,0.37,3.3,225.0,5.9,188.0
2024,6,11,3,0.35,3.3,270.0,5.7,185.0
2024,6,11,4,0.41,3.3,258.0,6.5,186.0
2024,6,11,5,0.42,3.3,247.0,4.5,174.0
2024,6,11,6,0.5,3.4,247.0,8.7,212.0
2024,6,11,7,0.59,3.5,236.0,9.2,204.0
2024,6,11,8,0.59,3.6,236.0,5.6,196.0
2024,6,11,9,0.65,3.3,236.0,9.8,199.0
2024,6,11,10,0.63,3.5,236.0,8.4,203.0
2024,6,11,11,0.63,3.5,236.0,7.6,212.0
2024,6,11,12,0.64,3.7,247.0,6.7,217.0
2024,6,11,13,0.64,3.6,236.0,7.5,235.0
2024,6,11,14,0.68,3.7,236.0,6.8,226.0
2024,6,11,15,0.78,3.7,236.0,7.2,218.0
2024,6,11,16,0.65,3.6,236.0,7.6,231.0
2024,6,11,17,0.7,3.5,236.0,7.7,219.0
2024,6,11,18,0.69,3.5,236.0,7.4,225.0
2024,6,11,19,0.61,3.4,236.0,6.8,227.0
2024,6,11,20,0.67,3.4,247.0,8.3,220.0
2024,6,11,21,0.66,3.6,236.0,6.8,221.0
2024,6,11,22,0.63,3.6,247.0,5.8,203.0
2024,6,11,23,0.68,3.5,225.0,5.6,195.0
2024,6,12,0,0.59,3.4,258.0,6.1,199.0
2024,6,12,1,0.67,3.4,225.0,7.0,205.0
2024,6,12,2,0.59,3.5,247.0,5.7,203.0
2024,6,12,3,0.52,3.7,247.0,5.7,180.0
2024,6,12,4,0.54,3.5,247.0,5.8,192.0
2024,6,12,5,0.54,3.6,247.0,5.3,169.0
2024,6,12,6,0.57,3.8,225.0,6.4,186.0
2024,6,12,7,0.54,3.8,236.0,6.0,196.0
2024,6,12,8,0.61,3.8,247.0,7.2,212.0
2024,6,12,9,0.68,3.8,247.0,6.9,212.0
2024,6,12,10,0.65,3.7,247.0,7.2,234.0
2024,6,12,11,0.65,3.6,247.0,7.4,233.0
2024,6,12,12,0.8,3.6,247.0,9.1,229.0
2024,6,12,13,0.83,3.5,236.0,8.3,223.0
2024,6,12,14,0.77,3.6,236.0,8.1,229.0
2024,6,12,15,0.85,3.6,225.0,9.3,226.0
2024,6,12,16,0.95,3.7,225.0,8.9,228.0
2024,6,12,17,0.93,3.7,236.0,8.5,226.0
2024,6,12,18,0.87,3.8,236.0,8.1,220.0
2024,6,12,19,0.82,3.7,247.0,6.2,208.0
2024,6,12,20,0.57,3.6,247.0,6.6,197.0
2024,6,12,21,0.67,3.8,247.0,7.0,208.0
2024,6,12,22,0.62,3.7,236.0,6.3,203.0
2024,6,12,23,0.7,3.7,247.0,8.2,213.0
2024,6,13,0,0.63,3.6,247.0,6.3,183.0
2024,6,13,1,0.64,3.6,236.0,6.2,183.0
2024,6,13,2,0.65,3.7,236.0,6.7,185.0
2024,6,13,3,0.6,3.8,247.0,5.9,193.0
2024,6,13,4,0.65,3.7,247.0,7.4,198.0
2024,6,13,5,0.7,3.6,236.0,7.0,200.0
2024,6,13,6,0.62,3.7,258.0,5.8,191.0
2024,6,13,7,0.67,3.8,247.0,8.8,201.0
2024,6,13,8,0.7,3.7,247.0,8.5,183.0
2024,6,13,9,0.64,3.9,247.0,7.5,189.0
2024,6,13,10,0.61,3.9,258.0,7.6,180.0
2024,6,13,11,0.66,3.9,236.0,6.4,185.0
2024,6,13,12,0.6,3.7,247.0,6.9,215.0
2024,6,13,13,0.54,3.7,247.0,7.0,221.0
2024,6,13,14,0.59,3.7,236.0,6.6,226.0
2024,6,13,15,0.58,3.8,247.0,6.8,228.0
2024,6,13,16,0.68,3.6,247.0,7.2,222.0
2024,6,13,17,0.73,3.7,247.0,7.1,224.0
2024,6,13,18,0.73,3.8,236.0,6.6,214.0
2024,6,13,19,0.69,3.8,247.0,6.2,222.0
2024,6,13,20,0.72,3.6,247.0,7.6,232.0
2024,6,13,21,0.77,3.7,247.0,7.8,227.0
2024,6,13,22,0.73,3.6,247.0,7.6,228.0
2024,6,13,23,0.85,3.7,247.0,7.6,210.0
2024,6,14,0,0.8,3.7,236.0,6.7,185.0
2024,6,14,1,0.71,3.7,213.0,7.5,187.0
2024,6,14,2,0.74,3.6,258.0,7.4,184.0
2024,6,14,3,0.72,3.6,247.0,7.2,189.0
2024,6,14,4,0.68,3.6,236.0,8.6,189.0
2024,6,14,5,0.78,3.7,236.0,7.2,188.0
2024,6,14,6,0.71,3.6,225.0,7.1,186.0
2024,6,14,7,0.85,3.8,236.0,8.8,189.0
2024,6,14,8,0.79,3.9,258.0,5.5,179.0
2024,6,14,9,0.73,4.1,247.0,3.6,198.0
2024,6,14,10,0.72,4.0,236.0,7.9,180.0
2024,6,14,11,0.62,3.6,247.0,6.8,198.0
2024,6,14,12,0.7,3.9,236.0,6.2,201.0
2024,6,14,13,0.8,3.8,247.0,5.8,204.0
2024,6,14,14,0.71,3.7,247.0,6.8,218.0
2024,6,14,15,0.73,3.7,247.0,4.4,187.0
2024,6,14,16,0.84,3.6,247.0,8.2,228.0
2024,6,14,17,0.94,3.6,247.0,8.1,223.0
2024,6,14,18,0.87,3.8,236.0,7.1,222.0
2024,6,14,19,0.77,3.8,247.0,5.7,171.0
2024,6,14,20,0.71,3.8,247.0,5.3,189.0
2024,6,14,21,0.63,3.8,236.0,6.3,214.0
2024,6,14,22,0.64,3.6,258.0,6.6,226.0
2024,6,14,23,0.71,3.7,236.0,6.9,226.0
2024,6,15,0,0.72,3.6,247.0,7.7,212.0
2024,6,15,1,0.71,3.5,236.0,5.5,219.0
2024,6,15,2,0.81,3.7,236.0,8.1,200.0
2024,6,15,3,0.8,3.7,236.0,7.1,185.0
2024,6,15,4,0.75,3.7,225.0,5.4,186.0
2024,6,15,5,0.68,3.7,236.0,6.6,201.0
2024,6,15,6,0.76,3.7,236.0,5.1,180.0
2024,6,15,7,0.66,3.7,236.0,5.5,179.0
2024,6,15,8,0.67,3.7,225.0,7.2,198.0
2024,6,15,9,0.72,3.7,236.0,6.0,208.0
2024,6,15,10,0.74,3.8,236.0,6.2,230.0
2024,6,15,11,0.69,3.8,258.0,7.5,243.0
2024,6,15,12,0.85,3.7,236.0,9.7,241.0
2024,6,15,13,0.99,3.8,236.0,8.5,242.0
2024,6,15,14,1.03,3.6,225.0,9.0,238.0
2024,6,15,15,1.04,3.7,236.0,9.6,241.0
2024,6,15,16,0.97,3.7,236.0,8.3,243.0
2024,6,15,17,0.88,3.6,236.0,8.1,244.0
2024,6,15,18,0.82,3.6,236.0,9.2,245.0
2024,6,15,19,0.87,3.6,236.0,8.4,245.0
2024,6,15,20,0.71,3.6,236.0,8.0,239.0
2024,6,15,21,0.66,3.6,236.0,5.2,206.0
2024,6,15,22,0.68,3.7,258.0,5.2,212.0
2024,6,15,23,0.68,3.8,247.0,4.7,207.0
2024,6,16,0,0.67,3.8,247.0,3.4,192.0
2024,6,16,1,0.59,3.8,236.0,4.0,178.0
2024,6,16,2,0.55,3.8,236.0,4.0,186.0
2024,6,16,3,0.45,3.6,247.0,4.2,195.0
2024,6,16,4,0.48,3.8,247.0,5.1,184.0
2024,6,16,5,0.43,3.7,258.0,5.3,187.0
2024,6,16,6,0.45,3.7,247.0,5.4,190.0
2024,6,16,7,0.38,3.8,247.0,6.2,185.0
2024,6,16,8,0.43,3.9,22.0,6.9,185.0
2024,6,16,9,0.47,4.0,270.0,6.1,175.0
2024,6,16,10,0.45,3.7,236.0,5.7,193.0
2024,6,16,11,0.47,3.7,247.0,5.7,225.0
2024,6,16,12,0.56,3.7,247.0,6.6,236.0
2024,6,16,13,0.81,3.6,247.0,8.1,231.0
2024,6,16,14,0.94,3.7,247.0,7.7,238.0
2024,6,16,15,0.92,3.7,236.0,8.0,245.0
2024,6,16,16,1.03,3.8,236.0,8.2,241.0
2024,6,16,17,1.08,3.9,236.0,6.9,233.0
2024,6,16,18,1.04,4.0,236.0,7.1,230.0
2024,6,16,19,0.76,3.8,236.0,5.0,217.0
2024,6,16,20,0.67,4.0,247.0,4.9,223.0
2024,6,16,21,0.62,3.9,270.0,3.0,205.0
2024,6,16,22,0.55,3.9,258.0,4.3,201.0
2024,6,16,23,0.52,3.8,258.0,4.8,192.0
2024,6,17,0,0.54,3.7,247.0,4.8,179.0
2024,6,17,1,0.57,3.7,247.0,5.4,185.0
2024,6,17,2,0.45,3.6,247.0,5.9,196.0
2024,6,17,3,0.52,3.6,236.0,5.8,193.0
2024,6,17,4,0.66,3.7,236.0,5.8,194.0
2024,6,17,5,0.54,3.6,236.0,5.4,195.0
2024,6,17,6,0.55,3.7,236.0,4.7,160.0
2024,6,17,7,0.45,3.6,236.0,5.0,178.0
2024,6,17,8,0.48,3.8,281.0,4.6,219.0
2024,6,17,9,0.45,3.7,247.0,4.4,217.0
2024,6,17,10,0.41,3.9,247.0,3.4,212.0
2024,6,17,11,0.48,3.6,258.0,5.8,238.0
2024,6,17,12,0.66,3.8,258.0,6.4,233.0
2024,6,17,13,0.82,3.7,236.0,6.7,239.0
2024,6,17,14,0.93,3.8,236.0,7.9,240.0
2024,6,17,15,1.05,3.7,236.0,8.6,243.0
2024,6,17,16,1.11,3.8,236.0,8.6,245.0
2024,6,17,17,1.1,3.8,236.0,8.0,242.0
2024,6,17,18,1.15,3.9,225.0,8.1,242.0
2024,6,17,19,0.91,3.7,225.0,7.3,237.0
2024,6,17,20,0.84,3.8,236.0,5.9,225.0
2024,6,17,21,0.69,3.7,247.0,6.4,225.0
2024,6,17,22,0.58,3.7,247.0,5.7,211.0
2024,6,17,23,0.54,3.5,258.0,5.5,210.0
2024,6,18,0,0.55,3.8,247.0,4.3,189.0
2024,6,18,1,0.59,3.8,236.0,4.7,185.0
2024,6,18,2,0.49,3.8,258.0,4.5,193.0
2024,6,18,3,0.49,3.6,247.0,4.6,178.0
2024,6,18,4,0.51,3.8,247.0,4.9,174.0
2024,6,18,5,0.51,3.7,247.0,5.0,180.0
2024,6,18,6,0.53,3.6,236.0,5.3,188.0
2024,6,18,7,0.5,3.6,247.0,3.7,170.0
2024,6,18,8,0.46,3.9,315.0,4.4,173.0
2024,6,18,9,0.45,3.7,247.0,4.2,190.0
2024,6,18,10,0.4,3.7,258.0,4.1,207.0
2024,6,18,11,0.43,3.8,236.0,3.2,220.0
2024,6,18,12,0.48,4.0,348.0,4.0,253.0
2024,6,18,13,0.59,4.5,22.0,5.2,258.0
2024,6,18,14,0.75,4.0,33.0,4.8,267.0
2024,6,18,15,0.79,4.4,22.0,4.2,252.0
2024,6,18,16,0.7,4.4,22.0,3.8,239.0
2024,6,18,17,0.76,4.1,11.0,3.2,227.0
2024,6,18,18,0.7,4.1,236.0,4.5,227.0
2024,6,18,19,0.69,4.3,11.0,5.0,236.0
2024,6,18,20,0.72,4.3,0.0,3.0,204.0
2024,6,18,21,0.76,4.7,348.0,2.4,157.0
2024,6,18,22,0.59,4.8,22.0,2.7,155.0
2024,6,18,23,0.51,4.7,22.0,3.1,160.0
2024,6,19,0,0.61,5.3,337.0,1.8,160.0
2024,6,19,1,0.56,5.4,326.0,2.3,160.0
2024,6,19,2,0.56,5.3,0.0,3.0,194.0
2024,6,19,3,0.55,5.2,11.0,3.6,160.0
2024,6,19,4,0.56,5.3,33.0,2.7,166.0
2024,6,19,5,0.52,5.2,281.0,3.0,157.0
2024,6,19,6,0.46,4.9,33.0,3.6,151.0
2024,6,19,7,0.56,4.9,22.0,3.4,166.0
2024,6,19,8,0.48,5.0,22.0,2.1,179.0
2024,6,19,9,0.55,5.2,348.0,4.1,221.0
2024,6,19,10,0.45,5.2,22.0,3.9,240.0
2024,6,19,11,0.54,5.4,33.0,5.0,255.0
2024,6,19,12,0.52,5.5,22.0,4.9,259.0
2024,6,19,13,0.52,5.1,33.0,5.9,264.0
2024,6,19,14,0.6,4.1,22.0,5.5,270.0
2024,6,19,15,0.59,3.7,11.0,6.6,261.0
2024,6,19,16,0.7,3.6,225.0,5.0,249.0
2024,6,19,17,0.66,3.8,33.0,3.3,241.0
2024,6,19,18,0.65,3.9,11.0,3.4,233.0
2024,6,19,19,0.61,3.8,225.0,2.9,211.0
2024,6,19,20,0.52,3.9,11.0,2.6,228.0
2024,6,19,21,0.51,4.0,0.0,3.0,203.0
2024,6,19,22,0.44,4.1,11.0,3.6,208.0
2024,6,19,23,0.43,4.5,22.0,3.4,189.0
2024,6,20,0,0.36,4.5,0.0,3.2,191.0
2024,6,20,1,0.38,4.6,247.0,3.6,166.0
2024,6,20,2,0.36,4.7,270.0,3.6,165.0
2024,6,20,3,0.35,4.9,67.0,4.1,160.0
2024,6,20,4,0.33,4.8,270.0,4.9,175.0
2024,6,20,5,0.3,4.5,281.0,4.1,195.0
2024,6,20,6,0.39,4.4,225.0,4.4,205.0
2024,6,20,7,0.3,4.3,45.0,3.1,205.0
2024,6,20,8,0.33,4.0,348.0,3.6,216.0
2024,6,20,9,0.34,4.0,258.0,5.2,266.0
2024,6,20,10,0.36,3.8,247.0,3.7,244.0
2024,6,20,11,0.33,4.2,258.0,4.6,260.0
2024,6,20,12,0.31,4.0,281.0,4.5,262.0
2024,6,20,13,0.28,4.5,247.0,5.0,257.0
2024,6,20,14,0.26,4.3,281.0,4.5,261.0
2024,6,20,15,0.32,4.0,270.0,4.9,269.0
2024,6,20,16,0.28,4.0,315.0,4.9,274.0
2024,6,20,17,0.32,3.8,258.0,3.9,261.0
2024,6,20,18,0.33,3.5,270.0,3.5,252.0
2024,6,20,19,0.35,3.5,247.0,3.1,213.0
2024,6,20,20,0.36,3.8,292.0,4.0,215.0
2024,6,20,21,0.32,3.7,236.0,5.0,180.0
2024,6,20,22,0.31,3.7,247.0,6.1,174.0
2024,6,20,23,0.31,3.7,247.0,5.3,181.0
2024,6,21,0,0.27,3.5,270.0,4.4,171.0
2024,6,21,1,0.28,4.0,247.0,4.0,167.0
2024,6,21,2,0.27,4.2,270.0,4.4,175.0
2024,6,21,3,0.29,4.5,247.0,4.5,177.0
2024,6,21,4,0.27,4.5,270.0,4.3,173.0
2024,6,21,5,0.28,4.3,225.0,4.7,192.0
2024,6,21,6,0.27,3.9,258.0,3.8,199.0
2024,6,21,7,0.3,3.5,258.0,4.3,196.0
2024,6,21,8,0.42,3.5,247.0,4.5,198.0
2024,6,21,9,0.43,3.6,247.0,4.0,221.0
2024,6,21,10,0.39,3.9,258.0,4.8,237.0
2024,6,21,11,0.33,3.9,258.0,4.7,258.0
2024,6,21,12,0.34,4.0,213.0,6.5,253.0
2024,6,21,13,0.37,3.4,258.0,6.6,251.0
2024,6,21,14,0.42,3.5,236.0,5.5,261.0
2024,6,21,15,0.34,3.4,270.0,4.8,267.0
2024,6,21,16,0.35,3.3,236.0,3.3,268.0
2024,6,21,17,0.37,3.7,236.0,2.6,254.0
2024,6,21,18,0.38,3.6,225.0,2.7,210.0
2024,6,21,19,0.35,3.4,225.0,3.1,237.0
2024,6,21,20,0.33,3.4,247.0,3.4,230.0
2024,6,21,21,0.34,3.4,258.0,3.2,228.0
2024,6,21,22,0.28,3.6,258.0,4.0,227.0
2024,6,21,23,0.28,3.7,258.0,5.1,218.0
2024,6,22,0,0.26,3.5,258.0,5.4,203.0
2024,6,22,1,0.33,3.3,247.0,5.3,187.0
2024,6,22,2,0.35,3.2,258.0,6.6,187.0
2024,6,22,3,0.4,3.2,258.0,6.8,200.0
2024,6,22,4,0.49,3.3,236.0,6.3,197.0
2024,6,22,5,0.49,3.4,236.0,6.1,199.0
2024,6,22,6,0.45,3.5,225.0,5.4,189.0
2024,6,22,7,0.49,3.4,236.0,4.7,179.0
2024,6,22,8,0.57,3.6,33.0,5.3,210.0
2024,6,22,9,0.51,3.6,236.0,5.6,231.0
2024,6,22,10,0.46,3.7,247.0,4.4,245.0
2024,6,22,11,0.48,3.6,247.0,5.7,241.0
2024,6,22,12,0.44,3.4,247.0,5.6,252.0
2024,6,22,13,0.41,3.6,247.0,5.2,263.0
2024,6,22,14,0.41,3.5,236.0,5.8,262.0
2024,6,22,15,0.35,3.4,258.0,6.4,261.0
2024,6,22,16,0.41,3.2,247.0,6.8,264.0
2024,6,22,17,0.47,3.2,225.0,6.1,248.0
2024,6,22,18,0.65,3.3,236.0,6.1,239.0
2024,6,22,19,0.54,3.3,236.0,5.0,230.0
2024,6,22,20,0.7,3.4,236.0,5.6,228.0
2024,6,22,21,0.6,3.4,225.0,3.4,233.0
2024,6,22,22,0.49,3.3,258.0,4.4,242.0
2024,6,22,23,0.43,3.5,236.0,4.2,222.0
2024,6,23,0,0.39,3.6,247.0,5.1,198.0
2024,6,23,1,0.43,3.5,236.0,5.8,195.0
2024,6,23,2,0.48,3.2,236.0,7.5,205.0
2024,6,23,3,0.53,3.3,247.0,7.7,205.0
2024,6,23,4,0.58,3.4,225.0,7.6,204.0
2024,6,23,5,0.65,3.3,225.0,8.0,209.0
2024,6,23,6,0.78,3.5,236.0,7.9,211.0
2024,6,23,7,0.77,3.6,247.0,6.9,203.0
2024,6,23,8,0.74,3.7,247.0,7.1,210.0
2024,6,23,9,0.68,3.6,236.0,7.1,218.0
2024,6,23,10,0.64,3.5,236.0,7.3,232.0
2024,6,23,11,0.58,3.4,225.0,8.2,238.0
2024,6,23,12,0.7,3.3,247.0,8.2,247.0
2024,6,23,13,0.68,3.4,236.0,8.4,250.0
2024,6,23,14,0.78,3.5,247.0,8.7,246.0
2024,6,23,15,0.87,3.5,236.0,8.9,254.0
2024,6,23,16,0.89,3.6,225.0,8.6,250.0
2024,6,23,17,0.81,3.7,236.0,5.9,252.0
2024,6,23,18,0.64,3.8,225.0,6.1,233.0
2024,6,23,19,0.76,3.7,225.0,6.1,232.0
2024,6,23,20,0.79,3.7,236.0,5.2,225.0
2024,6,23,21,0.65,3.6,225.0,4.1,230.0
2024,6,23,22,0.54,3.6,247.0,3.5,205.0
2024,6,23,23,0.5,3.7,236.0,4.4,151.0
2024,6,24,0,0.45,3.8,247.0,3.9,165.0
2024,6,24,1,0.39,3.7,236.0,4.8,157.0
2024,6,24,2,0.37,3.9,270.0,4.8,175.0
2024,6,24,3,0.31,3.9,258.0,4.9,180.0
2024,6,24,4,0.33,3.9,258.0,5.0,171.0
2024,6,24,5,0.31,3.7,247.0,4.1,165.0
2024,6,24,6,0.34,3.8,236.0,3.6,157.0
2024,6,24,7,0.33,3.8,236.0,5.2,200.0
2024,6,24,8,0.43,4.1,236.0,5.4,205.0
2024,6,24,9,0.45,3.7,236.0,5.3,220.0
2024,6,24,10,0.58,3.5,247.0,5.7,238.0
2024,6,24,11,0.6,3.6,225.0,6.6,246.0
2024,6,24,12,0.56,3.5,258.0,7.5,254.0
2024,6,24,13,0.56,3.4,236.0,7.2,255.0
2024,6,24,14,0.54,3.5,236.0,6.9,262.0
2024,6,24,15,0.49,3.4,258.0,6.7,262.0
2024,6,24,16,0.51,3.4,270.0,5.9,270.0
2024,6,24,17,0.56,3.9,247.0,3.8,268.0
2024,6,24,18,0.52,3.7,225.0,3.1,218.0
2024,6,24,19,0.44,3.7,225.0,5.5,150.0
2024,6,24,20,0.45,3.7,225.0,4.3,164.0
2024,6,24,21,0.47,3.8,236.0,4.5,152.0
2024,6,24,22,0.45,3.8,236.0,3.7,169.0
2024,6,24,23,0.48,4.1,247.0,3.3,206.0
2024,6,25,0,0.43,4.1,236.0,3.3,151.0
2024,6,25,1,0.45,4.8,247.0,5.7,146.0
2024,6,25,2,0.44,4.8,225.0,5.5,146.0
2024,6,25,3,0.34,4.5,236.0,4.3,172.0
2024,6,25,4,0.26,4.4,258.0,4.7,168.0
2024,6,25,5,0.27,4.6,258.0,3.9,160.0
2024,6,25,6,0.26,4.6,225.0,3.5,168.0
2024,6,25,7,0.3,4.6,258.0,3.2,172.0
2024,6,25,8,0.36,5.1,258.0,3.9,172.0
2024,6,25,9,0.38,4.7,247.0,1.7,158.0
2024,6,25,10,0.43,4.8,247.0,3.2,232.0
2024,6,25,11,0.47,4.9,258.0,3.7,243.0
2024,6,25,12,0.44,4.4,247.0,4.9,247.0
2024,6,25,13,0.53,4.1,236.0,5.7,261.0
2024,6,25,14,0.41,4.2,258.0,4.8,285.0
2024,6,25,15,0.36,4.1,270.0,4.5,286.0
2024,6,25,16,0.33,3.9,258.0,4.0,306.0
2024,6,25,17,0.4,4.1,258.0,2.4,293.0
2024,6,25,19,0.4,4.2,258.0,4.3,184.0
2024,6,25,20,0.43,4.2,45.0,5.0,146.0
2024,6,25,21,0.35,4.0,258.0,2.8,127.0
2024,6,25,22,0.32,3.9,258.0,2.1,132.0
2024,6,25,23,0.38,4.2,247.0,2.1,157.0
2024,6,26,0,0.37,4.2,258.0,3.0,156.0
2024,6,26,1,0.46,4.8,236.0,4.0,155.0
2024,6,26,2,0.54,5.1,247.0,3.7,149.0
2024,6,26,3,0.47,4.9,247.0,3.0,144.0
2024,6,26,4,0.46,5.1,247.0,1.4,138.0
2024,6,26,5,0.37,4.9,247.0,2.3,144.0
2024,6,26,6,0.39,4.7,225.0,1.2,156.0
2024,6,26,10,0.34,4.9,258.0,1.9,18.0
2024,6,26,11,0.36,4.7,247.0,3.5,12.0
2024,6,26,12,0.43,4.7,258.0,3.4,12.0
2024,6,26,13,0.38,4.1,281.0,4.2,12.0
2024,6,26,14,0.41,4.3,270.0,4.3,9.0
2024,6,26,15,0.39,4.1,258.0,4.6,3.0
2024,6,26,16,0.41,4.2,270.0,4.0,8.0
2024,6,26,17,0.37,3.9,270.0,4.3,21.0
2024,6,26,18,0.39,4.2,270.0,3.6,17.0
2024,6,26,19,0.37,4.5,258.0,3.9,337.0
2024,6,26,20,0.44,4.5,33.0,3.5,4.0
2024,6,26,21,0.37,4.7,292.0,4.1,32.0
2024,6,26,22,0.31,4.3,258.0,4.7,39.0
2024,6,26,23,0.33,4.1,236.0,1.8,17.0
2024,6,27,0,0.32,4.4,247.0,1.5,349.0
2024,6,27,1,0.27,4.1,247.0,2.5,6.0
2024,6,27,2,0.37,4.8,247.0,2.2,15.0
2024,6,27,3,0.42,5.2,258.0,1.5,91.0
2024,6,27,4,0.35,4.6,258.0,1.5,155.0
2024,6,27,5,0.37,4.6,236.0,3.0,152.0
2024,6,27,6,0.4,4.8,247.0,2.9,164.0
2024,6,27,7,0.33,4.5,281.0,2.3,162.0
2024,6,27,8,0.34,4.5,270.0,1.5,192.0
2024,6,27,10,0.34,4.7,281.0,1.5,352.0
2024,6,27,11,0.35,4.7,247.0,3.1,356.0
2024,6,27,12,0.33,4.3,247.0,4.4,6.0
2024,6,27,13,0.34,3.9,236.0,4.7,354.0
2024,6,27,14,0.37,3.8,33.0,4.7,356.0
2024,6,27,15,0.37,4.0,270.0,3.7,356.0
2024,6,27,16,0.38,4.1,315.0,4.4,339.0
2024,6,27,17,0.39,4.1,270.0,3.8,328.0
2024,6,27,18,0.37,4.2,281.0,3.7,353.0
2024,6,27,19,0.39,4.5,236.0,3.2,336.0
2024,6,27,20,0.32,4.6,33.0,1.8,13.0
2024,6,27,21,0.29,4.5,292.0,1.9,343.0
2024,6,27,22,0.31,4.7,247.0,1.5,307.0
2024,6,27,23,0.24,4.1,292.0,2.6,309.0
2024,6,28,0,0.33,4.7,258.0,1.6,286.0
2024,6,28,1,0.34,4.7,247.0,1.1,288.0
2024,6,28,3,0.33,4.7,258.0,1.3,322.0
2024,6,28,6,0.35,4.8,247.0,1.7,153.0
2024,6,28,7,0.27,4.8,225.0,3.2,151.0
2024,6,28,8,0.33,4.8,22.0,1.8,173.0
2024,6,28,9,0.29,4.5,258.0,1.2,223.0
2024,6,28,10,0.28,4.5,247.0,1.4,264.0
2024,6,28,11,0.24,4.6,258.0,2.2,265.0
2024,6,28,12,0.28,4.5,247.0,3.0,286.0
2024,6,28,13,0.31,4.5,247.0,4.1,283.0
2024,6,28,14,0.34,4.5,247.0,5.9,264.0
2024,6,28,15,0.4,4.5,247.0,5.3,265.0
2024,6,28,16,0.41,3.5,236.0,5.1,261.0
2024,6,28,17,0.56,3.2,236.0,8.4,246.0
2024,6,28,18,0.71,3.6,225.0,7.4,238.0
2024,6,28,19,0.75,4.1,236.0,6.0,228.0
2024,6,28,20,0.68,3.9,236.0,4.7,220.0
2024,6,28,21,0.57,4.1,236.0,3.7,162.0
2024,6,28,22,0.55,4.0,247.0,4.5,164.0
2024,6,28,23,0.58,3.9,236.0,6.2,194.0
2024,6,29,0,0.75,3.6,236.0,7.7,214.0
2024,6,29,1,0.81,3.7,236.0,6.1,190.0
2024,6,29,2,0.82,3.6,236.0,5.9,195.0
2024,6,29,3,0.61,3.5,236.0,6.6,194.0
2024,6,29,4,0.61,3.5,236.0,6.5,190.0
2024,6,29,5,0.51,3.4,236.0,5.4,173.0
2024,6,29,6,0.54,3.5,236.0,4.0,172.0
2024,6,29,7,0.43,3.8,236.0,4.8,179.0
2024,6,29,8,0.43,3.5,247.0,6.3,204.0
2024,6,29,9,0.46,3.3,236.0,8.4,218.0
2024,6,29,10,0.55,3.3,236.0,7.4,227.0
2024,6,29,11,0.79,3.3,236.0,9.9,230.0
2024,6,29,12,1.0,3.8,236.0,9.0,241.0
2024,6,29,13,1.23,3.8,236.0,10.4,238.0
2024,6,29,14,1.4,4.1,225.0,11.1,239.0
2024,6,29,15,1.51,4.2,213.0,11.3,237.0
2024,6,29,16,1.62,4.4,236.0,11.8,236.0
2024,6,29,17,1.59,4.3,236.0,11.0,235.0
2024,6,29,18,1.61,4.5,225.0,11.5,223.0
2024,6,29,19,1.79,4.6,236.0,10.4,218.0
2024,6,29,20,1.26,4.1,247.0,12.0,235.0
2024,6,29,21,1.17,3.9,247.0,10.6,215.0
2024,6,29,22,1.03,4.0,236.0,8.6,197.0
2024,6,29,23,0.89,3.9,236.0,9.4,205.0
2024,6,30,0,1.1,4.3,247.0,9.2,201.0
2024,6,30,1,1.12,4.1,236.0,7.5,204.0
2024,6,30,2,1.19,4.1,247.0,9.6,217.0
2024,6,30,3,1.18,4.1,236.0,9.0,223.0
2024,6,30,4,1.01,4.2,247.0,7.3,220.0
2024,6,30,5,0.91,4.0,247.0,5.3,185.0
2024,6,30,6,0.91,4.2,258.0,5.9,184.0
2024,6,30,7,0.84,4.3,281.0,6.1,185.0
2024,6,30,8,0.7,4.1,270.0,6.1,198.0
2024,6,30,9,0.76,4.4,258.0,7.2,212.0
2024,6,30,10,0.65,4.0,270.0,7.0,221.0
2024,6,30,11,0.67,4.0,281.0,7.6,229.0
2024,6,30,12,0.67,3.6,247.0,8.6,229.0
2024,6,30,13,0.74,3.8,247.0,9.6,236.0
2024,6,30,14,0.85,3.7,236.0,10.5,227.0
2024,6,30,15,0.97,3.7,236.0,9.1,239.0
2024,6,30,16,1.02,3.8,247.0,8.3,234.0
2024,6,30,17,0.9,3.6,225.0,8.5,232.0
2024,6,30,18,0.81,3.8,236.0,7.0,222.0
2024,6,30,19,0.66,3.7,225.0,6.9,239.0
2024,6,30,20,0.64,3.5,236.0,6.8,234.0
2024,6,30,21,0.72,3.7,225.0,7.2,221.0
2024,6,30,22,0.66,3.7,247.0,6.8,214.0
2024,6,30,23,0.63,3.6,213.0,6.3,201.0
2024,7,1,0,0.57,3.7,247.0,7.7,196.0
2024,7,1,1,0.6,3.7,247.0,6.8,199.0
2024,7,1,2,0.59,3.7,247.0,6.6,198.0
2024,7,1,3,0.62,3.7,225.0,6.4,200.0
2024,7,1,4,0.67,3.6,236.0,6.7,192.0
2024,7,1,5,0.62,3.6,247.0,5.3,180.0
2024,7,1,6,0.62,3.7,247.0,6.2,196.0
2024,7,1,7,0.67,3.6,247.0,5.6,244.0
2024,7,1,8,0.76,3.7,236.0,7.1,218.0
2024,7,1,9,0.63,3.6,258.0,7.5,211.0
2024,7,1,10,0.66,3.8,236.0,7.4,233.0
2024,7,1,11,0.69,3.7,247.0,8.4,238.0
2024,7,1,12,0.73,3.6,247.0,8.7,245.0
2024,7,1,13,0.94,3.7,236.0,9.0,246.0
2024,7,1,14,1.07,3.7,236.0,8.7,246.0
2024,7,1,15,1.19,3.9,236.0,8.2,241.0
2024,7,1,16,1.17,3.9,236.0,9.2,246.0
2024,7,1,17,1.17,3.8,236.0,8.8,252.0
2024,7,1,18,1.08,3.8,236.0,8.1,242.0
2024,7,1,19,1.23,3.9,225.0,7.3,232.0
2024,7,1,20,0.97,3.8,225.0,7.4,226.0
2024,7,1,21,0.88,3.9,236.0,5.8,215.0
2024,7,1,22,0.77,3.9,236.0,4.0,192.0
2024,7,1,23,0.56,3.7,258.0,4.7,193.0
2024,7,2,0,0.58,3.9,236.0,6.2,193.0
2024,7,2,1,0.5,3.9,247.0,6.3,199.0
2024,7,2,2,0.56,3.7,236.0,6.2,193.0
2024,7,2,3,0.63,3.6,236.0,6.4,191.0
2024,7,2,4,0.67,4.0,247.0,5.7,197.0
2024,7,2,5,0.62,3.7,247.0,6.7,191.0
2024,7,2,6,0.68,3.9,236.0,6.1,178.0
2024,7,2,7,0.63,3.7,236.0,7.0,201.0
2024,7,2,8,0.68,3.7,236.0,7.7,217.0
2024,7,2,9,0.69,3.5,247.0,7.4,226.0
2024,7,2,10,0.74,3.6,247.0,7.0,229.0
2024,7,2,11,0.8,3.6,247.0,7.7,251.0
2024,7,2,12,0.89,3.7,236.0,8.4,260.0
2024,7,2,13,0.8,3.7,247.0,8.0,265.0
2024,7,2,14,0.87,3.7,247.0,6.6,270.0
2024,7,2,15,0.8,3.8,247.0,7.0,253.0
2024,7,2,16,0.92,3.6,247.0,7.9,254.0
2024,7,2,17,0.81,3.7,236.0,7.4,241.0
2024,7,2,18,0.89,3.7,247.0,6.1,218.0
2024,7,2,19,0.71,3.7,247.0,5.8,194.0
2024,7,2,20,0.67,3.6,247.0,6.6,147.0
2024,7,2,21,0.49,3.6,236.0,4.8,167.0
2024,7,2,22,0.44,3.9,258.0,5.2,182.0
2024,7,2,23,0.46,3.8,247.0,5.8,163.0
2024,7,3,0,0.46,4.0,270.0,4.7,149.0
2024,7,3,1,0.39,3.8,258.0,5.1,150.0
2024,7,3,2,0.43,4.3,258.0,4.6,162.0
2024,7,3,3,0.39,4.1,258.0,3.3,164.0
2024,7,3,4,0.36,3.9,270.0,3.8,162.0
2024,7,3,5,0.39,4.1,258.0,4.6,162.0
2024,7,3,6,0.37,4.1,258.0,4.8,156.0
2024,7,3,7,0.37,4.2,258.0,4.4,153.0
2024,7,3,8,0.54,4.7,45.0,3.0,164.0
2024,7,3,11,0.36,4.5,258.0,2.6,292.0
2024,7,3,12,0.35,4.6,270.0,2.9,338.0
2024,7,3,13,0.35,4.4,270.0,3.9,327.0
2024,7,3,14,0.38,4.7,258.0,3.2,322.0
2024,7,3,15,0.4,4.7,281.0,3.8,317.0
2024,7,3,16,0.36,4.4,270.0,3.6,318.0
2024,7,3,17,0.38,4.5,258.0,2.2,321.0
2024,7,3,18,0.53,4.5,247.0,1.2,30.0
2024,7,3,21,0.63,4.5,236.0,1.3,3.0
2024,7,3,22,0.55,4.8,270.0,1.1,8.0
2024,7,4,3,0.34,4.4,236.0,1.1,149.0
2024,7,4,10,0.41,4.5,247.0,1.6,329.0
2024,7,4,11,0.35,4.6,258.0,2.3,312.0
2024,7,4,12,0.37,4.6,258.0,3.8,305.0
2024,7,4,13,0.34,4.9,247.0,2.1,309.0
2024,7,4,14,0.28,4.7,270.0,3.7,316.0
2024,7,4,15,0.27,4.7,270.0,2.6,344.0
2024,7,4,16,0.25,4.4,258.0,3.2,354.0
2024,7,4,17,0.26,4.4,247.0,2.7,4.0
2024,7,4,23,0.23,4.0,281.0,1.7,204.0
2024,7,5,0,0.27,4.4,281.0,2.4,208.0
2024,7,5,1,0.24,4.3,247.0,3.5,217.0
2024,7,5,2,0.26,4.4,270.0,3.8,214.0
2024,7,5,3,0.24,4.4,236.0,3.0,168.0
2024,7,5,4,0.26,4.0,258.0,2.6,160.0
2024,7,5,9,0.29,3.8,270.0,1.4,343.0
2024,7,5,10,0.27,4.0,270.0,1.5,344.0
2024,7,5,11,0.31,4.2,258.0,1.3,315.0
2024,7,5,12,0.31,4.0,281.0,2.5,316.0
2024,7,5,13,0.27,3.9,270.0,4.2,321.0
2024,7,5,14,0.29,3.9,270.0,5.1,310.0
2024,7,5,15,0.27,3.9,292.0,5.7,311.0
2024,7,5,16,0.26,3.7,281.0,4.9,314.0
2024,7,5,17,0.28,3.7,270.0,3.7,306.0
2024,7,5,18,0.36,4.0,236.0,3.7,298.0
2024,7,5,19,0.31,3.7,270.0,3.5,289.0
2024,7,5,20,0.29,3.8,247.0,2.5,244.0
2024,7,5,21,0.28,3.8,258.0,2.5,246.0
2024,7,5,22,0.25,3.5,45.0,2.2,224.0
2024,7,5,23,0.22,3.6,270.0,2.9,225.0
2024,7,6,0,0.23,3.9,258.0,1.9,182.0
2024,7,6,1,0.22,4.1,258.0,1.5,195.0
2024,7,6,2,0.24,4.2,348.0,2.0,227.0
2024,7,6,6,0.23,4.1,247.0,2.2,157.0
2024,7,6,10,0.3,3.7,247.0,1.8,289.0
2024,7,6,11,0.27,3.8,247.0,2.4,294.0
2024,7,6,12,0.26,3.8,270.0,3.0,296.0
2024,7,6,13,0.26,3.9,258.0,4.6,313.0
2024,7,6,14,0.29,4.0,270.0,4.5,316.0
2024,7,6,15,0.26,3.8,270.0,4.4,325.0
2024,7,6,16,0.29,3.6,22.0,3.8,3.0
2024,7,6,17,0.28,3.3,11.0,1.8,14.0
2024,7,6,19,0.57,3.1,157.0,11.2,177.0
2024,7,6,20,0.61,3.5,225.0,5.1,145.0
2024,7,6,21,0.29,4.2,247.0,3.9,150.0
2024,7,6,22,0.45,4.3,247.0,3.8,159.0
2024,7,6,23,0.53,4.8,247.0,4.3,159.0
2024,7,7,0,0.47,4.8,225.0,5.7,149.0
2024,7,7,1,0.42,4.6,225.0,5.1,145.0
2024,7,7,2,0.38,4.7,270.0,4.2,136.0
2024,7,7,3,0.31,4.6,236.0,3.0,137.0
2024,7,7,4,0.32,4.4,247.0,1.6,146.0
2024,7,7,5,0.26,4.3,258.0,2.0,162.0
2024,7,7,6,0.33,4.5,247.0,1.7,166.0
2024,7,7,10,0.48,4.2,247.0,1.2,253.0
2024,7,7,11,0.47,4.2,247.0,1.5,276.0
2024,7,7,12,0.41,4.2,236.0,3.0,283.0
2024,7,7,13,0.45,4.4,247.0,4.5,293.0
2024,7,7,14,0.39,4.5,258.0,4.0,308.0
2024,7,7,15,0.33,4.3,258.0,3.2,330.0
2024,7,7,17,0.31,4.2,236.0,1.9,244.0
2024,7,7,18,0.27,4.2,236.0,6.6,182.0
2024,7,7,19,0.26,3.9,236.0,3.4,153.0
2024,7,7,20,0.32,3.7,11.0,4.0,193.0
2024,7,7,21,0.37,3.3,236.0,5.5,212.0
2024,7,7,22,0.39,3.4,247.0,4.2,166.0
2024,7,8,0,0.34,3.6,258.0,4.7,174.0
2024,7,8,1,0.33,3.6,258.0,1.5,184.0
2024,7,8,2,0.3,3.6,247.0,1.6,175.0
2024,7,8,3,0.29,3.9,258.0,3.8,160.0
2024,7,8,4,0.28,3.7,247.0,3.2,174.0
2024,7,8,5,0.28,3.9,258.0,4.0,166.0
2024,7,8,6,0.28,3.8,247.0,4.0,162.0
2024,7,8,7,0.25,3.9,270.0,2.6,178.0
2024,7,8,8,0.32,4.1,247.0,3.3,163.0
2024,7,8,9,0.32,4.2,258.0,1.3,169.0
2024,7,8,11,0.32,3.9,258.0,1.7,269.0
2024,7,8,12,0.33,4.1,247.0,2.7,306.0
2024,7,8,13,0.36,4.0,247.0,4.4,296.0
2024,7,8,14,0.37,4.3,247.0,5.4,294.0
2024,7,8,15,0.33,4.2,247.0,2.5,296.0
2024,7,8,16,0.29,4.1,247.0,2.2,295.0
2024,7,8,17,0.33,4.0,236.0,4.5,217.0
2024,7,8,18,0.7,3.3,213.0,7.9,169.0
2024,7,8,19,0.37,3.4,225.0,5.2,134.0
2024,7,8,20,0.45,3.8,258.0,2.5,168.0
2024,7,8,21,0.32,3.6,225.0,4.5,161.0
2024,7,8,22,0.33,3.6,247.0,6.7,151.0
2024,7,8,23,0.28,3.6,258.0,5.8,157.0
2024,7,9,0,0.31,3.8,247.0,5.4,163.0
2024,7,9,1,0.31,4.2,270.0,4.6,179.0
2024,7,9,2,0.27,4.2,225.0,5.3,175.0
2024,7,9,3,0.24,4.0,202.0,5.7,160.0
2024,7,9,4,0.3,4.3,11.0,5.1,160.0
2024,7,9,5,0.22,4.3,258.0,4.8,161.0
2024,7,9,6,0.25,4.4,213.0,6.0,153.0
2024,7,9,7,0.23,4.2,236.0,6.0,157.0
2024,7,9,8,0.3,4.2,11.0,5.2,154.0
2024,7,9,9,0.28,4.5,33.0,4.3,158.0
2024,7,9,10,0.24,4.1,247.0,2.0,195.0
2024,7,9,11,0.29,4.2,258.0,2.9,222.0
2024,7,9,12,0.31,4.0,236.0,3.2,239.0
2024,7,9,13,0.43,4.2,236.0,3.8,246.0
2024,7,9,14,0.42,4.1,247.0,4.9,256.0
2024,7,9,15,0.39,4.0,258.0,6.1,274.0
2024,7,9,16,0.39,3.6,258.0,5.2,276.0
2024,7,9,17,0.39,3.5,258.0,5.3,284.0
2024,7,9,18,0.48,3.7,236.0,2.6,284.0
2024,7,9,19,0.38,3.5,281.0,1.3,282.0
2024,7,9,21,0.38,3.5,258.0,2.9,211.0
2024,7,9,22,0.36,3.4,236.0,4.7,169.0
2024,7,9,23,0.41,3.4,247.0,3.3,173.0
2024,7,10,0,0.36,3.3,213.0,4.5,178.0
2024,7,10,1,0.29,3.4,247.0,4.8,179.0
2024,7,10,2,0.32,3.7,236.0,4.6,195.0
2024,7,10,3,0.3,3.6,247.0,2.8,174.0
2024,7,10,4,0.27,3.7,270.0,3.0,184.0
2024,7,10,5,0.26,3.7,281.0,3.8,183.0
2024,7,10,6,0.31,3.8,258.0,4.1,177.0
2024,7,10,7,0.34,3.8,258.0,4.1,166.0
2024,7,10,8,0.4,4.0,22.0,6.4,215.0
2024,7,10,9,0.39,3.7,247.0,6.1,214.0
2024,7,10,10,0.45,3.6,247.0,6.9,231.0
2024,7,10,11,0.61,3.8,236.0,6.9,244.0
2024,7,10,12,0.72,3.3,236.0,8.4,242.0
2024,7,10,13,0.86,3.5,236.0,9.3,251.0
2024,7,10,14,0.97,3.8,236.0,9.2,247.0
2024,7,10,15,1.01,3.9,236.0,7.1,264.0
2024,7,10,16,0.92,3.8,247.0,7.6,258.0
2024,7,10,17,0.8,3.8,236.0,5.9,238.0
2024,7,10,18,0.67,3.8,236.0,6.1,208.0
2024,7,10,19,0.7,3.9,247.0,5.6,155.0
2024,7,10,20,0.6,3.8,258.0,5.9,148.0
2024,7,10,21,0.56,3.8,247.0,5.4,198.0
2024,7,10,22,0.48,3.6,236.0,5.1,203.0
2024,7,10,23,0.47,3.5,225.0,5.1,195.0
2024,7,11,0,0.43,3.5,247.0,5.0,193.0
2024,7,11,1,0.38,3.4,247.0,3.7,192.0
2024,7,11,2,0.35,3.4,247.0,4.7,155.0
2024,7,11,3,0.3,3.6,236.0,4.3,161.0
2024,7,11,4,0.3,3.3,292.0,5.2,162.0
2024,7,11,5,0.3,3.2,258.0,4.7,157.0
2024,7,11,6,0.32,3.4,270.0,5.0,166.0
2024,7,11,7,0.38,3.4,281.0,7.3,197.0
2024,7,11,8,0.46,3.6,33.0,7.0,202.0
2024,7,11,9,0.44,3.3,247.0,7.5,215.0
2024,7,11,10,0.51,3.2,247.0,7.6,229.0
2024,7,11,11,0.64,3.3,236.0,8.3,240.0
2024,7,11,12,0.66,3.2,236.0,7.6,247.0
2024,7,11,13,0.74,3.4,247.0,8.0,256.0
2024,7,11,14,0.73,3.3,247.0,8.1,260.0
2024,7,11,15,0.6,3.2,236.0,7.6,262.0
2024,7,11,16,0.61,3.3,258.0,7.0,259.0
2024,7,11,17,0.56,3.4,258.0,4.9,242.0
2024,7,11,18,0.5,3.5,258.0,5.0,224.0
2024,7,11,19,0.49,3.7,247.0,5.3,218.0
2024,7,11,20,0.55,3.6,247.0,5.9,219.0
2024,7,11,21,0.49,3.5,225.0,3.9,177.0
2024,7,11,22,0.43,3.3,236.0,4.6,192.0
2024,7,11,23,0.39,3.2,247.0,4.4,166.0
2024,7,12,0,0.36,3.2,236.0,5.9,201.0
2024,7,12,1,0.32,3.2,247.0,6.1,189.0
2024,7,12,2,0.3,3.2,258.0,5.6,193.0
2024,7,12,3,0.25,3.2,236.0,5.8,175.0
2024,7,12,4,0.26,3.2,270.0,5.8,181.0
2024,7,12,5,0.33,3.1,247.0,5.2,179.0
2024,7,12,6,0.35,3.4,225.0,4.3,161.0
2024,7,12,7,0.35,3.3,270.0,5.0,209.0
2024,7,12,8,0.43,3.7,0.0,5.1,199.0
2024,7,12,9,0.32,3.4,258.0,4.7,218.0
2024,7,12,10,0.37,3.4,247.0,5.1,241.0
2024,7,12,11,0.41,3.4,270.0,5.9,253.0
2024,7,12,12,0.38,3.4,270.0,6.2,255.0
2024,7,12,13,0.35,3.2,258.0,7.1,248.0
2024,7,12,14,0.41,3.0,258.0,6.8,254.0
2024,7,12,15,0.41,3.1,236.0,7.2,258.0
2024,7,12,16,0.37,3.1,270.0,7.0,258.0
2024,7,12,17,0.42,3.1,270.0,6.4,261.0
2024,7,12,18,0.43,3.2,258.0,5.5,259.0
2024,7,12,19,0.37,3.2,270.0,4.6,245.0
2024,7,12,20,0.34,3.4,56.0,4.8,223.0
2024,7,12,21,0.37,3.4,258.0,4.4,219.0
2024,7,12,22,0.33,3.3,258.0,5.2,217.0
2024,7,12,23,0.28,3.2,247.0,4.7,196.0
2024,7,13,0,0.29,3.1,270.0,4.2,197.0
2024,7,13,1,0.26,3.1,247.0,4.7,198.0
2024,7,13,2,0.31,3.1,258.0,5.5,199.0
2024,7,13,3,0.27,3.1,236.0,5.4,196.0
2024,7,13,4,0.25,3.2,258.0,5.4,197.0
2024,7,13,5,0.33,3.0,281.0,5.6,194.0
2024,7,13,6,0.36,3.3,225.0,4.8,176.0
2024,7,13,7,0.32,3.2,258.0,4.6,188.0
2024,7,13,8,0.4,3.5,258.0,5.6,192.0
2024,7,13,9,0.48,3.7,247.0,4.0,245.0
2024,7,13,10,0.42,3.4,270.0,4.5,246.0
2024,7,13,11,0.37,3.5,270.0,3.9,267.0
2024,7,13,12,0.36,3.4,258.0,5.3,261.0
2024,7,13,13,0.36,3.4,270.0,6.1,266.0
2024,7,13,14,0.39,3.3,270.0,6.2,274.0
2024,7,13,15,0.43,3.1,225.0,5.7,271.0
2024,7,13,16,0.4,3.2,258.0,6.5,276.0
2024,7,13,17,0.37,3.1,247.0,3.5,259.0
2024,7,13,18,0.45,4.0,213.0,3.6,227.0
2024,7,13,19,0.29,3.5,236.0,4.2,162.0
2024,7,13,20,0.29,3.6,22.0,3.9,170.0
2024,7,13,21,0.23,3.5,247.0,4.6,157.0
2024,7,13,22,0.21,3.3,247.0,6.2,179.0
2024,7,13,23,0.22,3.5,236.0,4.1,167.0
2024,7,14,3,0.25,3.2,270.0,4.3,144.0
2024,7,14,4,0.25,3.3,270.0,4.5,160.0
2024,7,14,5,0.23,3.5,281.0,4.2,164.0
2024,7,14,6,0.3,3.8,202.0,4.0,158.0
2024,7,14,7,0.24,3.8,258.0,4.6,149.0
2024,7,14,8,0.33,4.2,22.0,3.7,145.0
2024,7,14,9,0.22,3.9,258.0,1.6,151.0
2024,7,14,11,0.21,3.7,303.0,1.8,319.0
2024,7,14,12,0.22,3.7,281.0,2.5,344.0
2024,7,14,14,0.22,3.9,247.0,2.8,342.0
2024,7,14,15,0.22,4.0,258.0,4.3,348.0
2024,7,14,16,0.28,3.7,236.0,4.8,353.0
2024,7,14,17,0.39,3.9,270.0,3.8,351.0
2024,7,14,18,0.39,4.0,236.0,2.2,14.0
2024,7,14,19,0.39,4.1,213.0,2.1,16.0
2024,7,14,20,0.34,4.7,258.0,2.5,14.0
2024,7,14,21,0.39,4.5,11.0,3.2,15.0
2024,7,14,22,0.25,4.4,247.0,3.5,14.0
2024,7,14,23,0.24,3.9,236.0,3.1,27.0
2024,7,15,0,0.28,4.2,247.0,3.8,27.0
2024,7,15,1,0.29,4.5,247.0,3.1,36.0
2024,7,15,2,0.34,4.8,236.0,2.1,30.0
2024,7,15,6,0.42,4.7,247.0,1.3,331.0
2024,7,15,7,0.31,4.7,236.0,1.4,329.0
2024,7,15,9,0.3,4.6,281.0,1.9,12.0
2024,7,15,10,0.3,4.6,258.0,1.8,7.0
2024,7,15,11,0.3,4.5,270.0,2.8,353.0
2024,7,15,12,0.32,3.9,270.0,3.7,343.0
2024,7,15,13,0.33,4.4,270.0,4.0,342.0
2024,7,15,14,0.34,4.5,258.0,3.5,332.0
2024,7,15,15,0.35,4.4,236.0,3.8,331.0
2024,7,15,16,0.37,4.5,247.0,4.2,345.0
2024,7,15,17,0.38,4.4,247.0,5.1,3.0
2024,7,15,18,0.48,3.7,247.0,5.6,14.0
2024,7,15,19,0.49,3.6,236.0,1.7,52.0
2024,7,15,20,0.51,3.6,45.0,1.3,296.0
2024,7,15,21,0.43,3.8,22.0,3.1,240.0
2024,7,15,22,0.41,3.8,33.0,2.2,260.0
2024,7,15,23,0.34,4.0,270.0,2.9,223.0
2024,7,16,0,0.32,4.0,270.0,4.1,220.0
2024,7,16,1,0.31,4.0,258.0,3.0,218.0
2024,7,16,2,0.34,4.5,270.0,2.6,229.0
2024,7,16,3,0.33,4.2,247.0,1.9,182.0
2024,7,16,4,0.36,4.1,258.0,3.6,165.0
2024,7,16,5,0.45,4.4,236.0,2.9,157.0
2024,7,16,6,0.51,4.3,247.0,3.7,155.0
2024,7,16,7,0.46,4.6,236.0,3.0,150.0
2024,7,16,8,0.44,4.3,258.0,1.1,174.0
2024,7,16,10,0.32,4.4,258.0,1.2,333.0
2024,7,16,11,0.3,4.2,270.0,2.1,319.0
2024,7,16,12,0.31,4.6,258.0,3.2,329.0
2024,7,16,13,0.31,4.4,258.0,3.7,333.0
2024,7,16,14,0.32,4.5,281.0,4.4,322.0
2024,7,16,15,0.38,4.3,281.0,5.2,330.0
2024,7,16,16,0.44,3.9,258.0,3.4,348.0
2024,7,16,17,0.42,4.1,258.0,1.5,23.0
2024,7,16,19,0.43,4.4,270.0,1.2,79.0
2024,7,16,20,0.43,4.4,45.0,1.2,66.0
2024,7,16,21,0.34,4.4,281.0,3.4,214.0
2024,7,16,22,0.32,4.7,281.0,1.9,242.0
2024,7,16,23,0.3,4.5,270.0,1.1,244.0
2024,7,17,0,0.36,5.1,247.0,3.2,154.0
2024,7,17,1,0.31,4.9,247.0,2.8,147.0
2024,7,17,2,0.32,4.8,247.0,3.7,161.0
2024,7,17,3,0.32,4.8,247.0,1.9,168.0
2024,7,17,4,0.38,4.9,258.0,1.2,155.0
2024,7,17,6,0.41,4.9,247.0,1.3,176.0
2024,7,17,7,0.41,4.8,247.0,2.0,165.0
2024,7,17,10,0.39,4.9,270.0,1.5,316.0
2024,7,17,11,0.33,4.1,281.0,2.5,345.0
2024,7,17,12,0.33,4.4,281.0,4.5,332.0
2024,7,17,13,0.29,4.0,281.0,5.1,353.0
2024,7,17,14,0.37,3.8,270.0,4.8,352.0
2024,7,17,15,0.38,3.6,22.0,4.8,343.0
2024,7,17,16,0.37,3.6,33.0,4.5,346.0
2024,7,17,17,0.42,3.8,225.0,4.1,357.0
2024,7,17,18,0.45,4.0,225.0,1.1,339.0
2024,7,17,20,0.39,4.3,225.0,6.5,146.0
2024,7,17,21,0.35,4.4,247.0,3.3,138.0
2024,7,17,22,0.28,4.5,225.0,4.4,173.0
2024,7,17,23,0.29,4.9,270.0,2.6,213.0
2024,7,18,0,0.29,5.0,247.0,3.2,137.0
2024,7,18,1,0.3,5.1,247.0,2.5,143.0
2024,7,18,2,0.26,5.3,247.0,4.6,158.0
2024,7,18,3,0.26,5.1,247.0,4.8,163.0
2024,7,18,4,0.26,4.8,247.0,4.7,161.0
2024,7,18,5,0.32,5.1,281.0,3.8,166.0
2024,7,18,6,0.43,5.0,247.0,3.9,158.0
2024,7,18,7,0.45,4.8,247.0,2.3,150.0
2024,7,18,8,0.53,4.8,236.0,1.4,149.0
2024,7,18,12,0.35,4.8,258.0,2.6,328.0
2024,7,18,13,0.4,4.7,258.0,3.2,311.0
2024,7,18,14,0.39,5.0,270.0,2.9,324.0
2024,7,18,15,0.44,4.5,236.0,3.6,330.0
2024,7,18,16,0.33,4.4,247.0,4.9,324.0
2024,7,18,17,0.38,4.3,247.0,5.1,329.0
2024,7,18,18,0.47,4.0,213.0,4.2,315.0
2024,7,18,19,0.47,4.4,236.0,1.6,307.0
2024,7,18,20,0.38,4.4,270.0,1.4,312.0
2024,7,18,21,0.36,4.7,281.0,1.4,317.0
2024,7,18,23,0.35,4.8,270.0,1.3,310.0
2024,7,19,0,0.38,4.9,270.0,1.3,270.0
2024,7,19,1,0.29,4.5,270.0,1.2,228.0
2024,7,19,2,0.31,4.6,270.0,1.3,244.0
2024,7,19,3,0.28,4.6,270.0,1.5,269.0
2024,7,19,4,0.3,4.3,270.0,2.5,155.0
2024,7,19,5,0.31,4.5,247.0,2.0,149.0
2024,7,19,7,0.37,4.5,258.0,1.8,357.0
2024,7,19,8,0.43,4.4,270.0,1.3,14.0
2024,7,19,10,0.4,5.0,258.0,1.6,343.0
2024,7,19,11,0.39,4.7,270.0,2.9,326.0
2024,7,19,12,0.32,4.4,258.0,3.3,322.0
2024,7,19,13,0.31,4.4,258.0,3.9,327.0
2024,7,19,14,0.34,4.5,270.0,4.9,337.0
2024,7,19,15,0.36,4.2,270.0,5.0,333.0
2024,7,19,16,0.44,3.7,0.0,5.5,331.0
2024,7,19,17,0.47,3.5,0.0,5.5,340.0
2024,7,19,18,0.57,3.9,236.0,4.4,337.0
2024,7,19,19,0.53,3.8,247.0,3.6,338.0
2024,7,19,20,0.49,4.0,247.0,3.6,338.0
2024,7,19,21,0.46,4.2,270.0,3.3,333.0
2024,7,19,22,0.39,3.9,258.0,3.7,329.0
2024,7,19,23,0.37,4.1,270.0,3.1,331.0
2024,7,20,0,0.37,4.1,270.0,2.6,314.0
2024,7,20,1,0.32,4.2,281.0,3.0,327.0
2024,7,20,2,0.31,4.0,270.0,2.6,330.0
2024,7,20,3,0.29,4.1,270.0,2.9,328.0
2024,7,20,4,0.28,3.9,270.0,3.2,320.0
2024,7,20,5,0.39,4.5,258.0,2.9,315.0
2024,7,20,6,0.37,4.3,247.0,3.1,317.0
2024,7,20,7,0.38,4.3,247.0,2.8,310.0
2024,7,20,8,0.45,4.4,247.0,2.6,319.0
2024,7,20,9,0.45,4.4,281.0,3.5,317.0
2024,7,20,10,0.35,4.3,247.0,3.4,321.0
2024,7,20,11,0.4,4.6,270.0,4.3,329.0
2024,7,20,12,0.37,4.3,270.0,4.4,339.0
2024,7,20,13,0.32,4.1,270.0,5.4,332.0
2024,7,20,14,0.38,3.5,270.0,5.2,337.0
2024,7,20,15,0.39,3.3,348.0,5.4,336.0
2024,7,20,16,0.41,3.3,0.0,5.5,349.0
2024,7,20,17,0.48,3.5,348.0,4.7,350.0
2024,7,20,18,0.48,3.8,213.0,3.5,11.0
2024,7,20,19,0.43,3.9,247.0,2.6,28.0
2024,7,20,20,0.43,4.1,258.0,1.6,24.0
2024,7,20,21,0.43,4.3,270.0,2.4,328.0
2024,7,20,22,0.41,4.2,258.0,2.9,318.0
2024,7,20,23,0.34,4.2,258.0,3.1,295.0
2024,7,21,0,0.34,4.4,281.0,2.5,296.0
2024,7,21,1,0.35,4.6,258.0,2.4,294.0
2024,7,21,2,0.3,4.5,247.0,1.3,287.0
2024,7,21,3,0.31,4.8,270.0,1.4,285.0
2024,7,21,4,0.23,4.6,258.0,3.3,303.0
2024,7,21,5,0.3,4.6,281.0,2.5,324.0
2024,7,21,6,0.32,4.4,247.0,2.8,328.0
2024,7,21,7,0.31,4.5,270.0,2.5,337.0
2024,7,21,8,0.49,4.5,22.0,3.9,349.0
2024,7,21,9,0.4,4.1,270.0,4.7,3.0
2024,7,21,10,0.53,4.1,258.0,6.0,25.0
2024,7,21,11,0.58,3.5,33.0,6.3,16.0
2024,7,21,12,0.59,3.5,33.0,6.6,358.0
2024,7,21,13,0.62,3.8,33.0,5.2,356.0
2024,7,21,14,0.53,3.6,45.0,5.6,344.0
2024,7,21,15,0.47,3.5,0.0,6.0,358.0
2024,7,21,16,0.46,3.6,22.0,5.5,5.0
2024,7,21,17,0.43,3.7,33.0,3.2,15.0
2024,7,21,18,0.47,3.8,45.0,2.0,354.0
2024,7,21,21,0.44,4.1,281.0,4.0,165.0
2024,7,21,22,0.39,4.3,258.0,2.0,193.0
2024,7,21,23,0.36,4.1,33.0,3.0,219.0
2024,7,22,0,0.41,4.3,33.0,2.2,213.0
2024,7,22,1,0.43,4.4,22.0,3.2,192.0
2024,7,22,2,0.39,4.5,270.0,2.1,183.0
2024,7,22,3,0.43,4.6,0.0,2.1,168.0
2024,7,22,4,0.4,4.6,22.0,1.3,157.0
2024,7,22,6,0.36,4.5,225.0,2.2,47.0
2024,7,22,7,0.32,4.3,337.0,2.9,46.0
2024,7,22,8,0.44,4.3,22.0,3.4,33.0
2024,7,22,9,0.46,3.8,348.0,4.1,22.0
2024,7,22,10,0.46,3.8,247.0,3.5,19.0
2024,7,22,11,0.42,3.8,0.0,5.0,9.0
2024,7,22,12,0.47,3.8,0.0,5.9,3.0
2024,7,22,13,0.48,3.8,22.0,5.8,360.0
2024,7,22,14,0.57,3.6,11.0,6.2,348.0
2024,7,22,15,0.5,3.6,11.0,5.5,352.0
2024,7,22,16,0.55,3.6,33.0,5.3,344.0
2024,7,22,17,0.47,3.7,33.0,4.4,329.0
2024,7,22,18,0.54,3.8,11.0,4.7,340.0
2024,7,22,19,0.58,3.9,33.0,3.9,337.0
2024,7,22,20,0.62,4.2,0.0,3.9,334.0
2024,7,22,21,0.77,4.4,11.0,2.9,312.0
2024,7,22,23,1.17,5.1,22.0,2.9,192.0
2024,7,23,0,0.95,4.9,22.0,4.0,185.0
2024,7,23,1,1.04,5.0,33.0,3.8,162.0
2024,7,23,2,0.81,4.8,11.0,3.4,143.0
2024,7,23,3,0.81,4.8,33.0,2.3,142.0
2024,7,23,4,0.63,4.5,11.0,2.1,139.0
2024,7,23,7,0.6,4.6,0.0,4.5,29.0
2024,7,23,8,0.79,4.5,11.0,5.6,31.0
2024,7,23,9,0.89,4.5,11.0,5.9,37.0
2024,7,23,10,1.08,4.8,11.0,6.8,14.0
2024,7,23,11,1.37,4.8,11.0,8.3,14.0
2024,7,23,12,1.4,4.8,33.0,9.7,13.0
2024,7,23,13,1.68,4.9,22.0,10.5,14.0
2024,7,23,14,1.84,5.3,22.0,10.2,11.0
2024,7,23,15,2.01,5.2,11.0,10.9,14.0
2024,7,23,16,1.93,5.2,0.0,11.7,17.0
2024,7,23,17,2.23,5.5,22.0,12.5,33.0
2024,7,23,18,2.24,5.6,11.0,11.8,26.0
2024,7,23,19,2.38,5.8,11.0,11.3,33.0
2024,7,23,20,2.25,5.6,0.0,11.2,29.0
2024,7,23,21,2.81,6.3,11.0,11.7,34.0
2024,7,23,22,2.87,6.6,11.0,11.4,41.0
2024,7,23,23,2.67,6.5,11.0,9.3,46.0
2024,7,24,0,2.18,5.9,11.0,5.1,66.0
2024,7,24,1,2.64,6.4,22.0,7.2,49.0
2024,7,24,2,2.38,5.9,22.0,7.4,69.0
2024,7,24,3,2.09,5.9,22.0,7.6,55.0
2024,7,24,4,2.05,5.4,22.0,12.5,52.0
2024,7,24,5,2.32,5.4,22.0,14.1,27.0
2024,7,24,6,2.21,5.5,11.0,12.1,21.0
2024,7,24,7,2.15,5.3,22.0,14.8,17.0
2024,7,24,8,2.5,5.7,11.0,13.7,11.0
2024,7,24,9,2.59,5.7,0.0,14.3,9.0
2024,7,24,10,2.92,6.1,0.0,13.8,357.0
2024,7,24,11,2.72,5.8,11.0,15.0,356.0
2024,7,24,12,3.16,6.0,0.0,14.8,7.0
2024,7,24,13,3.17,6.2,22.0,14.9,13.0
2024,7,24,14,3.83,6.7,22.0,14.6,4.0
2024,7,24,15,3.82,6.5,11.0,15.9,352.0
2024,7,24,16,3.29,6.3,11.0,16.1,354.0
2024,7,24,17,3.43,6.4,0.0,15.2,355.0
2024,7,24,18,3.42,6.3,0.0,16.8,356.0
2024,7,24,19,3.58,6.4,348.0,16.4,354.0
2024,7,24,20,3.32,6.3,348.0,15.2,356.0
2024,7,24,21,3.13,6.6,348.0,13.5,355.0
2024,7,24,22,3.05,6.4,348.0,11.1,348.0
2024,7,24,23,3.21,6.2,0.0,13.0,347.0
2024,7,25,0,3.19,5.9,11.0,12.0,342.0
2024,7,25,1,2.82,5.9,22.0,11.8,331.0
2024,7,25,2,2.85,5.7,348.0,11.6,314.0
2024,7,25,3,3.11,6.4,337.0,10.6,310.0
2024,7,25,4,2.63,5.8,337.0,10.5,308.0
2024,7,25,5,2.62,5.8,337.0,9.2,309.0
2024,7,25,6,2.15,5.5,292.0,8.9,292.0
2024,7,25,7,2.19,5.5,281.0,8.1,267.0
2024,7,25,8,2.01,5.5,303.0,9.7,268.0
2024,7,25,9,2.34,5.8,270.0,14.1,262.0
2024,7,25,10,3.02,5.6,258.0,14.9,253.0
2024,7,25,11,3.3,5.6,258.0,15.7,246.0
2024,7,25,12,3.36,5.8,270.0,16.6,227.0
2024,7,25,13,3.11,5.5,281.0,16.1,219.0
2024,7,25,14,3.5,6.0,236.0,15.5,227.0
2024,7,25,15,3.27,5.7,247.0,17.2,224.0
2024,7,25,16,3.62,6.0,258.0,15.9,225.0
2024,7,25,17,3.03,6.4,258.0,14.6,176.0
2024,7,25,18,2.35,5.0,270.0,14.7,218.0
2024,7,25,19,2.41,4.8,258.0,20.4,193.0
2024,7,25,20,2.55,5.7,247.0,14.0,213.0
2024,7,25,21,2.88,5.9,236.0,19.7,201.0
2024,7,25,22,3.25,5.8,225.0,15.6,204.0
2024,7,25,23,3.7,5.7,236.0,17.9,202.0
2024,7,26,0,3.13,5.7,258.0,14.1,187.0
2024,7,26,1,2.4,5.2,247.0,16.0,188.0
2024,7,26,2,2.82,5.8,247.0,14.9,188.0
2024,7,26,3,2.64,5.9,247.0,15.9,194.0
2024,7,26,4,2.57,6.0,258.0,15.9,195.0
2024,7,26,5,2.37,5.9,258.0,13.9,187.0
2024,7,26,6,2.03,5.5,303.0,14.1,190.0
2024,7,26,7,2.3,6.0,315.0,14.4,193.0
2024,7,26,8,2.73,6.3,33.0,14.0,204.0
2024,7,26,9,2.21,6.5,292.0,12.7,193.0
2024,7,26,10,2.5,6.7,247.0,12.0,191.0
2024,7,26,11,2.0,5.9,33.0,14.2,194.0
2024,7,26,12,2.03,5.4,258.0,14.1,194.0
2024,7,26,13,2.12,5.1,292.0,13.3,193.0
2024,7,26,14,1.93,5.6,281.0,12.7,205.0
2024,7,26,15,1.76,5.4,281.0,11.4,192.0
2024,7,26,16,1.81,5.5,281.0,11.0,189.0
2024,7,26,17,1.82,5.3,292.0,12.7,190.0
2024,7,26,18,1.99,5.3,270.0,13.6,178.0
2024,7,26,19,1.65,4.8,281.0,13.1,172.0
2024,7,26,20,1.48,5.2,270.0,10.6,169.0
2024,7,26,21,1.41,5.9,258.0,8.1,172.0
2024,7,26,22,1.28,5.4,281.0,8.8,172.0
2024,7,26,23,1.27,5.5,258.0,7.9,203.0
2024,7,27,0,1.17,4.9,258.0,12.5,210.0
2024,7,27,1,1.27,4.5,281.0,11.5,210.0
2024,7,27,2,1.43,4.3,225.0,11.2,219.0
2024,7,27,3,1.21,4.7,258.0,9.5,218.0
2024,7,27,4,1.11,4.5,270.0,12.4,211.0
2024,7,27,5,1.23,4.5,258.0,12.5,211.0
2024,7,27,6,1.25,4.3,270.0,12.6,208.0
2024,7,27,7,1.39,4.6,270.0,10.1,206.0
2024,7,27,8,1.11,4.6,247.0,9.1,201.0
2024,7,27,9,1.04,4.7,258.0,9.4,197.0
2024,7,27,10,0.98,5.0,281.0,8.5,210.0
2024,7,27,11,1.17,5.2,270.0,6.2,217.0
2024,7,27,12,1.06,4.9,270.0,6.9,227.0
2024,7,27,13,1.27,4.4,247.0,10.1,230.0
2024,7,27,14,1.58,4.6,236.0,9.1,233.0
2024,7,27,15,1.55,4.2,213.0,8.6,227.0
2024,7,27,16,1.29,4.5,247.0,7.6,220.0
2024,7,27,17,1.18,4.5,258.0,10.2,211.0
2024,7,27,18,1.01,4.6,270.0,7.3,215.0
2024,7,27,19,1.05,4.8,270.0,7.7,231.0
2024,7,27,20,1.01,4.7,270.0,5.7,209.0
2024,7,27,21,0.98,4.9,258.0,3.2,192.0
2024,7,27,22,0.89,5.0,270.0,1.2,169.0
2024,7,28,1,0.87,4.8,258.0,1.3,342.0
2024,7,28,2,0.92,4.8,258.0,1.4,353.0
2024,7,28,3,0.82,4.9,258.0,3.1,6.0
2024,7,28,4,0.78,4.9,303.0,2.7,5.0
2024,7,28,5,0.8,5.3,270.0,4.3,22.0
2024,7,28,6,0.73,4.6,281.0,5.7,23.0
2024,7,28,7,0.79,4.2,11.0,8.5,45.0
2024,7,28,8,0.84,4.2,315.0,7.2,34.0
2024,7,28,9,0.77,4.6,270.0,6.3,32.0
2024,7,28,10,0.79,4.3,22.0,7.0,31.0
2024,7,28,11,0.76,4.3,11.0,5.9,37.0
2024,7,28,12,0.81,4.4,11.0,4.4,18.0
2024,7,28,13,0.68,4.7,11.0,4.5,9.0
2024,7,28,14,0.86,4.9,22.0,5.1,12.0
2024,7,28,15,0.85,4.8,247.0,6.0,19.0
2024,7,28,16,0.8,4.7,258.0,4.1,12.0
2024,7,28,17,0.7,4.5,258.0,4.5,359.0
2024,7,28,18,0.69,4.4,22.0,2.7,356.0
2024,7,28,19,0.66,4.8,247.0,2.1,331.0
2024,7,28,20,0.48,4.3,270.0,3.4,314.0
2024,7,28,21,0.49,4.5,270.0,2.7,345.0
2024,7,28,22,0.55,4.9,258.0,3.1,325.0
2024,7,28,23,0.51,5.0,270.0,2.2,349.0
2024,7,29,0,0.5,4.9,258.0,4.6,25.0
2024,7,29,1,0.59,4.3,258.0,5.5,15.0
2024,7,29,2,0.7,4.4,270.0,5.1,19.0
2024,7,29,3,0.66,4.3,247.0,4.5,15.0
2024,7,29,4,0.74,4.4,258.0,2.5,358.0
2024,7,29,5,0.73,4.7,270.0,2.1,348.0
2024,7,29,6,0.7,4.5,292.0,2.5,13.0
2024,7,29,7,0.63,4.6,258.0,2.4,30.0
2024,7,29,8,0.58,4.3,22.0,3.3,1.0
2024,7,29,9,0.55,4.4,78.0,1.8,12.0
2024,7,29,10,0.5,4.2,281.0,1.4,345.0
2024,7,29,15,0.52,4.5,303.0,2.1,359.0
2024,7,29,16,0.64,4.8,258.0,2.0,9.0
2024,7,29,18,0.5,4.6,281.0,1.8,296.0
2024,7,29,20,0.65,5.0,45.0,2.8,240.0
2024,7,29,21,0.78,5.0,11.0,6.0,208.0
2024,7,29,22,0.59,4.8,22.0,6.1,192.0
2024,7,29,23,0.64,4.2,0.0,6.2,193.0
2024,7,30,0,0.53,4.3,0.0,7.4,194.0
2024,7,30,1,0.52,3.7,247.0,7.0,200.0
2024,7,30,2,0.57,3.7,22.0,6.5,201.0
2024,7,30,3,0.63,3.9,247.0,7.7,199.0
2024,7,30,4,0.78,3.8,247.0,6.4,192.0
2024,7,30,5,0.62,3.8,258.0,5.4,198.0
2024,7,30,6,0.65,4.0,247.0,4.8,199.0
2024,7,30,7,0.58,4.0,236.0,4.4,183.0
2024,7,30,8,0.57,4.3,326.0,4.3,185.0
2024,7,30,9,0.5,4.3,315.0,3.3,218.0
2024,7,30,10,0.39,4.2,315.0,3.4,221.0
2024,7,30,11,0.41,4.2,0.0,3.1,237.0
2024,7,30,12,0.37,4.1,337.0,3.2,260.0
2024,7,30,13,0.41,4.4,258.0,3.6,271.0
2024,7,30,14,0.36,4.2,11.0,4.7,274.0
2024,7,30,15,0.38,4.3,292.0,4.2,272.0
2024,7,30,16,0.45,4.9,270.0,4.0,267.0
2024,7,30,17,0.44,4.4,258.0,4.0,248.0
2024,7,30,18,0.42,4.4,0.0,2.6,243.0
2024,7,30,19,0.46,4.9,270.0,4.2,244.0
2024,7,30,20,0.43,4.4,270.0,4.4,237.0
2024,7,30,21,0.39,4.5,258.0,3.5,233.0
2024,7,30,23,0.41,4.6,270.0,2.0,140.0
2024,7,31,0,0.36,4.1,270.0,2.6,143.0
2024,7,31,1,0.42,3.9,247.0,5.7,210.0
2024,7,31,2,0.46,3.5,247.0,5.5,208.0
2024,7,31,3,0.4,3.6,247.0,4.0,182.0
2024,7,31,4,0.49,3.6,270.0,3.4,179.0
2024,7,31,5,0.44,3.8,247.0,3.5,168.0
2024,7,31,6,0.46,4.1,247.0,2.2,144.0
2024,7,31,7,0.48,4.4,258.0,3.3,174.0
2024,7,31,8,0.54,4.6,247.0,3.6,185.0
2024,7,31,9,0.47,4.5,270.0,3.8,221.0
2024,7,31,10,0.45,4.7,270.0,3.9,225.0
2024,7,31,11,0.46,4.7,292.0,6.0,235.0
2024,7,31,12,0.5,3.9,247.0,7.1,241.0
2024,7,31,13,0.58,3.7,236.0,6.8,240.0
2024,7,31,14,0.65,3.5,247.0,7.0,248.0
2024,7,31,15,0.77,3.6,236.0,6.5,255.0
2024,7,31,16,0.65,3.9,236.0,5.4,249.0
2024,7,31,17,0.71,3.6,225.0,5.7,239.0
2024,7,31,18,0.62,3.7,258.0,5.0,219.0
2024,7,31,19,0.68,3.8,258.0,4.9,210.0
2024,7,31,20,0.62,4.2,258.0,4.6,201.0
2024,7,31,21,0.59,4.5,258.0,5.1,221.0
2024,7,31,22,0.55,4.1,270.0,5.8,230.0
2024,8,1,0,0.62,4.3,270.0,4.8,198.0
2024,8,1,1,0.56,4.1,270.0,5.4,177.0
2024,8,1,2,0.55,4.3,258.0,5.2,180.0
2024,8,1,3,0.55,4.1,270.0,5.1,192.0
2024,8,1,4,0.61,4.0,258.0,5.7,195.0
2024,8,1,5,0.52,4.0,270.0,5.8,195.0
2024,8,1,6,0.54,4.1,225.0,5.2,181.0
2024,8,1,7,0.52,4.2,258.0,5.2,173.0
2024,8,1,8,0.6,4.5,258.0,5.6,186.0
2024,8,1,9,0.49,4.2,270.0,5.3,209.0
2024,8,1,10,0.51,4.4,270.0,6.5,229.0
2024,8,1,11,0.45,4.3,247.0,6.0,232.0
2024,8,1,12,0.44,4.2,258.0,5.9,244.0
2024,8,1,13,0.41,3.9,270.0,5.7,254.0
2024,8,1,14,0.43,3.9,270.0,6.3,260.0
2024,8,1,15,0.44,4.1,270.0,6.0,250.0
2024,8,1,16,0.46,4.0,270.0,6.4,257.0
2024,8,1,17,0.54,4.0,247.0,6.0,248.0
2024,8,1,18,0.52,3.9,270.0,5.1,239.0
2024,8,1,19,0.51,4.0,281.0,4.3,235.0
2024,8,1,20,0.53,3.7,33.0,4.6,214.0
2024,8,1,21,0.48,3.7,258.0,4.8,203.0
2024,8,1,22,0.41,4.1,270.0,5.6,213.0
2024,8,1,23,0.36,4.2,258.0,4.5,195.0
2024,8,2,0,0.43,4.0,258.0,3.7,208.0
2024,8,2,1,0.41,4.0,315.0,4.0,197.0
2024,8,2,2,0.44,4.2,281.0,5.2,194.0
2024,8,2,3,0.48,4.1,281.0,5.3,197.0
2024,8,2,4,0.5,3.9,292.0,5.2,194.0
2024,8,2,5,0.5,3.9,292.0,5.5,191.0
2024,8,2,6,0.61,4.0,270.0,4.9,176.0
2024,8,2,7,0.67,4.1,303.0,4.8,190.0
2024,8,2,8,0.57,4.3,270.0,4.6,205.0
2024,8,2,9,0.54,4.1,281.0,5.1,208.0
2024,8,2,10,0.45,4.1,281.0,4.5,227.0
2024,8,2,11,0.42,4.3,270.0,5.2,245.0
2024,8,2,12,0.43,4.4,281.0,5.2,247.0
2024,8,2,13,0.44,4.3,281.0,5.5,252.0
2024,8,2,14,0.43,4.4,258.0,5.8,256.0
2024,8,2,15,0.46,3.9,270.0,5.9,261.0
2024,8,2,16,0.48,3.8,270.0,5.4,259.0
2024,8,2,17,0.46,3.7,281.0,4.7,250.0
2024,8,2,18,0.49,3.9,258.0,5.0,225.0
2024,8,2,19,0.48,3.8,236.0,4.0,215.0
2024,8,2,20,0.43,4.0,247.0,4.9,204.0
2024,8,2,21,0.43,3.9,281.0,4.3,209.0
2024,8,2,22,0.41,4.0,281.0,3.6,201.0
2024,8,2,23,0.36,4.2,258.0,4.2,202.0
2024,8,3,0,0.29,4.0,270.0,4.6,227.0
2024,8,3,1,0.31,4.2,281.0,4.7,226.0
2024,8,3,2,0.3,3.9,270.0,4.7,232.0
2024,8,3,3,0.38,3.5,270.0,5.1,224.0
2024,8,3,4,0.43,3.6,281.0,5.0,224.0
2024,8,3,5,0.46,3.5,270.0,3.9,181.0
2024,8,3,6,0.56,3.9,225.0,4.0,174.0
2024,8,3,7,0.52,4.0,281.0,3.9,170.0
2024,8,3,8,0.47,3.8,292.0,3.0,197.0
2024,8,3,9,0.43,3.8,281.0,3.6,219.0
2024,8,3,10,0.41,4.1,270.0,3.7,225.0
2024,8,3,11,0.42,4.4,270.0,4.0,247.0
2024,8,3,12,0.42,4.5,258.0,4.8,251.0
2024,8,3,13,0.4,4.6,281.0,5.0,255.0
2024,8,3,14,0.36,4.3,258.0,4.7,251.0
2024,8,3,15,0.31,4.3,281.0,5.3,256.0
2024,8,3,16,0.38,4.2,258.0,5.7,259.0
2024,8,3,17,0.45,3.8,258.0,5.9,258.0
2024,8,3,18,0.45,3.7,213.0,6.0,255.0
2024,8,3,19,0.41,3.6,258.0,4.5,237.0
2024,8,3,20,0.44,3.6,258.0,4.6,217.0
2024,8,3,21,0.37,3.7,270.0,4.3,215.0
2024,8,3,22,0.35,3.7,270.0,4.2,216.0
2024,8,3,23,0.29,3.6,348.0,3.8,192.0
2024,8,4,0,0.28,3.7,270.0,3.5,200.0
2024,8,4,1,0.24,3.8,326.0,2.7,195.0
2024,8,4,2,0.29,4.3,270.0,4.2,194.0
2024,8,4,3,0.27,4.0,258.0,3.8,197.0
2024,8,4,4,0.3,4.1,270.0,3.6,199.0
2024,8,4,5,0.29,3.9,270.0,3.4,204.0
2024,8,4,6,0.3,4.0,225.0,3.7,238.0
2024,8,4,7,0.28,3.7,270.0,3.0,240.0
2024,8,4,8,0.35,3.9,22.0,2.4,232.0
2024,8,4,9,0.31,3.4,270.0,1.7,233.0
2024,8,4,10,0.3,3.6,270.0,1.6,241.0
2024,8,4,11,0.29,3.8,270.0,1.9,250.0
2024,8,4,12,0.26,3.8,292.0,2.7,264.0
2024,8,4,13,0.27,4.0,258.0,3.2,281.0
2024,8,4,14,0.26,4.0,270.0,3.6,282.0
2024,8,4,15,0.26,4.1,270.0,3.6,300.0
2024,8,4,16,0.26,4.3,258.0,3.3,306.0
2024,8,4,17,0.26,4.3,225.0,2.3,303.0
2024,8,4,18,0.28,3.9,292.0,1.4,300.0
2024,8,4,20,0.36,4.2,33.0,1.1,287.0
2024,8,4,22,0.26,3.8,270.0,1.2,288.0
2024,8,4,23,0.24,3.7,22.0,1.1,234.0
2024,8,5,2,0.21,3.8,270.0,1.6,242.0
2024,8,5,3,0.22,4.1,258.0,3.2,223.0
2024,8,5,4,0.23,4.2,270.0,2.7,225.0
2024,8,5,5,0.24,4.1,270.0,2.0,242.0
2024,8,5,6,0.3,4.2,225.0,1.5,209.0
2024,8,5,7,0.24,4.1,270.0,2.3,159.0
2024,8,5,8,0.25,4.0,22.0,1.5,164.0
2024,8,5,9,0.23,4.0,33.0,1.3,273.0
2024,8,5,10,0.21,3.7,258.0,2.7,280.0
2024,8,5,11,0.21,3.8,247.0,3.2,289.0
2024,8,5,12,0.22,4.1,236.0,4.1,303.0
2024,8,5,17,0.21,3.9,236.0,3.1,16.0
2024,8,5,18,0.25,4.0,258.0,2.4,5.0
2024,8,5,19,0.22,3.9,292.0,2.1,16.0
2024,8,5,20,0.27,3.8,247.0,2.5,6.0
2024,8,5,21,0.26,3.8,33.0,1.6,341.0
2024,8,5,23,0.22,3.7,22.0,2.1,312.0
2024,8,6,0,0.23,3.7,281.0,2.8,308.0
2024,8,6,1,0.24,3.7,11.0,2.6,299.0
2024,8,6,2,0.24,3.6,33.0,2.6,274.0
2024,8,6,3,0.23,3.6,11.0,2.2,288.0
2024,8,6,4,0.24,3.6,33.0,2.0,321.0
2024,8,6,6,0.24,3.7,22.0,2.0,331.0
2024,8,6,7,0.22,3.9,292.0,2.5,351.0
2024,8,6,8,0.33,4.1,22.0,1.8,5.0
2024,8,6,9,0.26,4.1,45.0,1.4,1.0
2024,8,6,10,0.22,3.9,33.0,2.5,354.0
2024,8,6,12,0.21,3.7,33.0,3.1,351.0
2024,8,6,13,0.22,3.4,33.0,3.9,360.0
2024,8,6,14,0.27,3.3,11.0,4.7,16.0
2024,8,6,15,0.34,3.2,11.0,4.1,12.0
2024,8,6,16,0.41,3.3,33.0,3.7,17.0
2024,8,6,17,0.39,3.4,22.0,2.5,45.0
2024,8,6,18,0.4,3.7,33.0,1.5,71.0
2024,8,6,19,0.37,3.9,22.0,4.2,181.0
2024,8,6,20,0.31,4.0,258.0,4.0,153.0
2024,8,6,21,0.26,3.9,22.0,2.5,163.0
2024,8,6,22,0.31,4.0,22.0,1.9,164.0
2024,8,7,1,0.38,4.0,33.0,1.9,236.0
2024,8,7,2,0.4,4.0,33.0,1.3,232.0
2024,8,7,3,0.38,4.0,33.0,1.4,204.0
2024,8,7,5,0.3,4.0,33.0,1.4,160.0
2024,8,7,6,0.32,4.2,22.0,3.1,168.0
2024,8,7,7,0.22,3.9,33.0,3.2,162.0
2024,8,7,8,0.27,4.2,33.0,3.7,175.0
2024,8,7,9,0.21,4.0,45.0,1.8,223.0
2024,8,7,10,0.21,4.0,22.0,3.1,265.0
2024,8,7,11,0.24,3.7,56.0,2.7,267.0
2024,8,7,12,0.31,3.7,0.0,2.9,284.0
2024,8,7,13,0.31,3.9,22.0,3.3,282.0
2024,8,7,14,0.33,3.7,348.0,3.5,314.0
2024,8,7,15,0.28,3.7,348.0,3.2,357.0
2024,8,7,16,0.3,3.7,33.0,3.4,33.0
2024,8,7,17,0.3,4.0,11.0,2.7,67.0
2024,8,7,18,0.31,4.1,213.0,2.2,52.0
2024,8,7,19,0.32,4.0,258.0,2.5,31.0
2024,8,7,20,0.25,4.3,45.0,2.4,76.0
2024,8,7,21,0.23,4.1,45.0,2.3,156.0
2024,8,7,23,0.23,4.2,11.0,1.1,223.0
2024,8,8,2,0.21,4.1,22.0,1.4,312.0
2024,8,8,3,0.23,4.3,11.0,1.6,297.0
2024,8,8,4,0.21,4.2,202.0,6.2,191.0
2024,8,8,5,0.23,4.1,281.0,1.9,227.0
2024,8,8,6,0.27,4.1,56.0,3.1,152.0
2024,8,8,7,0.24,4.5,56.0,3.6,159.0
2024,8,8,8,0.27,4.5,11.0,3.9,171.0
2024,8,8,9,0.33,4.7,33.0,4.2,149.0
2024,8,8,10,0.29,4.6,22.0,5.9,146.0
2024,8,8,11,0.21,4.3,33.0,4.9,151.0
2024,8,8,12,0.27,4.1,22.0,4.4,149.0
2024,8,8,14,0.21,4.2,247.0,1.7,160.0
2024,8,8,15,0.25,4.5,348.0,2.8,245.0
2024,8,8,16,0.22,4.4,270.0,3.0,248.0
2024,8,8,19,0.21,4.3,225.0,4.7,245.0
2024,8,8,20,0.24,3.8,225.0,3.5,227.0
2024,8,8,21,0.23,3.6,45.0,4.7,234.0
2024,8,8,22,0.28,3.1,236.0,5.3,235.0
2024,8,8,23,0.33,3.2,225.0,5.6,212.0
2024,8,9,0,0.27,3.2,236.0,5.0,192.0
2024,8,9,1,0.28,3.5,225.0,4.7,199.0
2024,8,9,2,0.26,3.7,236.0,5.3,192.0
2024,8,9,3,0.25,3.7,247.0,4.1,171.0
2024,8,9,4,0.22,3.8,236.0,5.1,170.0
2024,8,9,5,0.24,3.6,258.0,2.9,220.0
2024,8,9,6,0.24,4.0,247.0,3.8,171.0
2024,8,9,7,0.27,3.8,270.0,6.1,194.0
2024,8,9,8,0.35,3.6,56.0,7.4,194.0
2024,8,9,9,0.34,3.8,247.0,4.4,175.0
2024,8,9,10,0.36,3.5,247.0,5.2,210.0
2024,8,9,11,0.43,3.6,258.0,5.9,220.0
2024,8,9,12,0.35,3.6,247.0,5.5,230.0
2024,8,9,13,0.38,3.5,258.0,6.9,242.0
2024,8,9,14,0.46,3.3,258.0,8.0,241.0
2024,8,9,15,0.55,3.2,225.0,9.2,226.0
2024,8,9,16,0.57,3.5,225.0,7.3,213.0
2024,8,9,17,0.6,3.7,225.0,6.5,210.0
2024,8,9,18,0.6,3.7,236.0,5.8,207.0
2024,8,9,19,0.53,3.7,236.0,6.3,180.0
2024,8,9,20,0.51,3.7,236.0,5.6,182.0
2024,8,9,21,0.5,3.7,236.0,4.8,202.0
2024,8,9,22,0.45,3.6,236.0,4.7,197.0
2024,8,9,23,0.5,3.6,236.0,5.3,205.0
2024,8,10,0,0.49,3.7,247.0,6.6,187.0
2024,8,10,1,0.38,3.6,247.0,5.0,182.0
2024,8,10,2,0.37,3.7,247.0,4.8,180.0
2024,8,10,3,0.38,3.7,281.0,3.9,171.0
2024,8,10,4,0.35,3.8,236.0,4.1,158.0
2024,8,10,5,0.33,4.0,270.0,5.8,212.0
2024,8,10,6,0.44,4.1,258.0,3.4,209.0
2024,8,10,7,0.39,3.7,270.0,5.8,203.0
2024,8,10,8,0.4,3.9,258.0,7.1,178.0
2024,8,10,9,0.48,3.9,270.0,6.6,187.0
2024,8,10,10,0.43,3.9,270.0,5.4,190.0
2024,8,10,11,0.48,4.0,258.0,5.6,202.0
2024,8,10,12,0.42,3.9,247.0,5.8,220.0
2024,8,10,13,0.5,3.9,258.0,7.1,222.0
2024,8,10,14,0.5,4.0,258.0,7.3,228.0
2024,8,10,15,0.51,3.4,236.0,8.7,231.0
2024,8,10,16,0.55,3.6,236.0,8.1,222.0
2024,8,10,18,0.69,3.8,225.0,7.7,206.0
2024,8,10,19,0.71,3.6,236.0,6.7,203.0
2024,8,10,20,0.63,3.8,236.0,6.3,185.0
2024,8,10,21,0.61,3.8,247.0,6.5,192.0
2024,8,10,22,0.64,3.7,236.0,5.6,201.0
2024,8,10,23,0.68,3.7,236.0,5.6,210.0
2024,8,11,0,0.53,3.7,247.0,5.8,187.0
2024,8,11,1,0.53,3.7,236.0,5.1,168.0
2024,8,11,2,0.46,3.7,236.0,5.0,175.0
2024,8,11,3,0.44,3.8,258.0,4.1,164.0
2024,8,11,4,0.4,3.8,258.0,4.2,152.0
2024,8,11,5,0.43,4.0,258.0,5.5,148.0
2024,8,11,6,0.39,4.1,258.0,5.1,158.0
2024,8,11,7,0.36,4.1,258.0,5.1,163.0
2024,8,11,8,0.39,4.1,258.0,4.5,165.0
2024,8,11,9,0.41,4.1,258.0,5.7,199.0
2024,8,11,10,0.45,3.8,270.0,5.9,199.0
2024,8,11,11,0.45,3.6,247.0,4.6,200.0
2024,8,11,12,0.48,3.5,258.0,5.7,228.0
2024,8,11,13,0.47,3.5,236.0,5.9,238.0
2024,8,11,14,0.38,3.5,270.0,5.9,243.0
2024,8,11,15,0.48,3.4,270.0,7.1,248.0
2024,8,11,16,0.47,3.3,247.0,6.7,242.0
2024,8,11,17,0.56,3.3,247.0,6.3,242.0
2024,8,11,18,0.6,3.5,225.0,6.0,231.0
2024,8,11,19,0.53,3.6,258.0,5.4,222.0
2024,8,11,20,0.48,3.5,247.0,5.9,210.0
2024,8,11,21,0.46,3.6,247.0,5.1,205.0
2024,8,11,22,0.43,3.5,236.0,5.0,209.0
2024,8,11,23,0.48,3.5,247.0,5.9,200.0
2024,8,12,0,0.5,3.4,236.0,5.3,192.0
2024,8,12,1,0.56,3.3,236.0,5.9,180.0
2024,8,12,2,0.48,3.4,247.0,5.0,178.0
2024,8,12,3,0.43,3.7,247.0,4.8,184.0
2024,8,12,4,0.43,3.6,236.0,5.2,189.0
2024,8,12,5,0.39,3.7,247.0,5.4,194.0
2024,8,12,6,0.38,3.7,270.0,4.4,171.0
2024,8,12,7,0.37,3.6,281.0,3.4,162.0
2024,8,12,8,0.43,4.0,22.0,4.3,196.0
2024,8,12,9,0.37,3.7,281.0,4.6,220.0
2024,8,12,10,0.34,3.7,258.0,5.0,219.0
2024,8,12,11,0.37,3.6,303.0,4.7,229.0
2024,8,12,12,0.35,3.7,281.0,5.0,238.0
2024,8,12,13,0.38,3.6,247.0,4.6,244.0
2024,8,12,14,0.46,3.9,247.0,4.3,243.0
2024,8,12,15,0.39,3.8,258.0,4.7,240.0
2024,8,12,16,0.4,3.9,258.0,5.7,244.0
2024,8,12,17,0.39,3.7,236.0,5.7,252.0
2024,8,12,18,0.39,3.4,247.0,5.1,243.0
2024,8,12,19,0.46,3.5,258.0,5.7,231.0
2024,8,12,20,0.44,3.3,225.0,5.1,218.0
2024,8,12,21,0.43,3.5,247.0,4.5,234.0
2024,8,12,22,0.47,3.4,247.0,8.1,150.0
2024,8,12,23,0.44,3.6,225.0,3.6,166.0
2024,8,13,0,0.41,3.5,236.0,3.2,160.0
2024,8,13,1,0.43,3.7,247.0,4.7,191.0
2024,8,13,2,0.45,3.6,247.0,4.3,178.0
2024,8,13,3,0.4,3.5,247.0,4.4,145.0
2024,8,13,4,0.39,3.7,236.0,5.0,151.0
2024,8,13,5,0.41,3.6,236.0,4.2,166.0
2024,8,13,6,0.43,4.0,247.0,4.5,189.0
2024,8,13,7,0.36,4.0,247.0,4.6,189.0
2024,8,13,8,0.39,4.2,236.0,5.1,199.0
2024,8,13,9,0.35,3.9,258.0,5.0,218.0
2024,8,13,10,0.31,3.8,236.0,5.5,228.0
2024,8,13,11,0.29,3.6,247.0,5.1,240.0
2024,8,13,12,0.36,3.3,247.0,5.7,250.0
2024,8,13,13,0.45,3.3,258.0,5.4,255.0
2024,8,13,14,0.54,3.2,236.0,6.6,251.0
2024,8,13,15,0.63,3.2,247.0,5.8,248.0
2024,8,13,16,0.66,3.3,270.0,4.8,251.0
2024,8,13,17,0.53,3.4,236.0,3.1,228.0
2024,8,13,18,0.5,3.8,258.0,3.8,234.0
2024,8,13,19,0.44,3.5,247.0,3.3,152.0
2024,8,13,20,0.4,3.9,258.0,3.3,151.0
2024,8,13,21,0.39,4.0,247.0,3.4,161.0
2024,8,13,22,0.38,3.9,258.0,2.7,172.0
2024,8,13,23,0.35,3.7,258.0,4.0,195.0
2024,8,14,0,0.37,3.8,247.0,3.7,155.0
2024,8,14,1,0.39,3.6,270.0,5.1,194.0
2024,8,14,2,0.43,3.7,236.0,4.5,177.0
2024,8,14,3,0.45,3.5,247.0,4.6,155.0
2024,8,14,4,0.45,3.7,247.0,4.8,177.0
2024,8,14,5,0.44,3.9,247.0,4.8,192.0
2024,8,14,6,0.41,4.1,258.0,4.5,184.0
2024,8,14,7,0.35,4.1,225.0,4.0,175.0
2024,8,14,8,0.41,4.4,45.0,3.5,175.0
2024,8,14,9,0.3,4.0,247.0,4.3,214.0
2024,8,14,10,0.31,3.9,247.0,3.6,235.0
2024,8,14,11,0.33,3.6,236.0,4.8,256.0
2024,8,14,12,0.35,3.6,236.0,4.1,265.0
2024,8,14,13,0.44,3.7,258.0,4.2,250.0
2024,8,14,15,0.52,3.5,270.0,5.9,248.0
2024,8,14,16,0.45,3.6,247.0,7.3,161.0
2024,8,14,17,0.52,3.4,236.0,5.4,157.0
2024,8,14,18,0.47,3.7,258.0,4.6,154.0
2024,8,14,19,0.51,4.0,236.0,4.7,151.0
2024,8,14,20,0.36,4.3,247.0,4.7,182.0
2024,8,14,21,0.31,4.2,247.0,3.3,195.0
2024,8,14,22,0.32,4.0,247.0,5.5,167.0
2024,8,14,23,0.34,3.8,281.0,4.9,171.0
2024,8,15,0,0.29,4.0,247.0,5.4,169.0
2024,8,15,1,0.3,4.0,247.0,4.5,177.0
2024,8,15,2,0.3,4.1,247.0,3.8,161.0
2024,8,15,3,0.33,3.9,247.0,3.9,183.0
2024,8,15,4,0.35,4.0,258.0,4.2,177.0
2024,8,15,5,0.31,3.9,247.0,3.8,168.0
2024,8,15,6,0.34,4.4,247.0,3.3,158.0
2024,8,15,7,0.31,4.0,258.0,3.8,176.0
2024,8,15,8,0.39,4.1,22.0,3.3,187.0
2024,8,15,9,0.34,4.4,33.0,2.6,179.0
2024,8,15,10,0.38,4.4,326.0,2.5,168.0
2024,8,15,11,0.43,3.1,247.0,8.0,240.0
2024,8,15,12,0.49,3.3,247.0,3.6,197.0
2024,8,15,13,0.41,3.5,258.0,2.4,170.0
2024,8,15,14,0.4,3.5,225.0,4.4,155.0
2024,8,15,15,0.44,3.8,236.0,4.6,153.0
2024,8,15,16,0.44,3.5,236.0,6.4,194.0
2024,8,15,17,0.45,3.6,258.0,5.9,178.0
2024,8,15,18,0.49,3.7,213.0,6.6,162.0
2024,8,15,19,0.43,3.6,236.0,4.7,171.0
2024,8,15,20,0.43,3.7,247.0,4.3,167.0
2024,8,15,21,0.37,3.8,258.0,3.4,186.0
2024,8,15,22,0.41,3.9,270.0,3.3,171.0
2024,8,15,23,0.4,3.8,258.0,4.5,179.0
2024,8,16,0,0.35,4.1,258.0,4.0,182.0
2024,8,16,1,0.36,3.9,281.0,3.9,178.0
2024,8,16,2,0.35,3.7,247.0,5.2,180.0
2024,8,16,3,0.41,3.5,258.0,3.2,200.0
2024,8,16,4,0.46,3.8,281.0,3.0,169.0
2024,8,16,5,0.45,3.7,236.0,2.1,176.0
2024,8,16,6,0.43,3.6,247.0,2.5,158.0
2024,8,16,7,0.4,3.7,258.0,3.6,205.0
2024,8,16,8,0.4,3.9,0.0,1.8,159.0
2024,8,16,10,0.29,3.9,247.0,1.5,214.0
2024,8,16,11,0.33,4.3,281.0,1.2,288.0
2024,8,16,12,0.33,4.3,247.0,1.2,294.0
2024,8,16,13,0.3,3.8,270.0,2.5,318.0
2024,8,16,14,0.3,4.2,258.0,3.3,330.0
2024,8,16,15,0.31,4.1,270.0,2.7,348.0
2024,8,16,16,0.32,4.0,348.0,3.1,352.0
2024,8,16,17,0.32,4.3,236.0,3.0,7.0
2024,8,16,18,0.43,4.2,236.0,4.2,30.0
2024,8,16,19,0.42,3.9,348.0,3.1,40.0
2024,8,16,20,0.4,3.9,33.0,1.5,37.0
2024,8,16,21,0.39,3.9,270.0,5.1,192.0
2024,8,16,22,0.33,4.1,0.0,5.0,200.0
2024,8,16,23,0.35,4.4,247.0,4.9,201.0
2024,8,17,0,0.37,3.8,270.0,4.7,186.0
2024,8,17,1,0.38,3.9,258.0,4.8,193.0
2024,8,17,2,0.36,3.6,258.0,4.8,183.0
2024,8,17,3,0.36,3.9,258.0,5.2,182.0
2024,8,17,4,0.32,3.8,247.0,4.5,186.0
2024,8,17,5,0.33,4.1,258.0,4.2,183.0
2024,8,17,6,0.32,3.9,247.0,4.3,182.0
2024,8,17,7,0.42,3.9,247.0,5.2,188.0
2024,8,17,8,0.41,4.2,247.0,5.5,186.0
2024,8,17,9,0.39,4.3,258.0,5.1,179.0
2024,8,17,10,0.34,4.0,258.0,6.4,214.0
2024,8,17,11,0.45,3.6,258.0,7.7,211.0
2024,8,17,12,0.41,3.6,236.0,5.0,192.0
2024,8,17,13,0.37,3.7,270.0,4.7,207.0
2024,8,17,14,0.46,3.6,247.0,4.8,221.0
2024,8,17,15,0.51,3.6,258.0,4.9,229.0
2024,8,17,16,0.55,3.6,236.0,4.9,229.0
2024,8,17,17,0.58,3.6,236.0,5.5,236.0
2024,8,17,18,0.68,3.7,270.0,5.5,233.0
2024,8,17,19,0.63,3.7,258.0,5.0,209.0
2024,8,17,20,0.53,3.7,247.0,4.1,194.0
2024,8,17,21,0.42,3.8,258.0,3.9,168.0
2024,8,17,22,0.39,4.0,258.0,4.1,174.0
2024,8,17,23,0.33,4.2,258.0,3.1,161.0
2024,8,18,0,0.37,4.5,258.0,6.0,193.0
2024,8,18,1,0.42,3.8,258.0,6.3,196.0
2024,8,18,2,0.61,3.7,247.0,5.9,195.0
2024,8,18,3,0.63,3.8,247.0,6.3,179.0
2024,8,18,4,0.56,3.9,236.0,5.1,189.0
2024,8,18,5,0.49,4.0,247.0,4.3,182.0
2024,8,18,6,0.45,3.9,258.0,3.3,215.0
2024,8,18,7,0.42,3.7,247.0,6.8,208.0
2024,8,18,8,0.5,3.6,258.0,2.4,183.0
2024,8,18,9,0.51,3.8,258.0,4.0,192.0
2024,8,18,10,0.42,3.8,258.0,2.7,200.0
2024,8,18,11,0.39,4.1,270.0,3.3,221.0
2024,8,18,12,0.33,4.2,258.0,3.8,222.0
2024,8,18,13,0.31,4.1,258.0,4.0,225.0
2024,8,18,14,0.32,3.8,270.0,4.0,238.0
2024,8,18,15,0.31,3.6,258.0,3.8,236.0
2024,8,18,16,0.42,4.2,258.0,3.7,235.0
2024,8,18,17,0.39,4.1,258.0,4.7,171.0
2024,8,18,18,0.46,4.0,258.0,3.5,181.0
2024,8,18,19,0.5,4.0,247.0,5.8,172.0
2024,8,18,20,0.47,3.6,258.0,4.5,177.0
2024,8,18,21,0.49,3.7,258.0,5.5,173.0
2024,8,18,22,0.45,3.6,258.0,6.0,185.0
2024,8,18,23,0.38,3.5,258.0,6.5,177.0
2024,8,19,0,0.44,3.6,247.0,9.3,219.0
2024,8,19,1,0.58,3.6,236.0,7.4,199.0
2024,8,19,2,0.51,3.8,247.0,5.8,202.0
2024,8,19,3,0.54,3.8,258.0,6.0,177.0
2024,8,19,4,0.6,3.8,247.0,6.3,182.0
2024,8,19,5,0.68,4.0,258.0,6.2,178.0
2024,8,19,6,0.64,3.8,247.0,5.7,187.0
2024,8,19,7,0.64,3.9,247.0,6.4,195.0
2024,8,19,8,0.59,3.8,258.0,7.0,200.0
2024,8,19,9,0.56,3.9,247.0,5.9,204.0
2024,8,19,10,0.52,3.9,247.0,5.6,201.0
2024,8,19,11,0.46,3.7,247.0,5.9,199.0
2024,8,19,12,0.57,3.4,236.0,7.7,228.0
2024,8,19,13,0.65,3.6,225.0,7.8,217.0
2024,8,19,14,0.76,3.8,236.0,8.2,216.0
2024,8,19,15,0.92,3.8,236.0,7.6,234.0
2024,8,19,16,0.96,3.8,236.0,10.2,216.0
2024,8,19,17,1.02,3.7,236.0,11.6,207.0
2024,8,19,18,1.13,4.0,236.0,9.1,202.0
2024,8,19,19,0.99,3.7,236.0,9.6,196.0
2024,8,19,20,0.95,4.0,236.0,8.4,178.0
2024,8,19,21,0.93,3.8,236.0,8.4,204.0
2024,8,19,22,1.08,4.0,247.0,9.3,204.0
2024,8,19,23,1.1,4.0,247.0,10.6,204.0
2024,8,20,0,1.04,3.9,225.0,9.3,197.0
2024,8,20,1,1.05,4.2,236.0,8.5,206.0
2024,8,20,2,1.16,4.3,236.0,9.3,206.0
2024,8,20,3,0.96,4.0,247.0,12.0,200.0
2024,8,20,4,0.88,4.1,247.0,9.3,201.0
2024,8,20,5,1.05,4.4,247.0,9.7,210.0
2024,8,20,6,1.12,4.4,247.0,9.2,200.0
2024,8,20,7,1.13,4.2,247.0,7.7,202.0
2024,8,20,8,0.99,4.0,247.0,9.2,212.0
2024,8,20,9,0.88,4.0,236.0,9.2,216.0
2024,8,20,10,0.93,4.1,236.0,8.1,215.0
2024,8,20,11,0.9,3.9,236.0,6.2,219.0
2024,8,20,12,0.88,4.2,247.0,6.2,238.0
2024,8,20,13,0.82,4.3,258.0,8.7,229.0
2024,8,20,14,1.14,4.0,247.0,10.1,218.0
2024,8,20,15,0.91,4.4,247.0,4.7,238.0
2024,8,20,16,1.23,4.1,236.0,13.5,219.0
2024,8,20,17,1.31,4.2,247.0,10.8,210.0
2024,8,20,18,1.4,4.3,236.0,10.1,233.0
2024,8,20,19,1.42,4.5,236.0,8.6,208.0
2024,8,20,20,1.58,4.3,236.0,11.9,212.0
2024,8,20,21,1.16,4.3,247.0,7.5,186.0
2024,8,20,22,1.01,4.3,258.0,7.8,167.0
2024,8,20,23,0.89,4.4,258.0,8.7,178.0
2024,8,21,0,0.72,4.1,258.0,7.7,191.0
2024,8,21,1,0.72,4.1,247.0,7.9,213.0
2024,8,21,2,0.7,4.2,258.0,6.7,197.0
2024,8,21,3,0.84,4.2,247.0,5.6,198.0
2024,8,21,4,0.8,4.1,236.0,5.8,199.0
2024,8,21,5,0.76,4.1,247.0,6.4,202.0
2024,8,21,6,0.75,4.0,258.0,4.8,191.0
2024,8,21,7,0.69,3.9,270.0,6.3,187.0
2024,8,21,8,0.72,3.8,247.0,5.6,192.0
2024,8,21,9,0.7,3.9,247.0,4.6,216.0
2024,8,21,10,0.81,4.0,247.0,5.3,221.0
2024,8,21,11,0.73,4.4,258.0,5.9,237.0
2024,8,21,12,0.61,3.9,258.0,7.8,243.0
2024,8,21,13,0.74,3.6,236.0,8.5,252.0
2024,8,21,14,0.74,3.8,247.0,9.2,252.0
2024,8,21,15,0.96,3.6,258.0,12.7,261.0
2024,8,21,16,1.17,4.0,258.0,10.2,233.0
2024,8,21,17,1.02,4.2,236.0,7.1,187.0
2024,8,21,18,0.83,4.1,258.0,7.2,177.0
2024,8,21,19,0.84,4.2,258.0,6.2,190.0
2024,8,21,20,0.74,4.0,281.0,7.3,190.0
2024,8,21,21,0.76,3.8,281.0,6.8,193.0
2024,8,21,22,0.63,3.9,292.0,5.3,190.0
2024,8,21,23,0.59,4.1,292.0,6.3,194.0
2024,8,22,0,0.54,4.0,258.0,4.9,199.0
2024,8,22,1,0.46,4.1,281.0,5.7,185.0
2024,8,22,2,0.49,4.5,281.0,6.0,191.0
2024,8,22,3,0.41,4.4,270.0,5.5,167.0
2024,8,22,4,0.41,4.1,270.0,5.1,171.0
2024,8,22,5,0.45,4.1,270.0,5.5,169.0
2024,8,22,6,0.48,4.1,270.0,4.5,175.0
2024,8,22,7,0.44,3.9,258.0,4.3,177.0
2024,8,22,8,0.44,4.0,292.0,4.5,171.0
2024,8,22,9,0.46,4.0,292.0,4.4,205.0
2024,8,22,10,0.47,3.7,281.0,5.9,225.0
2024,8,22,11,0.46,3.8,292.0,5.4,234.0
2024,8,22,12,0.35,4.2,281.0,4.5,240.0
2024,8,22,13,0.35,4.3,270.0,5.5,255.0
2024,8,22,14,0.37,4.2,281.0,6.3,264.0
2024,8,22,15,0.34,4.2,292.0,6.1,262.0
2024,8,22,16,0.3,4.2,258.0,6.0,262.0
2024,8,22,17,0.31,4.1,281.0,5.2,253.0
2024,8,22,18,0.38,3.9,281.0,4.6,237.0
2024,8,22,19,0.44,3.9,258.0,5.2,231.0
2024,8,22,20,0.46,4.0,270.0,4.0,230.0
2024,8,22,21,0.42,3.7,281.0,4.5,233.0
2024,8,22,22,0.41,3.7,258.0,4.1,233.0
2024,8,22,23,0.44,3.5,303.0,4.6,233.0
2024,8,23,0,0.43,3.6,270.0,4.8,201.0
2024,8,23,1,0.39,3.7,270.0,5.3,219.0
2024,8,23,2,0.35,3.7,270.0,4.4,211.0
2024,8,23,3,0.3,3.7,270.0,4.4,188.0
2024,8,23,4,0.28,3.9,258.0,4.8,192.0
2024,8,23,5,0.26,3.8,258.0,4.5,191.0
2024,8,23,6,0.26,3.7,270.0,5.2,197.0
2024,8,23,7,0.29,3.8,270.0,5.0,192.0
2024,8,23,8,0.34,3.9,33.0,5.2,211.0
2024,8,23,9,0.33,3.6,281.0,5.5,215.0
2024,8,23,10,0.36,3.6,281.0,5.7,227.0
2024,8,23,11,0.38,3.5,270.0,5.8,238.0
2024,8,23,12,0.32,3.5,292.0,6.6,248.0
2024,8,23,13,0.28,3.3,270.0,6.6,250.0
2024,8,23,14,0.3,3.2,270.0,6.4,248.0
2024,8,23,15,0.3,3.3,247.0,5.5,247.0
2024,8,23,16,0.29,3.4,247.0,5.0,248.0
2024,8,23,17,0.3,3.2,258.0,4.4,235.0
2024,8,23,18,0.34,3.6,225.0,4.6,232.0
2024,8,23,19,0.34,3.4,258.0,4.2,234.0
2024,8,23,20,0.32,3.4,258.0,4.9,243.0
2024,8,23,21,0.36,3.4,281.0,5.4,238.0
2024,8,23,22,0.37,3.3,236.0,5.0,225.0
2024,8,23,23,0.36,3.3,247.0,5.9,225.0
2024,8,24,0,0.44,3.1,247.0,6.0,226.0
2024,8,24,1,0.42,3.2,247.0,4.8,208.0
2024,8,24,2,0.35,3.1,236.0,4.1,184.0
2024,8,24,3,0.29,3.2,247.0,4.5,172.0
2024,8,24,4,0.26,3.4,258.0,4.7,177.0
2024,8,24,5,0.22,3.6,281.0,3.7,179.0
2024,8,24,6,0.21,3.6,258.0,3.6,176.0
2024,8,24,7,0.21,3.7,270.0,2.7,189.0
2024,8,24,8,0.27,4.0,45.0,2.5,185.0
2024,8,24,9,0.29,4.0,56.0,2.2,204.0
2024,8,24,10,0.23,3.8,281.0,2.6,263.0
2024,8,24,11,0.23,3.5,22.0,3.4,273.0
2024,8,24,12,0.23,3.4,326.0,4.2,278.0
2024,8,24,13,0.23,3.5,281.0,3.8,290.0
2024,8,24,14,0.22,3.6,270.0,4.4,292.0
2024,8,24,15,0.21,3.5,56.0,4.1,271.0
2024,8,24,16,0.21,3.9,270.0,2.7,242.0
2024,8,24,18,0.25,3.9,225.0,4.5,172.0
2024,8,24,19,0.26,3.6,281.0,4.3,142.0
2024,8,24,20,0.24,3.8,67.0,3.3,165.0
2024,8,26,8,0.25,4.4,22.0,1.9,150.0
2024,8,26,15,0.22,3.8,247.0,3.1,326.0
2024,8,26,16,0.23,3.8,348.0,3.1,333.0
2024,8,27,4,0.22,2.9,270.0,4.9,227.0
2024,8,27,5,0.26,3.2,247.0,3.9,194.0
2024,8,27,6,0.22,3.0,281.0,3.1,209.0
2024,8,27,7,0.23,3.1,258.0,4.4,192.0
2024,8,27,8,0.21,3.3,11.0,4.2,202.0
2024,8,27,9,0.27,4.1,33.0,4.7,212.0
2024,8,27,15,0.24,3.0,258.0,5.9,244.0
2024,8,27,16,0.28,2.9,225.0,5.7,244.0
2024,8,27,17,0.32,2.9,236.0,6.3,247.0
2024,8,27,18,0.39,3.1,236.0,6.6,237.0
2024,8,27,19,0.48,2.8,247.0,6.5,231.0
2024,8,27,20,0.39,3.0,236.0,5.7,231.0
2024,8,27,21,0.44,3.1,281.0,4.7,237.0
2024,8,27,22,0.51,3.2,247.0,5.4,225.0
2024,8,27,23,0.44,3.2,258.0,5.5,216.0
2024,8,28,0,0.37,3.2,247.0,5.1,207.0
2024,8,28,1,0.37,3.3,270.0,6.0,215.0
2024,8,28,2,0.29,3.2,247.0,6.2,215.0
2024,8,28,3,0.32,3.2,281.0,5.1,193.0
2024,8,28,4,0.3,3.1,270.0,4.8,180.0
2024,8,28,5,0.27,3.1,56.0,6.1,175.0
2024,8,28,6,0.32,3.3,213.0,6.8,179.0
2024,8,28,7,0.29,3.1,258.0,5.7,184.0
2024,8,28,8,0.27,3.1,258.0,5.3,199.0
2024,8,28,9,0.35,3.6,33.0,6.1,213.0
2024,8,28,10,0.33,3.2,258.0,5.8,230.0
2024,8,28,11,0.35,3.1,270.0,5.9,246.0
2024,8,28,12,0.39,3.0,247.0,6.3,243.0
2024,8,28,13,0.33,3.0,236.0,5.8,236.0
2024,8,28,14,0.47,3.0,247.0,6.1,243.0
2024,8,28,15,0.45,3.2,247.0,6.2,252.0
2024,8,28,16,0.46,3.1,225.0,6.3,262.0
2024,8,28,17,0.44,3.1,258.0,5.6,263.0
2024,8,28,18,0.46,3.2,258.0,4.5,255.0
2024,8,28,19,0.44,3.3,225.0,2.8,259.0
2024,8,28,20,0.42,3.3,247.0,2.4,234.0
2024,8,28,21,0.33,3.5,236.0,2.2,253.0
2024,8,28,22,0.31,3.5,236.0,2.1,273.0
2024,8,28,23,0.28,3.5,247.0,2.9,324.0
2024,8,29,3,0.27,3.6,292.0,3.2,168.0
2024,8,29,4,0.25,4.0,303.0,2.8,171.0
2024,8,29,5,0.26,3.9,0.0,2.5,181.0
2024,8,29,6,0.28,3.9,225.0,2.0,163.0
2024,8,29,11,0.25,4.5,0.0,1.1,311.0
2024,8,29,12,0.23,4.5,11.0,2.5,338.0
2024,8,29,14,0.22,4.5,348.0,3.4,322.0
2024,8,29,15,0.22,4.1,337.0,4.3,340.0
2024,8,29,16,0.37,5.3,45.0,2.8,7.0
2024,8,29,17,0.36,4.7,348.0,2.5,15.0
2024,8,29,18,0.39,4.7,22.0,3.2,29.0
2024,8,29,21,0.42,5.2,33.0,3.6,188.0
2024,8,29,22,0.56,6.2,33.0,2.6,201.0
2024,8,29,23,0.47,5.7,33.0,2.3,185.0
2024,8,30,0,0.45,5.3,33.0,2.5,199.0
2024,8,30,1,0.41,5.3,56.0,5.5,183.0
2024,8,30,2,0.47,5.8,45.0,3.6,160.0
2024,8,30,3,0.46,5.6,11.0,3.2,150.0
2024,8,30,4,0.45,5.3,45.0,2.3,163.0
2024,8,30,5,0.39,4.9,56.0,1.5,159.0
2024,8,30,6,0.6,6.0,11.0,1.1,126.0
2024,8,30,9,0.54,5.4,33.0,2.2,38.0
2024,8,30,10,0.56,5.8,337.0,3.4,10.0
2024,8,30,11,0.59,6.1,11.0,3.7,10.0
2024,8,30,12,0.53,5.9,337.0,3.2,6.0
2024,8,30,13,0.62,6.4,337.0,3.8,351.0
2024,8,30,14,0.62,6.7,0.0,4.7,352.0
2024,8,30,15,0.52,5.8,0.0,4.3,356.0
2024,8,30,16,0.6,5.5,0.0,4.2,12.0
2024,8,30,17,0.82,6.5,11.0,4.3,25.0
2024,8,30,18,0.75,5.4,348.0,5.2,26.0
2024,8,30,19,0.68,5.2,11.0,4.4,30.0
2024,8,30,20,0.88,6.2,0.0,4.3,20.0
2024,8,30,21,0.72,5.3,22.0,3.7,31.0
2024,8,30,22,0.72,5.8,22.0,2.5,41.0
2024,8,30,23,0.81,6.1,11.0,1.2,45.0
2024,8,31,1,0.61,6.1,11.0,1.5,314.0
2024,8,31,2,0.65,6.3,337.0,2.4,312.0
2024,8,31,3,0.48,5.4,11.0,4.2,328.0
2024,8,31,4,0.53,5.4,337.0,4.8,342.0
2024,8,31,5,0.52,4.5,22.0,4.2,355.0
2024,8,31,6,0.63,5.0,0.0,4.6,7.0
2024,8,31,7,0.57,5.0,348.0,4.7,22.0
2024,8,31,8,0.58,4.7,0.0,4.5,36.0
2024,8,31,9,0.68,5.4,0.0,3.1,35.0
2024,8,31,10,0.59,5.0,11.0,4.2,16.0
2024,8,31,11,0.61,4.9,348.0,4.2,357.0
2024,8,31,12,0.62,4.8,11.0,4.3,360.0
2024,8,31,13,0.59,4.6,337.0,4.8,2.0
2024,8,31,14,0.55,4.3,348.0,4.7,358.0
2024,8,31,15,0.49,4.2,0.0,4.4,352.0
2024,8,31,16,0.5,4.1,11.0,4.8,348.0
2024,8,31,17,0.58,4.4,11.0,4.8,360.0
2024,8,31,18,0.5,4.2,11.0,4.6,8.0
2024,8,31,19,0.54,4.4,0.0,3.1,16.0
2024,8,31,20,0.6,5.0,22.0,1.2,3.0
2024,9,1,0,0.54,5.0,22.0,1.6,332.0
2024,9,1,1,0.57,5.3,22.0,2.4,343.0
2024,9,1,2,0.54,5.2,0.0,2.1,347.0
2024,9,1,3,0.57,5.1,22.0,2.0,15.0
2024,9,1,4,0.48,5.1,33.0,2.9,357.0
2024,9,1,5,0.45,4.7,33.0,4.2,2.0
2024,9,1,6,0.5,5.0,33.0,4.3,18.0
2024,9,1,7,0.55,4.8,11.0,4.0,16.0
2024,9,1,8,0.48,4.4,22.0,4.0,8.0
2024,9,1,9,0.49,4.5,11.0,4.4,1.0
2024,9,1,10,0.51,4.4,22.0,3.0,343.0
2024,9,1,11,0.58,4.7,0.0,3.0,329.0
2024,9,1,12,0.49,4.5,337.0,3.9,316.0
2024,9,1,13,0.48,4.5,22.0,4.1,309.0
2024,9,1,14,0.47,4.6,348.0,4.3,311.0
2024,9,1,15,0.41,4.0,348.0,4.4,311.0
2024,9,1,16,0.48,4.5,0.0,3.2,5.0
2024,9,1,17,0.45,4.4,0.0,3.5,7.0
2024,9,1,18,0.45,4.4,337.0,1.3,26.0
2024,9,1,19,0.5,4.2,225.0,1.4,18.0
2024,9,1,20,0.46,4.8,11.0,4.1,158.0
2024,9,1,21,0.48,4.8,33.0,1.8,162.0
2024,9,1,22,0.49,4.8,0.0,1.7,185.0
2024,9,2,2,0.68,5.2,22.0,1.9,165.0
2024,9,2,3,0.62,4.9,33.0,2.0,155.0
2024,9,2,4,0.57,5.0,45.0,3.2,163.0
2024,9,2,5,0.49,4.9,56.0,3.3,164.0
2024,9,2,6,0.39,4.8,45.0,2.3,165.0
2024,9,2,7,0.4,4.8,22.0,2.6,158.0
2024,9,2,8,0.42,5.0,33.0,2.0,160.0
2024,9,2,11,0.34,4.7,22.0,1.4,312.0
2024,9,2,12,0.33,4.7,0.0,2.4,313.0
2024,9,2,13,0.37,4.9,0.0,3.6,333.0
2024,9,2,14,0.28,4.6,0.0,3.2,340.0
2024,9,2,15,0.32,4.3,11.0,4.7,1.0
2024,9,2,16,0.4,4.0,348.0,4.7,13.0
2024,9,2,17,0.47,3.6,33.0,6.1,28.0
2024,9,2,18,0.52,3.7,45.0,6.5,23.0
2024,9,2,19,0.54,3.9,22.0,5.4,24.0
2024,9,2,20,0.59,3.9,33.0,3.4,14.0
2024,9,2,21,0.56,4.0,22.0,3.2,5.0
2024,9,2,22,0.51,3.9,22.0,1.7,340.0
2024,9,3,1,1.02,4.9,22.0,3.2,181.0
2024,9,3,2,0.71,5.0,22.0,4.2,181.0
2024,9,3,3,0.69,5.0,22.0,4.6,177.0
2024,9,3,4,0.55,4.7,22.0,5.2,175.0
2024,9,3,5,0.56,4.8,22.0,4.0,173.0
2024,9,3,6,0.6,5.0,22.0,4.2,159.0
2024,9,3,7,0.51,4.9,22.0,3.4,145.0
2024,9,3,8,0.52,4.8,33.0,2.1,128.0
2024,9,3,10,0.53,4.3,22.0,5.0,39.0
2024,9,3,11,0.74,4.5,22.0,5.5,30.0
2024,9,3,12,0.83,4.2,22.0,6.7,20.0
2024,9,3,13,0.88,4.2,22.0,8.1,15.0
2024,9,3,14,1.23,4.4,22.0,10.8,25.0
2024,9,3,15,1.61,4.7,22.0,10.3,23.0
2024,9,3,16,2.12,5.3,22.0,9.5,27.0
2024,9,3,17,1.95,5.2,11.0,10.5,20.0
2024,9,3,18,1.59,5.1,11.0,8.9,27.0
2024,9,3,19,1.66,5.6,11.0,8.0,25.0
2024,9,3,20,1.55,5.5,22.0,4.8,34.0
2024,9,3,21,1.44,5.6,11.0,4.6,49.0
2024,9,3,22,1.58,6.0,22.0,2.0,102.0
2024,9,3,23,1.55,5.9,33.0,5.1,167.0
2024,9,4,0,1.36,6.0,45.0,6.1,178.0
2024,9,4,1,1.16,5.9,45.0,5.1,162.0
2024,9,4,2,1.2,6.2,33.0,5.4,170.0
2024,9,4,3,1.32,6.4,45.0,4.3,166.0
2024,9,4,4,1.03,6.1,45.0,4.5,162.0
2024,9,4,5,1.06,6.1,0.0,5.5,164.0
2024,9,4,6,0.76,5.6,11.0,4.7,155.0
2024,9,4,7,0.89,6.0,11.0,3.0,144.0
2024,9,4,8,0.92,5.7,22.0,4.9,36.0
2024,9,4,9,0.93,5.5,11.0,4.7,28.0
2024,9,4,10,0.84,4.9,22.0,4.4,359.0
2024,9,4,11,0.88,5.0,22.0,4.6,349.0
2024,9,4,12,0.83,4.7,11.0,3.3,328.0
2024,9,4,13,0.94,5.2,22.0,3.7,343.0
2024,9,4,14,0.87,5.1,11.0,4.8,350.0
2024,9,4,15,0.87,5.0,348.0,4.2,350.0
2024,9,4,16,0.88,4.9,0.0,4.3,2.0
2024,9,4,17,1.01,5.3,348.0,3.5,351.0
2024,9,4,18,1.21,5.2,11.0,3.8,346.0
2024,9,4,21,1.29,5.7,22.0,1.8,210.0
2024,9,4,22,1.89,6.4,22.0,1.6,209.0
2024,9,4,23,1.8,6.1,11.0,2.5,215.0
2024,9,5,0,2.12,6.4,33.0,1.8,194.0
2024,9,5,1,1.59,5.7,33.0,2.9,210.0
2024,9,5,2,1.08,5.3,337.0,3.8,208.0
2024,9,5,3,1.07,5.4,33.0,4.6,174.0
2024,9,5,4,0.91,5.2,11.0,4.0,170.0
2024,9,5,5,0.93,5.5,22.0,3.6,180.0
2024,9,5,6,0.8,5.6,22.0,4.0,186.0
2024,9,5,7,0.93,6.0,22.0,3.6,142.0
2024,9,5,8,0.95,5.8,11.0,2.1,134.0
2024,9,5,11,1.04,5.5,11.0,2.9,341.0
2024,9,5,12,1.01,5.1,22.0,3.2,331.0
2024,9,5,13,0.98,5.2,11.0,5.3,336.0
2024,9,5,14,0.97,5.3,0.0,3.6,324.0
2024,9,5,15,0.78,4.8,348.0,3.3,343.0
2024,9,5,16,0.81,5.0,348.0,1.7,305.0
2024,9,5,17,0.86,5.0,348.0,2.7,243.0
2024,9,5,18,0.77,5.2,33.0,8.4,170.0
2024,9,5,19,0.96,5.2,33.0,6.3,158.0
2024,9,5,20,0.99,5.8,33.0,5.9,149.0
2024,9,5,21,0.94,5.7,22.0,4.0,167.0
2024,9,5,22,1.05,5.7,22.0,4.3,162.0
2024,9,5,23,1.15,6.0,33.0,4.4,150.0
2024,9,6,1,1.45,5.9,11.0,2.9,47.0
2024,9,6,2,1.18,5.6,348.0,1.2,13.0
2024,9,6,4,0.96,5.3,33.0,2.5,175.0
2024,9,6,5,0.78,5.1,22.0,2.5,159.0
2024,9,6,6,0.73,4.9,45.0,2.2,159.0
2024,9,6,7,0.82,5.2,11.0,1.8,167.0
2024,9,6,8,0.73,5.0,11.0,1.6,183.0
2024,9,6,11,0.75,5.3,11.0,1.6,317.0
2024,9,6,12,0.69,4.9,270.0,2.3,309.0
2024,9,6,13,0.79,5.0,0.0,3.3,299.0
2024,9,6,14,0.73,5.1,11.0,4.5,301.0
2024,9,6,15,0.71,5.2,0.0,3.4,317.0
2024,9,6,16,0.61,4.9,22.0,2.2,358.0
2024,9,6,17,0.66,5.1,0.0,1.6,28.0
2024,9,6,19,0.68,5.2,326.0,4.1,169.0
2024,9,6,20,0.58,4.9,11.0,5.2,209.0
2024,9,6,21,0.62,5.1,33.0,7.5,225.0
2024,9,6,22,0.66,4.2,247.0,4.1,223.0
2024,9,6,23,0.72,4.3,236.0,2.5,183.0
2024,9,7,0,0.86,4.5,258.0,2.8,224.0
2024,9,7,1,1.04,5.0,22.0,3.7,212.0
2024,9,7,2,0.91,4.7,22.0,2.1,210.0
2024,9,7,3,0.75,5.1,303.0,3.2,215.0
2024,9,7,4,0.78,5.0,11.0,3.0,225.0
2024,9,7,5,0.67,5.1,247.0,3.8,170.0
2024,9,7,6,0.58,4.8,0.0,3.1,179.0
2024,9,7,7,0.58,4.8,11.0,2.3,174.0
2024,9,7,8,0.59,5.1,258.0,2.7,169.0
2024,9,7,9,0.54,4.7,258.0,2.5,216.0
2024,9,7,10,0.57,4.8,348.0,3.3,213.0
2024,9,7,11,0.56,4.6,258.0,5.4,233.0
2024,9,7,12,0.53,4.8,258.0,4.5,258.0
2024,9,7,13,0.59,4.9,258.0,5.3,263.0
2024,9,7,14,0.55,4.4,303.0,5.0,273.0
2024,9,7,15,0.56,4.4,247.0,5.4,272.0
2024,9,7,16,0.52,4.5,270.0,5.2,269.0
2024,9,7,17,0.57,4.7,258.0,5.3,266.0
2024,9,7,18,0.54,4.4,247.0,9.7,138.0
2024,9,7,19,0.55,4.2,247.0,2.6,147.0
2024,9,7,20,0.52,4.5,247.0,1.4,85.0
2024,9,7,22,0.59,4.4,236.0,1.1,209.0
2024,9,7,23,0.64,4.3,247.0,1.2,178.0
2024,9,8,0,0.69,4.8,247.0,1.9,164.0
2024,9,8,1,0.6,4.6,258.0,4.4,226.0
2024,9,8,2,0.58,4.8,247.0,2.9,191.0
2024,9,8,3,0.56,4.8,247.0,1.4,190.0
2024,9,8,5,0.43,4.5,270.0,2.2,142.0
2024,9,8,9,0.41,4.7,258.0,1.2,1.0
2024,9,8,10,0.44,4.8,33.0,2.4,6.0
2024,9,8,11,0.52,4.9,258.0,3.1,14.0
2024,9,8,12,0.46,4.3,11.0,3.8,13.0
2024,9,8,13,0.43,4.2,258.0,3.6,340.0
2024,9,8,14,0.53,4.4,258.0,5.4,352.0
2024,9,8,15,0.59,3.7,258.0,5.7,1.0
2024,9,8,16,0.64,3.9,22.0,6.0,358.0
2024,9,8,17,0.63,3.9,33.0,6.0,7.0
2024,9,8,18,0.68,3.8,22.0,3.6,26.0
2024,9,8,19,0.57,4.0,45.0,7.6,166.0
2024,9,8,20,0.55,4.3,22.0,4.2,210.0
2024,9,8,21,0.46,4.4,33.0,1.7,181.0
2024,9,8,22,0.51,4.6,33.0,2.4,143.0
2024,9,9,1,0.58,4.5,33.0,1.9,202.0
2024,9,9,2,0.7,4.7,45.0,5.0,167.0
2024,9,9,3,0.62,4.8,22.0,5.4,163.0
2024,9,9,4,0.53,4.6,11.0,5.0,157.0
2024,9,9,5,0.53,4.6,33.0,3.7,146.0
2024,9,9,6,0.62,5.1,22.0,3.6,164.0
2024,9,9,7,0.51,5.0,45.0,4.1,159.0
2024,9,9,8,0.49,4.7,45.0,3.6,154.0
2024,9,9,9,0.49,5.1,247.0,2.0,150.0
2024,9,9,11,0.55,4.9,33.0,1.1,333.0
2024,9,9,12,0.57,4.9,22.0,2.6,344.0
2024,9,9,13,0.59,4.7,22.0,4.6,357.0
2024,9,9,14,0.66,4.2,45.0,6.7,14.0
2024,9,9,15,0.84,3.9,33.0,7.3,21.0
2024,9,9,16,0.94,4.0,22.0,8.9,12.0
2024,9,9,17,1.05,4.0,22.0,8.4,21.0
2024,9,9,18,1.55,5.0,22.0,8.8,23.0
2024,9,9,19,1.42,4.5,56.0,9.5,174.0
2024,9,9,20,1.14,5.0,33.0,3.0,214.0
2024,9,9,21,1.25,5.4,33.0,2.5,161.0
2024,9,9,22,1.07,5.4,45.0,3.3,186.0
2024,9,9,23,0.82,5.2,33.0,3.6,181.0
2024,9,10,0,0.93,5.2,22.0,1.9,183.0
2024,9,10,3,0.72,4.6,11.0,2.8,163.0
2024,9,10,4,0.72,4.8,33.0,2.4,150.0
2024,9,10,5,0.71,4.8,33.0,2.7,131.0
2024,9,10,7,0.75,4.9,11.0,1.3,60.0
2024,9,10,9,0.66,4.7,33.0,1.3,41.0
2024,9,10,10,0.58,4.9,0.0,4.7,9.0
2024,9,10,11,0.68,4.7,11.0,5.1,10.0
2024,9,10,12,0.69,4.6,11.0,4.1,14.0
2024,9,10,13,0.78,4.5,11.0,6.0,6.0
2024,9,10,14,0.86,4.2,22.0,7.5,1.0
2024,9,10,15,1.17,4.5,22.0,7.0,11.0
2024,9,10,16,1.11,4.6,22.0,8.2,8.0
2024,9,10,17,1.16,4.5,22.0,7.7,19.0
2024,9,10,18,1.14,4.6,22.0,7.1,22.0
2024,9,10,19,0.96,4.3,22.0,6.6,30.0
2024,9,10,20,0.87,4.3,22.0,5.9,40.0
2024,9,10,21,0.75,4.4,22.0,5.3,49.0
2024,9,10,22,0.68,4.4,22.0,3.7,70.0
2024,9,10,23,0.65,4.7,33.0,3.5,84.0
2024,9,11,0,0.69,5.0,22.0,3.6,160.0
2024,9,11,1,0.7,5.4,22.0,5.4,172.0
2024,9,11,2,0.59,5.6,33.0,4.1,179.0
2024,9,11,3,0.56,5.4,33.0,3.7,169.0
2024,9,11,4,0.7,6.1,22.0,3.2,177.0
2024,9,11,5,0.83,6.6,348.0,3.1,166.0
2024,9,11,6,0.77,6.5,11.0,3.6,162.0
2024,9,11,7,0.77,6.7,11.0,3.6,169.0
2024,9,11,8,0.93,6.7,0.0,3.3,170.0
2024,9,11,9,0.8,6.5,0.0,2.2,208.0
2024,9,11,10,0.78,6.5,11.0,2.5,296.0
2024,9,11,11,0.87,6.7,22.0,2.4,290.0
2024,9,11,12,0.79,6.8,22.0,2.9,284.0
2024,9,11,13,0.77,6.1,11.0,4.1,283.0
2024,9,11,14,0.71,6.2,22.0,4.1,286.0
2024,9,11,15,0.87,6.5,0.0,3.9,294.0
2024,9,11,16,0.94,6.3,11.0,2.7,299.0
2024,9,11,19,0.73,5.6,0.0,1.8,160.0
2024,9,11,20,0.65,6.0,0.0,2.6,187.0
2024,9,11,21,0.7,6.1,11.0,2.1,171.0
2024,9,12,2,0.58,5.6,11.0,1.5,172.0
2024,9,12,3,0.54,6.0,11.0,1.9,165.0
2024,9,12,4,0.53,5.9,11.0,3.4,352.0
2024,9,12,5,0.59,6.3,11.0,2.9,284.0
2024,9,12,6,0.56,6.2,22.0,1.6,21.0
2024,9,12,7,0.6,6.4,0.0,3.2,6.0
2024,9,12,8,0.55,5.8,11.0,4.5,33.0
2024,9,12,9,0.6,5.3,11.0,4.1,17.0
2024,9,12,10,0.54,5.2,0.0,4.5,30.0
2024,9,12,11,0.5,4.3,0.0,4.8,13.0
2024,9,12,12,0.53,3.8,0.0,5.4,3.0
2024,9,12,13,0.66,4.2,11.0,4.9,347.0
2024,9,12,14,0.58,4.5,0.0,4.9,340.0
2024,9,12,15,0.56,4.0,22.0,5.9,340.0
2024,9,12,16,0.62,4.1,33.0,5.5,353.0
2024,9,12,17,0.82,4.3,11.0,7.3,22.0
2024,9,12,18,1.06,4.3,22.0,6.8,12.0
2024,9,12,19,1.4,4.8,22.0,5.4,15.0
2024,9,12,20,1.29,4.9,22.0,1.1,18.0
2024,9,12,21,1.29,5.0,11.0,1.1,188.0
2024,9,12,22,1.14,5.2,11.0,2.3,180.0
2024,9,12,23,1.0,5.1,22.0,4.4,177.0
2024,9,13,0,0.98,5.2,22.0,4.4,173.0
2024,9,13,1,1.1,5.5,22.0,3.5,176.0
2024,9,13,2,0.98,5.7,11.0,3.5,161.0
2024,9,13,3,1.11,5.7,11.0,3.9,160.0
2024,9,13,4,1.2,5.9,22.0,2.9,161.0
2024,9,13,5,1.21,6.1,22.0,3.7,167.0
2024,9,13,6,1.03,5.7,33.0,3.6,161.0
2024,9,13,7,0.86,5.5,33.0,3.5,161.0
2024,9,13,8,0.97,5.7,11.0,1.7,145.0
2024,9,13,10,0.78,5.7,11.0,1.4,8.0
2024,9,13,11,0.89,5.5,22.0,3.0,4.0
2024,9,13,12,0.74,5.5,0.0,5.1,359.0
2024,9,13,13,0.81,5.0,0.0,5.7,359.0
2024,9,13,14,0.87,5.0,22.0,6.3,8.0
2024,9,13,15,0.98,4.6,22.0,7.3,14.0
2024,9,13,16,2.11,5.6,22.0,10.6,24.0
2024,9,13,17,2.5,5.8,22.0,11.7,23.0
2024,9,13,18,2.27,5.7,22.0,12.0,24.0
2024,9,13,19,2.44,5.7,22.0,11.3,25.0
2024,9,13,20,2.19,5.6,45.0,8.8,162.0
2024,9,13,22,1.64,5.8,33.0,3.4,124.0
2024,9,14,1,1.14,5.4,56.0,3.6,148.0
2024,9,14,2,1.2,5.5,33.0,1.9,109.0
2024,9,14,3,1.01,5.0,33.0,1.6,130.0
2024,9,14,4,1.11,5.4,33.0,2.8,32.0
2024,9,14,5,1.02,5.3,33.0,3.1,63.0
2024,9,14,6,1.05,5.1,33.0,2.5,97.0
2024,9,14,7,1.02,4.8,22.0,6.8,47.0
2024,9,14,8,1.21,4.8,22.0,6.7,37.0
2024,9,14,9,1.27,5.5,22.0,6.6,38.0
2024,9,14,10,1.2,4.8,22.0,7.1,30.0
2024,9,14,11,1.28,4.9,22.0,8.7,27.0
2024,9,14,12,1.51,5.0,33.0,9.3,17.0
2024,9,14,13,1.51,4.7,11.0,10.1,9.0
2024,9,14,14,1.48,4.8,11.0,9.6,14.0
2024,9,14,15,1.48,4.7,11.0,9.8,51.0
2024,9,14,16,1.58,5.1,11.0,8.9,22.0
2024,9,14,17,1.43,5.1,11.0,6.6,34.0
2024,9,14,18,1.56,5.1,22.0,9.1,29.0
2024,9,14,19,1.6,5.1,22.0,8.6,34.0
2024,9,14,20,1.58,5.1,22.0,6.1,25.0
2024,9,14,21,1.59,5.2,33.0,3.8,23.0
2024,9,14,22,1.33,4.9,33.0,3.9,82.0
2024,9,14,23,1.33,5.0,22.0,3.2,129.0
2024,9,15,0,1.34,5.3,33.0,3.9,160.0
2024,9,15,1,1.32,5.5,33.0,4.0,179.0
2024,9,15,2,1.29,6.0,22.0,5.1,179.0
2024,9,15,3,1.12,6.0,33.0,6.4,170.0
2024,9,15,4,1.28,6.5,11.0,7.3,157.0
2024,9,15,5,1.23,6.3,22.0,5.3,155.0
2024,9,15,6,1.25,6.5,0.0,4.6,157.0
2024,9,15,7,1.39,6.4,22.0,2.6,120.0
2024,9,15,8,1.26,6.0,0.0,2.0,81.0
2024,9,15,13,1.01,5.8,348.0,2.9,357.0
2024,9,15,14,0.82,5.4,337.0,1.8,10.0
2024,9,15,15,0.89,5.3,0.0,3.3,359.0
2024,9,15,16,0.98,5.6,11.0,3.9,13.0
2024,9,15,17,0.97,5.4,11.0,4.7,16.0
2024,9,15,18,0.92,4.7,11.0,5.3,11.0
2024,9,15,19,0.97,4.9,11.0,4.6,13.0
2024,9,15,20,0.93,4.6,0.0,4.2,13.0
2024,9,15,21,0.99,4.8,11.0,4.0,22.0
2024,9,15,22,0.98,5.0,11.0,2.8,15.0
2024,9,15,23,1.11,5.5,11.0,1.9,53.0
2024,9,16,2,1.1,5.7,22.0,3.7,163.0
2024,9,16,3,0.95,5.6,0.0,4.8,168.0
2024,9,16,4,0.84,5.5,0.0,4.4,158.0
2024,9,16,5,0.87,6.0,0.0,3.2,162.0
2024,9,16,6,0.96,6.2,0.0,4.0,158.0
2024,9,16,7,0.89,6.1,11.0,4.3,162.0
2024,9,16,8,1.28,6.6,0.0,2.8,159.0
2024,9,16,9,0.99,6.3,11.0,1.4,164.0
2024,9,16,12,0.93,6.0,0.0,1.5,308.0
2024,9,16,13,0.95,6.2,0.0,3.3,316.0
2024,9,16,14,0.79,6.0,0.0,5.3,327.0
2024,9,16,15,0.76,5.5,0.0,4.3,360.0
2024,9,16,16,0.72,5.1,11.0,4.4,355.0
2024,9,16,17,0.81,5.7,11.0,3.9,342.0
2024,9,16,18,0.85,5.6,22.0,2.5,345.0
2024,9,16,20,1.15,6.1,33.0,1.7,171.0
2024,9,16,21,1.64,6.3,11.0,2.2,166.0
2024,9,16,22,1.73,6.3,22.0,2.3,155.0
2024,9,16,23,1.65,6.0,22.0,2.5,161.0
2024,9,17,0,1.63,6.0,11.0,1.9,185.0
2024,9,17,1,1.24,5.2,11.0,1.1,165.0
2024,9,17,2,1.22,5.6,0.0,1.3,175.0
2024,9,17,3,1.07,5.5,22.0,2.3,190.0
2024,9,17,4,1.22,6.1,22.0,3.4,192.0
2024,9,17,5,1.14,6.3,11.0,2.2,209.0
2024,9,17,6,1.02,6.5,11.0,3.2,166.0
2024,9,17,7,1.16,6.2,33.0,2.8,143.0
2024,9,17,8,1.21,6.1,22.0,2.0,137.0
2024,9,17,9,1.59,6.1,22.0,3.4,46.0
2024,9,17,10,1.5,5.9,11.0,4.1,29.0
2024,9,17,11,1.33,5.6,11.0,4.9,25.0
2024,9,17,12,1.27,5.7,11.0,5.0,23.0
2024,9,17,13,1.0,5.2,348.0,4.5,344.0
2024,9,17,14,0.9,4.7,348.0,5.9,329.0
2024,9,17,15,0.83,4.5,348.0,1.9,316.0
2024,9,17,16,0.76,4.7,348.0,2.4,185.0
2024,9,17,17,1.1,5.6,0.0,1.5,241.0
2024,9,17,19,1.77,6.3,11.0,1.6,265.0
2024,9,17,20,1.77,6.4,11.0,2.6,272.0
2024,9,17,21,2.15,6.7,22.0,1.6,220.0
2024,9,17,23,2.16,6.1,0.0,5.6,46.0
2024,9,18,0,2.22,6.2,0.0,4.0,43.0
2024,9,18,1,1.86,5.8,11.0,2.0,49.0
2024,9,18,2,1.59,5.6,11.0,3.1,50.0
2024,9,18,3,1.64,5.6,22.0,2.1,64.0
2024,9,18,4,1.64,5.7,0.0,1.3,48.0
2024,9,18,5,1.49,5.9,22.0,1.6,150.0
2024,9,18,6,1.55,6.2,11.0,3.2,164.0
2024,9,18,7,1.35,6.1,11.0,2.4,136.0
2024,9,18,8,1.81,6.3,22.0,2.9,51.0
2024,9,18,9,1.69,5.9,11.0,5.0,24.0
2024,9,18,10,1.7,5.8,22.0,4.5,14.0
2024,9,18,11,2.09,6.1,22.0,6.2,49.0
2024,9,18,12,2.28,5.7,22.0,9.7,34.0
2024,9,18,13,2.24,5.6,22.0,10.6,34.0
2024,9,18,14,2.32,5.5,22.0,11.7,27.0
2024,9,18,15,2.44,5.6,0.0,12.0,33.0
2024,9,18,16,2.22,5.3,11.0,12.4,36.0
2024,9,18,17,2.14,5.3,0.0,11.9,29.0
2024,9,18,18,2.2,5.8,11.0,11.4,34.0
2024,9,18,19,2.26,5.6,22.0,11.4,33.0
2024,9,18,20,2.12,5.7,22.0,10.5,41.0
2024,9,18,21,2.27,5.9,22.0,9.7,40.0
2024,9,18,22,2.48,6.0,22.0,7.5,44.0
2024,9,18,23,1.84,5.6,22.0,6.7,40.0
2024,9,19,0,1.71,5.6,22.0,4.9,45.0
2024,9,19,1,1.58,5.8,33.0,3.9,68.0
2024,9,19,2,1.35,5.6,22.0,1.6,133.0
2024,9,19,3,1.41,5.7,22.0,3.6,176.0
2024,9,19,4,1.15,5.8,22.0,4.6,180.0
2024,9,19,5,0.99,5.6,0.0,3.6,191.0
2024,9,19,6,1.06,6.0,0.0,3.3,186.0
2024,9,19,7,0.93,5.7,0.0,3.2,165.0
2024,9,19,8,1.03,5.6,0.0,1.6,147.0
2024,9,19,9,1.03,5.6,11.0,1.1,195.0
2024,9,19,10,1.07,5.5,0.0,3.6,242.0
2024,9,19,11,1.13,5.6,0.0,3.9,264.0
2024,9,19,12,1.22,5.8,0.0,4.8,283.0
2024,9,19,13,0.94,5.4,348.0,4.4,284.0
2024,9,19,14,1.05,5.4,0.0,3.7,286.0
2024,9,19,15,1.06,5.4,0.0,2.3,293.0
2024,9,19,19,0.75,5.5,11.0,2.0,174.0
2024,9,19,20,0.7,5.2,11.0,3.7,179.0
2024,9,19,21,0.7,5.2,22.0,5.5,152.0
2024,9,19,22,0.72,5.3,0.0,3.7,170.0
2024,9,19,23,0.7,5.5,33.0,2.5,172.0
2024,9,20,0,0.9,5.8,22.0,3.0,143.0
2024,9,20,1,0.83,5.8,33.0,3.2,150.0
2024,9,20,2,0.65,5.5,45.0,2.2,165.0
2024,9,20,3,0.68,5.8,22.0,1.8,155.0
2024,9,20,4,0.63,5.7,22.0,2.4,180.0
2024,9,20,5,0.68,6.0,33.0,3.1,181.0
2024,9,20,6,0.52,5.9,33.0,2.2,164.0
2024,9,20,7,0.5,5.2,348.0,4.7,204.0
2024,9,20,8,0.54,4.9,22.0,2.0,206.0
2024,9,20,10,0.96,4.7,33.0,2.3,32.0
2024,9,20,11,0.9,5.0,11.0,5.9,12.0
2024,9,20,12,0.91,4.8,11.0,4.9,14.0
2024,9,20,13,0.94,5.3,11.0,4.6,359.0
2024,9,20,14,0.88,4.5,11.0,6.8,356.0
2024,9,20,15,0.78,4.1,11.0,7.3,1.0
2024,9,20,16,0.84,4.4,0.0,6.1,354.0
2024,9,20,17,0.86,4.3,45.0,5.3,344.0
2024,9,20,18,0.68,4.3,22.0,3.8,334.0
2024,9,20,19,0.61,4.5,11.0,3.4,328.0
2024,9,20,20,0.65,4.4,236.0,4.4,281.0
2024,9,20,21,0.69,4.3,225.0,4.1,240.0
2024,9,20,22,0.72,4.5,56.0,4.4,211.0
2024,9,20,23,0.68,4.8,11.0,4.0,171.0
2024,9,21,0,0.74,5.3,326.0,4.1,179.0
2024,9,21,1,0.74,5.0,0.0,4.0,173.0
2024,9,21,2,0.73,5.5,236.0,2.5,153.0
2024,9,21,3,0.61,5.3,11.0,2.4,168.0
2024,9,21,4,0.59,5.2,45.0,3.1,176.0
2024,9,21,5,0.51,5.1,33.0,2.7,178.0
2024,9,21,6,0.44,4.9,303.0,1.9,251.0
2024,9,21,9,0.47,4.8,0.0,2.3,242.0
2024,9,21,10,0.54,4.8,22.0,3.7,234.0
2024,9,21,11,0.64,4.5,22.0,4.9,270.0
2024,9,21,12,1.01,4.8,22.0,5.7,131.0
2024,9,21,13,0.75,4.5,33.0,4.5,117.0
2024,9,21,14,0.62,4.4,33.0,6.4,64.0
2024,9,21,15,0.63,4.5,22.0,5.2,57.0
2024,9,21,16,0.59,4.5,33.0,5.6,55.0
2024,9,21,17,0.59,4.6,22.0,3.9,69.0
2024,9,21,18,0.5,4.7,45.0,1.8,105.0
2024,9,21,19,0.46,4.8,33.0,2.8,160.0
2024,9,21,20,0.41,5.1,22.0,2.8,131.0
2024,9,21,21,0.41,5.0,33.0,3.6,163.0
2024,9,21,22,0.4,5.0,45.0,5.9,166.0
2024,9,21,23,0.42,5.5,303.0,5.5,187.0
2024,9,22,0,0.52,5.7,236.0,5.0,198.0
2024,9,22,1,0.62,4.7,292.0,8.8,206.0
2024,9,22,2,0.71,3.8,225.0,9.4,189.0
2024,9,22,3,0.89,3.9,236.0,10.6,185.0
2024,9,22,4,0.88,4.0,225.0,10.4,184.0
2024,9,22,5,0.84,3.9,225.0,10.8,176.0
2024,9,22,6,0.75,3.8,225.0,9.5,171.0
2024,9,22,7,1.18,4.6,348.0,8.9,206.0
2024,9,22,8,1.29,5.2,11.0,9.5,194.0
2024,9,22,9,1.4,4.7,22.0,10.0,190.0
2024,9,22,10,1.38,4.6,236.0,7.3,185.0
2024,9,22,11,1.4,5.0,11.0,6.9,189.0
2024,9,22,12,1.57,5.5,22.0,8.8,201.0
2024,9,22,13,1.56,5.4,22.0,9.7,185.0
2024,9,22,14,1.91,6.1,0.0,11.4,182.0
2024,9,22,15,1.95,6.0,348.0,10.1,197.0
2024,9,22,16,1.69,5.9,11.0,7.6,185.0
2024,9,22,17,1.56,6.3,348.0,8.1,201.0
2024,9,22,18,1.43,5.5,11.0,9.4,199.0
2024,9,22,19,1.55,5.7,11.0,8.9,184.0
2024,9,22,20,1.59,5.7,11.0,9.4,201.0
2024,9,22,21,1.41,6.0,0.0,5.6,194.0
2024,9,22,22,1.56,6.5,22.0,4.9,166.0
2024,9,22,23,1.72,6.8,22.0,4.9,167.0
2024,9,23,0,1.54,6.0,348.0,3.7,167.0
2024,9,23,1,1.88,6.6,348.0,4.0,184.0
2024,9,23,2,2.02,6.4,11.0,4.3,167.0
2024,9,23,3,2.25,6.9,348.0,3.6,158.0
2024,9,23,4,1.95,6.9,348.0,2.7,155.0
2024,9,23,5,1.92,6.8,337.0,2.3,166.0
2024,9,23,7,1.68,6.7,337.0,1.4,119.0
2024,9,23,8,1.75,6.8,22.0,2.0,70.0
2024,9,23,9,1.85,6.7,11.0,2.7,53.0
2024,9,23,10,1.88,6.7,0.0,3.1,50.0
2024,9,23,11,2.07,6.7,0.0,2.2,40.0
2024,9,23,12,1.92,6.6,348.0,1.5,52.0
2024,9,23,13,1.82,6.4,337.0,1.1,30.0
2024,9,23,15,2.14,6.6,0.0,4.1,275.0
2024,9,23,16,1.86,5.9,0.0,4.7,289.0
2024,9,23,17,1.82,5.8,0.0,5.0,339.0
2024,9,23,18,1.62,5.8,348.0,3.3,353.0
2024,9,23,19,1.65,6.1,337.0,1.5,319.0
2024,9,23,20,1.62,5.5,337.0,9.8,263.0
2024,9,23,21,1.66,5.1,0.0,9.0,251.0
2024,9,23,22,1.5,5.1,11.0,3.3,220.0
2024,9,23,23,1.41,5.1,0.0,3.1,145.0
2024,9,24,0,1.47,5.3,11.0,3.7,174.0
2024,9,24,1,1.38,5.3,0.0,4.0,155.0
2024,9,24,2,1.3,5.7,0.0,3.4,161.0
2024,9,24,3,1.31,5.7,0.0,4.4,165.0
2024,9,24,4,1.0,5.5,11.0,4.2,177.0
2024,9,24,5,1.11,5.7,348.0,3.1,188.0
2024,9,24,6,0.96,5.8,11.0,3.0,172.0
2024,9,24,7,1.2,5.9,22.0,2.6,171.0
2024,9,24,8,1.0,5.9,0.0,1.8,145.0
2024,9,24,9,0.95,5.8,11.0,1.5,185.0
2024,9,24,10,1.03,5.8,0.0,2.0,276.0
2024,9,24,11,0.99,5.4,0.0,1.9,281.0
2024,9,24,12,0.93,5.2,348.0,2.6,290.0
2024,9,24,13,1.03,5.3,11.0,3.6,315.0
2024,9,24,14,1.18,5.5,11.0,3.5,314.0
2024,9,24,15,1.24,5.8,0.0,3.1,306.0
2024,9,24,16,1.31,6.0,0.0,3.1,310.0
2024,9,24,17,1.36,6.1,348.0,2.9,300.0
2024,9,24,18,1.21,5.9,348.0,2.5,281.0
2024,9,24,19,1.13,5.7,0.0,3.1,276.0
2024,9,24,20,1.08,6.0,348.0,2.9,258.0
2024,9,24,21,1.06,6.2,11.0,3.5,253.0
2024,9,24,22,1.0,5.9,33.0,2.9,184.0
2024,9,24,23,0.95,5.5,22.0,5.3,145.0
2024,9,25,0,1.02,6.2,11.0,3.5,164.0
2024,9,25,1,0.9,5.5,11.0,2.9,171.0
2024,9,25,2,0.92,5.7,11.0,2.4,192.0
2024,9,25,3,0.88,5.3,0.0,1.8,160.0
2024,9,25,4,0.89,5.8,0.0,1.4,166.0
2024,9,25,5,1.04,6.4,11.0,2.5,169.0
2024,9,25,6,0.76,5.9,22.0,1.7,181.0
2024,9,25,8,0.79,6.5,0.0,2.0,149.0
2024,9,25,9,0.68,5.5,348.0,1.3,147.0
2024,9,25,11,0.8,6.0,22.0,2.2,307.0
2024,9,25,12,0.82,6.0,33.0,3.8,319.0
2024,9,25,13,0.96,6.4,11.0,3.6,317.0
2024,9,25,14,0.81,6.1,22.0,3.7,314.0
2024,9,25,15,0.78,5.8,0.0,2.9,337.0
2024,9,25,16,0.82,5.8,0.0,2.4,341.0
2024,9,25,17,0.84,5.9,348.0,2.1,344.0
2024,9,25,18,0.96,6.0,0.0,1.1,7.0
2024,9,25,20,0.81,5.6,0.0,1.4,14.0
2024,9,25,21,0.58,5.1,348.0,2.4,14.0
2024,9,25,22,0.59,5.4,33.0,2.6,30.0
2024,9,25,23,0.58,5.5,0.0,2.6,35.0
2024,9,26,0,0.53,5.3,33.0,2.8,33.0
2024,9,26,1,0.52,5.5,11.0,3.0,41.0
2024,9,26,2,0.53,5.4,0.0,3.3,36.0
2024,9,26,3,0.53,5.3,0.0,2.2,11.0
2024,9,26,4,0.57,5.3,11.0,1.3,20.0
2024,9,26,5,0.59,5.6,11.0,3.2,45.0
2024,9,26,6,0.56,5.6,22.0,4.3,59.0
2024,9,26,7,0.62,5.2,0.0,2.6,51.0
2024,9,26,8,0.54,4.8,22.0,2.4,44.0
2024,9,26,9,0.63,5.1,11.0,2.5,53.0
2024,9,26,10,0.59,5.0,0.0,4.1,24.0
2024,9,26,11,0.63,4.6,0.0,5.0,17.0
2024,9,26,12,0.64,4.3,11.0,5.9,21.0
2024,9,26,13,0.7,4.2,348.0,5.9,12.0
2024,9,26,14,0.72,4.2,11.0,7.0,14.0
2024,9,26,15,0.91,4.3,0.0,7.4,19.0
2024,9,26,16,0.92,4.3,33.0,7.3,20.0
2024,9,26,17,1.01,4.4,33.0,6.9,33.0
2024,9,26,18,0.88,4.3,33.0,7.0,26.0
2024,9,26,19,0.94,4.5,22.0,7.3,32.0
2024,9,26,20,1.12,4.4,33.0,6.4,40.0
2024,9,26,21,0.94,4.3,22.0,6.9,35.0
2024,9,26,22,1.05,4.6,33.0,7.4,38.0
2024,9,26,23,1.02,4.4,22.0,6.8,41.0
2024,9,27,0,0.97,4.4,33.0,6.1,41.0
2024,9,27,1,0.9,4.6,22.0,5.6,37.0
2024,9,27,2,0.92,4.5,11.0,5.3,43.0
2024,9,27,3,0.81,4.4,22.0,5.4,46.0
2024,9,27,4,0.84,4.5,22.0,5.5,41.0
2024,9,27,5,0.9,4.6,22.0,5.6,46.0
2024,9,27,6,0.97,4.8,22.0,4.6,57.0
2024,9,27,7,0.89,4.8,11.0,4.2,54.0
2024,9,27,8,0.81,4.7,22.0,3.2,36.0
2024,9,27,9,0.8,4.7,0.0,3.9,15.0
2024,9,27,10,0.82,4.8,0.0,3.1,36.0
2024,9,27,11,0.66,4.6,22.0,3.7,31.0
2024,9,27,12,0.77,4.6,22.0,4.2,28.0
2024,9,27,13,0.73,4.3,11.0,5.8,20.0
2024,9,27,14,0.71,4.4,11.0,6.2,19.0
2024,9,27,15,0.77,4.1,0.0,7.0,18.0
2024,9,27,16,0.92,4.1,11.0,8.1,16.0
2024,9,27,17,1.04,4.1,11.0,8.1,24.0
2024,9,27,18,1.07,4.2,0.0,8.6,29.0
2024,9,27,19,1.37,4.4,22.0,8.5,26.0
2024,9,27,20,1.2,4.3,33.0,7.4,33.0
2024,9,27,21,1.21,4.4,33.0,7.3,28.0
2024,9,27,22,1.02,4.3,11.0,6.8,14.0
2024,9,27,23,1.06,4.4,11.0,6.8,24.0
2024,9,28,0,1.1,4.4,11.0,7.2,26.0
2024,9,28,1,1.23,4.4,11.0,8.8,30.0
2024,9,28,2,1.33,4.6,22.0,9.4,32.0
2024,9,28,3,1.4,4.8,22.0,8.2,48.0
2024,9,28,4,1.34,5.0,11.0,8.5,56.0
2024,9,28,5,1.4,4.9,22.0,8.2,54.0
2024,9,28,6,1.61,5.1,11.0,9.1,51.0
2024,9,28,7,1.82,5.3,22.0,8.9,48.0
2024,9,28,8,2.18,5.7,11.0,9.3,33.0
2024,9,28,9,1.99,5.4,22.0,11.5,37.0
2024,9,28,10,2.12,5.4,33.0,12.0,36.0
2024,9,28,11,2.55,5.8,22.0,11.9,33.0
2024,9,28,12,2.75,5.8,22.0,13.1,31.0
2024,9,28,13,2.61,6.0,22.0,13.5,32.0
2024,9,28,14,2.64,5.8,22.0,13.9,33.0
2024,9,28,15,2.35,5.3,22.0,13.3,35.0
2024,9,28,16,2.65,5.8,22.0,13.7,31.0
2024,9,28,17,2.45,5.5,22.0,14.6,31.0
2024,9,28,18,3.2,6.2,22.0,14.4,36.0
2024,9,28,19,2.98,5.9,11.0,15.0,36.0
2024,9,28,20,3.2,6.1,22.0,13.5,39.0
2024,9,28,21,3.32,6.2,22.0,13.6,41.0
2024,9,28,22,2.63,5.8,22.0,13.4,42.0
2024,9,28,23,2.67,5.6,33.0,10.8,42.0
2024,9,29,0,2.41,5.4,11.0,11.0,36.0
2024,9,29,1,2.13,5.5,11.0,8.0,42.0
2024,9,29,2,2.24,5.8,11.0,5.8,65.0
2024,9,29,3,2.05,5.8,0.0,4.8,83.0
2024,9,29,4,2.01,5.8,0.0,6.0,59.0
2024,9,29,5,1.95,5.9,348.0,5.9,50.0
2024,9,29,6,1.83,6.0,348.0,5.4,50.0
2024,9,29,7,1.77,6.0,0.0,5.6,38.0
2024,9,29,8,1.88,5.8,348.0,4.5,47.0
2024,9,29,9,1.67,5.8,0.0,3.8,35.0
2024,9,29,10,1.93,6.1,0.0,6.0,22.0
2024,9,29,11,1.66,5.9,0.0,6.0,27.0
2024,9,29,12,1.77,6.1,0.0,4.3,15.0
2024,9,29,13,1.89,6.0,0.0,3.1,26.0
2024,9,29,15,1.81,6.1,348.0,1.9,27.0
2024,9,29,16,2.0,6.0,348.0,4.9,27.0
2024,9,29,17,1.74,6.1,0.0,4.4,21.0
2024,9,29,18,1.93,5.9,0.0,2.3,14.0
2024,9,29,19,1.97,6.0,0.0,3.4,38.0
2024,9,29,20,1.99,6.0,11.0,5.1,44.0
2024,9,29,21,1.91,5.9,11.0,6.0,40.0
2024,9,29,22,2.22,6.3,11.0,6.0,39.0
2024,9,29,23,1.9,6.1,22.0,6.1,48.0
2024,9,30,0,1.87,5.8,11.0,7.8,44.0
2024,9,30,1,1.81,5.5,11.0,7.6,43.0
2024,9,30,2,2.44,6.4,0.0,8.5,32.0
2024,9,30,3,1.87,5.8,0.0,7.1,45.0
2024,9,30,4,2.05,6.2,348.0,5.3,47.0
2024,9,30,5,1.91,5.9,0.0,6.1,46.0
2024,9,30,6,1.85,6.1,348.0,5.4,39.0
2024,9,30,7,2.17,6.2,11.0,5.2,61.0
2024,9,30,8,3.05,7.2,0.0,4.4,27.0
2024,9,30,9,2.43,6.6,0.0,5.3,47.0
2024,9,30,10,2.55,6.7,348.0,5.0,51.0
2024,9,30,11,2.29,6.5,348.0,5.3,29.0
2024,9,30,12,2.46,6.5,0.0,5.3,16.0
2024,9,30,13,2.14,6.3,348.0,5.3,350.0
2024,9,30,14,2.06,6.5,348.0,1.8,144.0
2024,9,30,15,1.84,6.1,0.0,1.2,229.0
2024,9,30,16,1.79,6.1,0.0,3.7,349.0
2024,9,30,17,2.25,6.8,0.0,3.6,1.0
2024,9,30,18,2.58,6.9,0.0,2.8,26.0
2024,9,30,20,2.64,6.9,11.0,6.6,13.0
2024,9,30,21,2.96,7.4,0.0,2.1,22.0
2024,9,30,23,2.37,6.4,0.0,1.1,359.0
2024,10,1,0,2.39,6.5,11.0,2.2,154.0
2024,10,1,1,2.04,6.3,0.0,4.4,160.0
2024,10,1,2,1.86,6.4,11.0,2.2,142.0
2024,10,1,4,1.65,6.1,11.0,3.0,259.0
2024,10,1,5,2.01,6.5,11.0,2.6,310.0
2024,10,1,8,2.39,6.7,22.0,4.0,210.0
2024,10,1,9,2.12,6.6,11.0,2.8,207.0
2024,10,1,10,1.8,6.0,11.0,3.8,208.0
2024,10,1,11,1.95,6.3,0.0,5.0,216.0
2024,10,1,12,1.87,6.4,11.0,4.2,227.0
2024,10,1,13,1.86,6.4,0.0,5.3,224.0
2024,10,1,14,1.79,6.2,11.0,5.2,243.0
2024,10,1,15,1.4,6.0,11.0,3.0,261.0
2024,10,1,16,1.51,6.0,0.0,1.3,230.0
2024,10,1,19,1.66,5.9,348.0,2.1,351.0
2024,10,1,20,1.85,5.7,11.0,6.0,15.0
2024,10,1,21,2.71,6.2,348.0,13.3,22.0
2024,10,1,22,3.9,7.1,337.0,12.9,18.0
2024,10,1,23,5.23,8.0,337.0,12.0,23.0
2024,10,2,0,4.27,7.8,337.0,12.9,32.0
2024,10,2,1,4.81,8.2,337.0,11.8,30.0
2024,10,2,2,4.06,7.3,337.0,12.7,26.0
2024,10,2,3,3.7,7.1,337.0,11.5,40.0
2024,10,2,4,4.02,7.2,348.0,15.6,37.0
2024,10,2,5,4.12,7.2,0.0,17.1,33.0
2024,10,2,6,4.37,7.6,0.0,16.6,36.0
2024,10,2,7,4.03,7.5,0.0,16.7,31.0
2024,10,2,8,4.99,8.1,0.0,17.9,34.0
2024,10,2,9,5.44,8.4,0.0,17.9,28.0
2024,10,2,10,5.27,8.5,0.0,17.1,26.0
2024,10,2,11,4.98,8.2,11.0,15.6,28.0
2024,10,2,12,4.86,7.8,0.0,18.3,25.0
2024,10,2,13,4.82,7.7,0.0,18.4,29.0
2024,10,2,14,4.81,7.8,11.0,18.3,32.0
2024,10,2,15,5.48,8.2,11.0,19.2,32.0
2024,10,2,16,4.52,7.5,0.0,19.1,31.0
2024,10,2,17,4.01,7.1,0.0,19.9,34.0
2024,10,2,18,4.67,7.7,11.0,19.9,37.0
2024,10,2,19,4.7,7.4,11.0,19.2,33.0
2024,10,2,21,6.24,9.0,0.0,21.9,34.0
2024,10,2,22,5.86,7.9,11.0,21.4,37.0
2024,10,2,23,5.39,8.2,11.0,19.4,36.0
2024,10,3,0,4.95,7.7,11.0,19.5,36.0
2024,10,3,1,5.46,8.3,11.0,18.8,32.0
2024,10,3,2,4.77,7.4,11.0,19.0,34.0
2024,10,3,3,4.43,7.4,0.0,18.4,33.0
2024,10,3,4,4.25,7.0,11.0,18.2,29.0
2024,10,3,5,4.15,7.1,11.0,18.3,32.0
2024,10,3,6,4.27,7.0,0.0,19.6,33.0
2024,10,3,7,4.27,7.0,0.0,20.2,30.0
2024,10,3,8,4.26,6.7,11.0,19.9,27.0
2024,10,3,9,4.3,7.1,0.0,18.8,32.0
2024,10,3,10,4.39,7.1,0.0,19.3,30.0
2024,10,3,11,4.36,7.1,0.0,19.2,25.0
2024,10,3,12,4.07,6.7,11.0,18.7,24.0
2024,10,3,13,3.68,6.1,22.0,20.0,23.0
2024,10,3,14,3.71,6.4,0.0,19.0,28.0
2024,10,3,15,3.51,6.2,0.0,19.6,25.0
2024,10,3,16,3.54,6.2,11.0,19.8,22.0
2024,10,3,17,3.98,6.5,11.0,19.0,27.0
2024,10,3,18,3.55,6.4,0.0,20.0,26.0
2024,10,3,19,4.36,6.8,22.0,20.0,27.0
2024,10,3,20,4.17,6.6,11.0,20.6,28.0
2024,10,3,21,3.9,6.5,11.0,20.3,34.0
2024,10,3,22,3.71,6.5,11.0,20.1,32.0
2024,10,3,23,3.94,6.7,11.0,18.8,36.0
2024,10,4,0,3.73,6.4,11.0,18.2,34.0
2024,10,4,1,3.56,6.3,11.0,16.4,38.0
2024,10,4,2,3.0,5.6,11.0,16.2,41.0
2024,10,4,3,3.16,6.2,11.0,15.0,41.0
2024,10,4,4,2.87,6.1,0.0,13.9,34.0
2024,10,4,5,2.92,5.9,11.0,15.1,26.0
2024,10,4,6,2.95,6.0,0.0,16.5,25.0
2024,10,4,8,3.02,5.7,0.0,15.6,29.0
2024,10,4,9,2.85,5.6,11.0,15.4,23.0
2024,10,4,10,2.79,5.8,0.0,16.0,27.0
2024,10,4,11,2.33,5.4,11.0,15.4,31.0
2024,10,4,12,2.7,5.7,11.0,13.2,31.0
2024,10,4,13,2.45,5.5,0.0,13.4,28.0
2024,10,4,14,2.69,5.8,0.0,13.2,24.0
2024,10,4,15,2.58,5.6,0.0,13.8,26.0
2024,10,4,16,2.71,5.7,11.0,14.2,28.0
2024,10,4,17,2.77,5.6,0.0,12.6,33.0
2024,10,4,18,2.61,5.9,0.0,13.4,32.0
2024,10,4,19,2.97,6.0,0.0,13.3,31.0
2024,10,4,20,2.62,5.8,11.0,12.7,35.0
2024,10,4,21,2.64,6.0,11.0,13.1,29.0
2024,10,4,23,2.75,5.9,11.0,11.3,31.0
2024,10,5,0,2.35,6.0,11.0,10.4,28.0
2024,10,5,1,2.33,5.5,11.0,11.0,30.0
2024,10,5,2,2.31,5.9,11.0,9.8,26.0
2024,10,5,3,2.02,5.8,11.0,10.1,24.0
2024,10,5,4,2.14,5.9,0.0,9.9,22.0
2024,10,5,5,2.0,5.5,11.0,9.4,20.0
2024,10,5,6,1.91,5.6,0.0,8.4,9.0
2024,10,5,7,2.09,5.9,348.0,7.9,4.0
2024,10,5,8,1.82,5.6,348.0,6.7,7.0
2024,10,5,9,1.77,5.7,348.0,7.3,358.0
2024,10,5,10,1.92,5.5,348.0,6.6,1.0
2024,10,5,11,1.74,5.5,11.0,5.7,15.0
2024,10,5,12,1.65,5.6,11.0,6.6,9.0
2024,10,5,13,1.58,5.0,11.0,6.2,14.0
2024,10,5,14,1.34,4.9,0.0,6.4,11.0
2024,10,5,15,1.38,4.9,11.0,7.8,16.0
2024,10,5,16,1.3,4.8,0.0,7.2,13.0
2024,10,5,17,1.35,4.8,0.0,7.5,8.0
2024,10,5,18,1.13,4.5,0.0,7.3,2.0
2024,10,5,19,1.13,4.6,348.0,6.4,8.0
2024,10,5,20,1.24,4.8,337.0,6.0,3.0
2024,10,5,21,1.07,4.8,348.0,5.4,18.0
2024,10,5,22,1.17,4.9,348.0,4.0,25.0
2024,10,5,23,1.1,5.2,0.0,2.2,13.0
2024,10,6,0,0.98,4.8,0.0,1.6,355.0
2024,10,6,3,1.03,5.3,0.0,1.1,242.0
2024,10,6,4,0.84,5.0,348.0,1.3,268.0
2024,10,6,7,0.91,5.2,337.0,2.5,165.0
2024,10,6,8,0.87,5.2,33.0,2.9,160.0
2024,10,6,9,0.93,5.2,337.0,2.3,185.0
2024,10,6,10,0.99,5.0,0.0,2.2,239.0
2024,10,6,11,0.98,5.2,348.0,1.6,245.0
2024,10,6,12,1.13,5.1,348.0,2.9,285.0
2024,10,6,13,1.13,5.2,0.0,2.5,325.0
2024,10,6,14,1.14,5.1,0.0,4.6,14.0
2024,10,6,15,1.06,4.7,0.0,6.1,14.0
2024,10,6,16,1.01,4.7,348.0,5.1,17.0
2024,10,6,17,1.04,4.7,348.0,5.6,28.0
2024,10,6,18,1.01,4.6,348.0,4.8,17.0
2024,10,6,19,0.99,4.8,337.0,4.9,9.0
2024,10,6,20,0.96,4.6,348.0,4.4,10.0
2024,10,6,21,1.1,5.0,348.0,2.7,2.0
2024,10,6,22,1.09,5.1,11.0,1.8,332.0
2024,10,6,23,1.18,5.3,11.0,2.6,352.0
2024,10,7,0,1.34,5.3,22.0,1.6,28.0
2024,10,7,2,1.07,5.1,0.0,2.1,185.0
2024,10,7,3,1.17,5.1,11.0,3.2,178.0
2024,10,7,4,1.03,5.1,0.0,4.3,169.0
2024,10,7,5,0.93,5.1,348.0,4.5,170.0
2024,10,7,6,0.91,5.3,22.0,3.9,164.0
2024,10,7,7,0.77,5.2,45.0,4.0,162.0
2024,10,7,8,0.94,5.6,22.0,3.5,161.0
2024,10,7,11,1.12,5.5,0.0,2.8,10.0
2024,10,7,12,1.02,5.2,0.0,4.0,17.0
2024,10,7,13,1.24,5.2,11.0,6.2,14.0
2024,10,7,14,1.36,5.1,11.0,8.1,25.0
2024,10,7,15,1.76,5.3,11.0,8.6,28.0
2024,10,7,16,2.04,5.5,11.0,10.5,27.0
2024,10,7,17,2.35,5.6,22.0,10.2,42.0
2024,10,7,18,2.31,5.7,11.0,10.6,27.0
2024,10,7,19,2.04,5.4,22.0,11.4,30.0
2024,10,7,20,2.41,5.7,11.0,10.8,22.0
2024,10,7,21,2.49,6.1,11.0,11.6,21.0
2024,10,7,22,2.41,5.9,11.0,10.9,27.0
2024,10,7,23,2.31,6.1,11.0,10.1,32.0
2024,10,8,0,2.65,6.3,11.0,10.0,33.0
2024,10,8,1,2.18,5.6,11.0,10.5,32.0
2024,10,8,2,2.7,6.4,11.0,10.4,34.0
2024,10,8,3,2.36,5.9,11.0,10.0,43.0
2024,10,8,4,2.46,5.9,22.0,9.9,48.0
2024,10,8,5,2.42,5.9,11.0,9.7,44.0
2024,10,8,6,2.08,5.5,11.0,10.3,40.0
2024,10,8,7,2.11,5.7,11.0,10.8,42.0
2024,10,8,8,2.03,5.8,0.0,8.5,43.0
2024,10,8,9,1.92,5.5,11.0,9.6,41.0
2024,10,8,10,2.17,5.9,0.0,11.7,33.0
2024,10,8,11,2.51,5.7,0.0,13.0,30.0
2024,10,8,12,3.06,6.1,22.0,13.8,32.0
2024,10,8,13,2.89,6.4,11.0,13.7,30.0
2024,10,8,14,3.06,6.0,22.0,14.0,29.0
2024,10,8,15,2.69,5.8,22.0,14.5,33.0
2024,10,8,16,2.55,5.6,11.0,15.2,39.0
2024,10,8,17,2.33,5.4,33.0,15.5,33.0
2024,10,8,18,2.88,6.2,11.0,15.5,35.0
2024,10,8,19,2.82,5.8,11.0,15.7,38.0
2024,10,8,20,3.01,5.9,0.0,14.6,36.0
2024,10,8,21,2.58,5.7,11.0,14.3,35.0
2024,10,8,22,2.8,6.0,11.0,15.5,36.0
2024,10,8,23,2.55,5.8,22.0,13.7,37.0
2024,10,9,0,2.53,5.8,11.0,13.1,43.0
2024,10,9,1,2.87,5.9,11.0,12.4,43.0
2024,10,9,2,2.71,6.2,33.0,11.6,43.0
2024,10,9,3,2.44,5.8,22.0,11.7,44.0
2024,10,9,4,2.27,5.6,22.0,11.5,43.0
2024,10,9,5,2.29,5.6,22.0,12.0,43.0
2024,10,9,6,1.98,5.2,22.0,12.7,39.0
2024,10,9,7,2.05,5.2,22.0,11.7,42.0
2024,10,9,8,2.24,5.5,22.0,11.9,38.0
2024,10,9,9,2.15,5.5,22.0,12.2,35.0
2024,10,9,10,1.9,5.3,11.0,12.1,30.0
2024,10,9,11,2.38,5.6,0.0,12.5,29.0
2024,10,9,12,2.49,5.9,11.0,12.8,25.0
2024,10,9,13,2.94,6.1,11.0,13.8,23.0
2024,10,9,14,2.77,5.9,22.0,12.9,28.0
2024,10,9,15,2.66,5.6,22.0,13.0,29.0
2024,10,9,16,2.53,5.5,22.0,12.9,28.0
2024,10,9,17,2.37,5.2,22.0,13.5,29.0
2024,10,9,18,2.17,5.2,22.0,12.3,34.0
2024,10,9,19,2.23,5.3,22.0,11.8,31.0
2024,10,9,20,2.3,5.3,11.0,11.6,34.0
2024,10,9,21,1.89,5.0,11.0,12.4,40.0
2024,10,9,22,2.11,5.3,11.0,12.4,40.0
2024,10,9,23,2.11,5.4,11.0,12.2,38.0
2024,10,10,0,2.17,5.5,22.0,12.4,34.0
2024,10,10,1,2.05,5.2,22.0,12.6,41.0
2024,10,10,2,2.11,5.2,22.0,11.8,38.0
2024,10,10,3,1.96,5.2,33.0,12.2,40.0
2024,10,10,4,1.89,5.0,22.0,12.0,42.0
2024,10,10,5,2.24,5.5,22.0,13.0,39.0
2024,10,10,6,2.1,5.1,22.0,12.7,41.0
2024,10,10,7,2.04,5.0,22.0,11.6,47.0
2024,10,10,8,2.05,5.1,22.0,13.2,35.0
2024,10,10,9,2.02,5.3,22.0,12.6,37.0
2024,10,10,10,2.03,5.1,22.0,13.0,32.0
2024,10,10,11,2.03,5.3,22.0,13.2,27.0
2024,10,10,12,2.27,5.4,22.0,13.3,24.0
2024,10,10,13,2.37,5.6,22.0,13.3,20.0
2024,10,10,14,2.27,5.4,22.0,12.7,24.0
2024,10,10,15,2.33,5.4,22.0,13.5,18.0
2024,10,10,16,2.5,5.5,33.0,13.1,21.0
2024,10,10,17,2.46,5.4,33.0,13.1,24.0
2024,10,10,18,2.22,5.1,22.0,12.4,26.0
2024,10,10,19,1.75,4.9,22.0,12.2,27.0
2024,10,10,20,1.81,4.9,33.0,11.8,35.0
2024,10,10,21,1.92,5.0,33.0,11.3,37.0
2024,10,10,22,1.8,4.9,22.0,11.6,42.0
2024,10,10,23,1.77,5.0,33.0,10.3,41.0
2024,10,11,0,1.86,5.0,22.0,11.7,39.0
2024,10,11,1,1.83,5.0,11.0,12.7,45.0
2024,10,11,2,2.12,5.2,22.0,11.3,44.0
2024,10,11,3,1.97,5.2,22.0,11.1,38.0
2024,10,11,4,1.99,5.4,22.0,11.5,41.0
2024,10,11,5,1.97,5.2,22.0,10.4,45.0
2024,10,11,6,1.96,5.1,22.0,10.7,44.0
2024,10,11,7,1.89,5.1,22.0,10.3,48.0
2024,10,11,8,1.98,5.4,33.0,10.7,46.0
2024,10,11,9,1.8,5.1,33.0,10.1,42.0
2024,10,11,10,1.79,5.1,22.0,10.0,40.0
2024,10,11,11,1.78,5.2,11.0,10.6,25.0
2024,10,11,12,1.99,5.4,11.0,11.8,21.0
2024,10,11,13,2.35,5.5,22.0,13.2,21.0
2024,10,11,14,2.16,5.4,11.0,13.8,25.0
2024,10,11,15,2.44,5.6,22.0,13.1,25.0
2024,10,11,16,3.07,6.2,22.0,14.0,30.0
2024,10,11,17,2.42,5.6,22.0,14.2,33.0
2024,10,11,18,2.49,5.5,22.0,12.9,32.0
2024,10,11,19,2.39,5.4,22.0,12.2,30.0
2024,10,11,20,2.07,5.0,22.0,12.7,35.0
2024,10,11,21,2.22,5.3,22.0,12.3,36.0
2024,10,11,22,2.06,5.2,11.0,11.7,35.0
2024,10,11,23,1.75,5.0,33.0,10.9,37.0
2024,10,12,0,1.99,5.3,11.0,10.5,37.0
2024,10,12,1,1.92,5.3,11.0,10.2,42.0
2024,10,12,2,1.89,5.3,22.0,8.4,46.0
2024,10,12,3,1.82,5.3,11.0,8.9,45.0
2024,10,12,4,1.63,5.2,11.0,9.8,38.0
2024,10,12,5,1.74,5.2,22.0,8.1,48.0
2024,10,12,6,1.76,5.5,11.0,6.8,43.0
2024,10,12,7,1.6,5.4,11.0,6.6,41.0
2024,10,12,8,1.76,5.6,11.0,5.9,46.0
2024,10,12,9,1.44,5.3,11.0,5.6,43.0
2024,10,12,10,1.43,5.2,11.0,6.6,43.0
2024,10,12,11,1.55,5.4,11.0,7.1,38.0
2024,10,12,12,1.73,5.3,0.0,8.7,28.0
2024,10,12,13,2.04,5.5,0.0,9.6,20.0
2024,10,12,14,2.09,5.7,11.0,9.7,21.0
2024,10,12,15,2.08,5.5,11.0,10.1,18.0
2024,10,12,16,2.51,5.8,11.0,10.1,18.0
2024,10,12,17,2.18,5.8,22.0,10.0,22.0
2024,10,12,18,2.31,5.8,11.0,10.3,19.0
2024,10,12,19,2.12,5.5,22.0,10.7,26.0
2024,10,12,20,2.24,5.7,22.0,9.9,31.0
2024,10,12,21,2.18,5.6,22.0,8.6,29.0
2024,10,12,22,1.95,5.7,22.0,8.1,34.0
2024,10,12,23,1.78,5.4,11.0,7.4,33.0
2024,10,13,0,1.6,5.5,11.0,5.8,40.0
2024,10,13,1,1.58,5.5,11.0,5.2,40.0
2024,10,13,2,1.43,5.3,11.0,5.1,38.0
2024,10,13,3,1.51,5.7,348.0,3.3,55.0
2024,10,13,4,1.59,5.7,348.0,3.3,45.0
2024,10,13,5,1.59,5.6,11.0,3.2,44.0
2024,10,13,6,1.54,5.5,22.0,4.6,45.0
2024,10,13,7,1.39,5.4,11.0,3.3,52.0
2024,10,13,8,1.46,5.6,22.0,3.9,39.0
2024,10,13,9,1.38,5.4,11.0,2.9,37.0
2024,10,13,10,1.14,5.3,11.0,3.1,14.0
2024,10,13,11,1.21,5.2,348.0,3.9,12.0
2024,10,13,12,1.07,5.4,348.0,4.1,6.0
2024,10,13,13,1.1,5.3,0.0,4.2,24.0
2024,10,13,14,1.17,5.0,11.0,5.3,8.0
2024,10,13,15,1.11,4.9,11.0,6.3,359.0
2024,10,13,16,1.17,4.9,22.0,6.5,2.0
2024,10,13,17,1.25,5.0,22.0,5.9,8.0
2024,10,13,18,1.54,5.3,11.0,5.8,8.0
2024,10,13,19,1.58,5.2,11.0,4.5,7.0
2024,10,13,20,1.51,5.1,0.0,3.4,13.0
2024,10,13,21,1.49,5.4,11.0,1.4,20.0
2024,10,14,2,1.06,5.2,0.0,1.2,182.0
2024,10,14,4,1.1,5.6,11.0,1.3,198.0
2024,10,14,5,1.14,5.7,11.0,1.6,192.0
2024,10,14,6,1.15,5.4,0.0,1.1,130.0
2024,10,14,8,1.14,5.4,0.0,1.2,66.0
2024,10,14,9,1.13,5.3,11.0,2.7,33.0
2024,10,14,10,1.07,5.0,11.0,2.3,16.0
2024,10,14,11,1.04,5.1,11.0,2.8,339.0
2024,10,14,12,0.91,5.0,11.0,2.9,335.0
2024,10,14,13,0.85,4.9,348.0,3.7,334.0
2024,10,14,14,0.86,5.1,0.0,4.0,342.0
2024,10,14,15,0.82,4.9,0.0,4.9,349.0
2024,10,14,16,0.88,4.8,11.0,5.6,3.0
2024,10,14,17,0.99,4.6,0.0,5.7,13.0
2024,10,14,18,1.02,4.6,11.0,5.7,14.0
2024,10,14,19,1.01,4.7,11.0,6.6,12.0
2024,10,14,20,1.17,4.7,22.0,4.3,12.0
2024,10,14,21,1.29,4.9,22.0,3.7,21.0
2024,10,14,22,1.28,5.0,33.0,2.0,44.0
2024,10,14,23,1.11,4.9,22.0,1.8,358.0
2024,10,15,0,0.93,4.8,11.0,1.2,323.0
2024,10,15,1,0.87,4.7,0.0,2.2,328.0
2024,10,15,2,0.79,4.8,0.0,1.6,320.0
2024,10,15,3,0.71,4.6,0.0,2.9,334.0
2024,10,15,4,0.77,4.9,11.0,3.3,346.0
2024,10,15,5,0.64,4.5,0.0,3.3,20.0
2024,10,15,6,0.7,4.5,22.0,1.5,10.0
2024,10,15,7,0.64,4.5,11.0,1.7,358.0
2024,10,15,8,0.78,4.5,11.0,1.4,350.0
2024,10,15,10,0.83,4.6,0.0,2.7,10.0
2024,10,15,11,0.64,4.5,11.0,2.5,358.0
2024,10,15,12,0.61,4.2,22.0,4.3,349.0
2024,10,15,13,0.61,4.4,11.0,4.5,345.0
2024,10,15,14,0.61,4.2,0.0,4.5,353.0
2024,10,15,15,0.59,4.1,0.0,5.0,6.0
2024,10,15,16,0.62,3.9,0.0,5.9,11.0
2024,10,15,17,0.74,4.1,11.0,6.7,9.0
2024,10,15,18,0.95,4.3,0.0,7.0,13.0
2024,10,15,19,1.42,4.9,11.0,7.2,17.0
2024,10,15,20,2.11,5.7,11.0,6.8,26.0
2024,10,15,21,1.74,5.4,11.0,5.2,29.0
2024,10,15,22,1.6,5.5,22.0,3.4,34.0
2024,10,15,23,1.57,5.2,11.0,2.4,27.0
2024,10,16,0,1.39,5.4,33.0,2.8,57.0
2024,10,16,1,1.2,5.1,33.0,2.9,61.0
2024,10,16,2,1.0,4.9,22.0,1.5,69.0
2024,10,16,3,1.06,5.2,11.0,4.2,46.0
2024,10,16,4,1.09,4.9,22.0,4.4,36.0
2024,10,16,5,1.01,5.0,11.0,4.9,49.0
2024,10,16,6,1.13,5.1,22.0,5.4,48.0
2024,10,16,7,1.31,5.1,22.0,5.1,33.0
2024,10,16,8,1.11,4.9,22.0,5.7,32.0
2024,10,16,9,1.2,5.2,22.0,4.8,42.0
2024,10,16,10,1.19,5.0,22.0,5.8,34.0
2024,10,16,11,1.26,5.2,22.0,5.8,15.0
2024,10,16,12,1.42,4.8,22.0,8.5,23.0
2024,10,16,13,1.59,5.0,22.0,9.1,21.0
2024,10,16,14,1.48,4.9,11.0,10.0,23.0
2024,10,16,15,1.72,5.1,22.0,10.0,19.0
2024,10,16,16,1.95,5.3,22.0,11.7,22.0
2024,10,16,17,2.25,5.6,22.0,11.9,24.0
2024,10,16,18,2.2,5.7,22.0,12.3,27.0
2024,10,16,19,2.68,6.0,22.0,10.7,34.0
2024,10,16,20,2.45,5.9,33.0,10.1,35.0
2024,10,16,21,2.2,5.7,11.0,10.2,31.0
2024,10,16,22,2.42,5.6,11.0,9.3,31.0
2024,10,16,23,2.12,5.4,33.0,9.3,45.0
2024,10,17,0,2.23,5.7,33.0,7.9,40.0
2024,10,17,1,1.79,5.3,22.0,7.7,42.0
2024,10,17,2,1.72,5.4,11.0,5.9,42.0
2024,10,17,3,2.09,5.8,22.0,5.1,53.0
2024,10,17,4,1.47,5.6,22.0,4.5,45.0
2024,10,17,5,1.37,5.4,11.0,4.2,51.0
2024,10,17,6,1.42,5.5,0.0,3.1,57.0
2024,10,17,7,1.48,5.6,22.0,2.2,39.0
2024,10,17,8,1.6,5.8,22.0,3.1,39.0
2024,10,17,9,1.4,5.4,22.0,4.5,31.0
2024,10,17,10,1.23,5.5,0.0,4.2,13.0
2024,10,17,11,1.27,5.1,11.0,4.3,23.0
2024,10,17,12,1.26,5.1,11.0,4.4,24.0
2024,10,17,13,1.25,5.2,11.0,4.8,18.0
2024,10,17,14,1.09,5.0,11.0,5.5,17.0
2024,10,17,15,1.07,4.9,11.0,6.9,14.0
2024,10,17,16,1.08,4.6,0.0,7.3,24.0
2024,10,17,17,1.05,4.6,348.0,7.9,27.0
2024,10,17,18,1.34,5.0,11.0,7.4,25.0
2024,10,17,19,1.29,4.7,0.0,7.2,26.0
2024,10,17,20,1.52,5.1,11.0,7.1,26.0
2024,10,17,21,1.44,5.0,22.0,6.5,35.0
2024,10,17,22,1.31,4.9,22.0,4.8,31.0
2024,10,17,23,1.37,5.1,22.0,4.0,33.0
2024,10,18,0,1.2,4.9,22.0,2.6,45.0
2024,10,18,5,0.79,4.9,0.0,1.6,353.0
2024,10,18,6,0.68,4.8,11.0,2.6,12.0
2024,10,18,7,0.66,4.8,22.0,2.9,23.0
2024,10,18,8,0.6,4.5,22.0,2.3,29.0
2024,10,18,9,0.77,4.8,0.0,2.1,21.0
2024,10,18,11,0.88,4.8,22.0,2.8,350.0
2024,10,18,13,0.88,4.7,11.0,3.7,347.0
2024,10,18,14,0.86,4.7,11.0,4.8,348.0
2024,10,18,15,0.73,4.2,11.0,5.4,358.0
2024,10,18,16,0.81,4.3,11.0,5.3,12.0
2024,10,18,17,0.69,4.1,11.0,5.2,23.0
2024,10,18,18,0.73,4.2,11.0,5.3,19.0
2024,10,18,19,0.64,4.1,0.0,5.0,31.0
2024,10,18,20,0.64,4.2,33.0,5.0,30.0
2024,10,18,21,0.65,4.3,11.0,4.0,30.0
2024,10,18,22,0.66,4.2,22.0,3.3,21.0
2024,10,18,23,0.65,4.4,33.0,2.9,14.0
2024,10,19,0,0.65,4.4,22.0,4.6,349.0
2024,10,19,1,0.63,4.3,22.0,3.9,6.0
2024,10,19,2,0.62,4.3,11.0,4.4,17.0
2024,10,19,3,0.69,4.3,22.0,3.9,21.0
2024,10,19,4,0.51,4.0,11.0,3.4,19.0
2024,10,19,5,0.46,4.0,11.0,3.3,3.0
2024,10,19,6,0.47,4.1,0.0,3.3,24.0
2024,10,19,7,0.42,4.0,0.0,3.8,355.0
2024,10,19,8,0.44,3.9,22.0,3.9,3.0
2024,10,19,9,0.51,4.2,11.0,4.3,2.0
2024,10,19,10,0.51,4.0,348.0,4.6,356.0
2024,10,19,11,0.63,4.1,0.0,5.4,351.0
2024,10,19,12,0.67,4.3,22.0,4.9,7.0
2024,10,19,13,0.72,4.2,22.0,3.8,359.0
2024,10,19,14,0.78,4.3,22.0,4.7,17.0
2024,10,19,15,0.77,3.8,348.0,7.4,25.0
2024,10,19,16,0.95,4.1,348.0,7.4,26.0
2024,10,19,17,1.23,4.3,0.0,9.2,30.0
2024,10,19,18,1.77,5.0,11.0,10.7,30.0
2024,10,19,19,2.16,5.3,22.0,12.1,36.0
2024,10,19,20,2.68,5.9,22.0,13.6,32.0
2024,10,19,21,2.9,6.2,22.0,14.1,27.0
2024,10,19,22,3.79,6.7,22.0,13.7,28.0
2024,10,19,23,3.72,6.7,11.0,14.0,29.0
2024,10,20,0,3.51,6.7,22.0,13.5,37.0
2024,10,20,1,3.25,6.4,33.0,13.9,40.0
2024,10,20,2,3.11,6.2,11.0,13.7,39.0
2024,10,20,3,2.83,6.1,11.0,13.4,39.0
2024,10,20,4,2.49,5.6,11.0,13.6,37.0
2024,10,20,5,2.89,5.9,11.0,13.3,38.0
2024,10,20,6,2.54,5.8,11.0,14.0,35.0
2024,10,20,7,2.78,6.3,0.0,14.6,33.0
2024,10,20,8,3.01,6.0,348.0,15.0,27.0
2024,10,20,9,3.43,6.5,0.0,14.7,29.0
2024,10,20,10,3.38,6.6,0.0,14.8,32.0
2024,10,20,11,3.62,6.6,0.0,14.2,28.0
2024,10,20,12,3.67,6.3,11.0,13.9,32.0
2024,10,20,13,3.37,6.2,11.0,14.5,34.0
2024,10,20,14,3.22,6.3,11.0,14.6,34.0
2024,10,20,15,3.19,6.2,11.0,14.0,35.0
2024,10,20,16,3.1,6.0,11.0,14.8,33.0
2024,10,20,17,2.96,6.0,11.0,13.8,34.0
2024,10,20,18,2.6,5.7,11.0,13.0,33.0
2024,10,20,19,2.36,5.6,11.0,13.4,35.0
2024,10,20,20,2.79,5.9,0.0,13.4,32.0
2024,10,20,21,3.16,6.3,0.0,14.1,34.0
2024,10,20,22,2.82,6.1,11.0,13.2,31.0
2024,10,20,23,2.8,6.0,11.0,12.3,35.0
2024,10,21,0,2.95,6.2,33.0,11.3,39.0
2024,10,21,1,2.65,5.9,22.0,11.7,38.0
2024,10,21,2,2.75,5.7,22.0,11.0,39.0
2024,10,21,4,2.17,5.5,22.0,10.2,36.0
2024,10,21,5,2.23,5.7,11.0,9.8,46.0
2024,10,21,6,1.81,5.2,11.0,9.5,42.0
2024,10,21,7,1.97,5.5,11.0,9.3,41.0
2024,10,21,8,1.85,5.4,0.0,9.3,35.0
2024,10,21,9,2.07,5.7,0.0,9.0,35.0
2024,10,21,10,2.02,5.6,0.0,11.3,25.0
2024,10,21,11,2.36,5.7,22.0,10.4,25.0
2024,10,21,12,2.51,5.9,11.0,11.2,22.0
2024,10,21,13,2.45,5.5,11.0,10.7,25.0
2024,10,21,14,2.44,5.6,22.0,11.1,29.0
2024,10,21,15,2.66,5.6,22.0,11.4,29.0
2024,10,21,16,2.28,5.3,22.0,11.5,29.0
2024,10,21,17,2.28,5.2,22.0,11.9,33.0
2024,10,21,18,2.11,5.4,11.0,11.2,31.0
2024,10,21,19,2.1,5.4,11.0,10.4,30.0
2024,10,21,20,1.99,5.5,0.0,9.6,25.0
2024,10,21,21,2.0,5.4,0.0,9.1,20.0
2024,10,21,22,2.07,5.4,11.0,8.2,25.0
2024,10,21,23,2.22,5.9,11.0,6.6,30.0
2024,10,22,0,2.12,5.9,11.0,5.0,35.0
2024,10,22,1,2.13,6.0,11.0,5.5,36.0
2024,10,22,2,2.1,6.0,22.0,5.5,40.0
2024,10,22,3,1.67,5.8,22.0,5.5,51.0
2024,10,22,4,2.05,6.4,22.0,5.3,47.0
2024,10,22,5,1.8,6.0,11.0,4.9,40.0
2024,10,22,6,1.74,6.0,11.0,6.2,34.0
2024,10,22,7,1.77,5.9,11.0,6.5,35.0
2024,10,22,8,1.59,5.5,0.0,6.9,33.0
2024,10,22,9,1.86,5.7,0.0,6.4,40.0
2024,10,22,10,1.66,5.4,22.0,7.3,35.0
2024,10,22,11,2.24,5.8,11.0,10.3,24.0
2024,10,22,12,2.18,5.5,11.0,12.2,27.0
2024,10,22,13,2.55,5.8,11.0,12.7,24.0
2024,10,22,14,2.75,5.8,22.0,13.4,25.0
2024,10,22,15,3.0,5.9,22.0,14.8,27.0
2024,10,22,16,2.87,5.8,22.0,14.5,31.0
2024,10,22,17,2.98,5.6,22.0,15.2,32.0
2024,10,22,18,2.81,5.8,22.0,15.2,31.0
2024,10,22,19,3.0,5.9,11.0,15.6,36.0
2024,10,22,20,2.77,5.8,11.0,15.6,35.0
2024,10,22,21,3.02,6.0,11.0,16.2,34.0
2024,10,22,22,2.82,5.8,11.0,16.5,31.0
2024,10,22,23,2.83,5.8,0.0,16.4,28.0
2024,10,23,0,2.86,5.8,11.0,16.9,30.0
2024,10,23,1,3.35,6.1,0.0,17.3,30.0
2024,10,23,2,3.73,6.4,11.0,17.4,32.0
2024,10,23,3,3.53,6.0,22.0,18.4,35.0
2024,10,23,4,3.56,6.3,11.0,18.6,33.0
2024,10,23,5,3.41,5.9,0.0,18.6,33.0
2024,10,23,6,3.29,6.0,11.0,18.2,32.0
2024,10,23,7,3.4,6.2,11.0,19.8,35.0
2024,10,23,8,4.14,6.7,11.0,20.0,33.0
2024,10,23,9,3.77,6.7,11.0,20.2,31.0
2024,10,23,10,3.94,6.7,11.0,19.5,32.0
2024,10,23,11,3.79,6.3,11.0,20.4,28.0
2024,10,23,12,3.86,6.2,0.0,20.0,29.0
2024,10,23,13,4.46,6.8,11.0,19.9,30.0
2024,10,23,14,3.93,6.3,11.0,20.1,29.0
2024,10,23,15,4.12,6.4,11.0,19.9,29.0
2024,10,23,16,3.95,6.6,11.0,20.1,31.0
2024,10,23,17,3.69,6.1,11.0,20.2,35.0
2024,10,23,18,3.8,6.1,22.0,19.9,34.0
2024,10,23,19,3.96,6.4,11.0,19.3,35.0
2024,10,23,20,3.58,5.9,22.0,20.1,33.0
2024,10,23,21,3.53,5.9,22.0,19.4,35.0
2024,10,23,22,3.62,5.8,11.0,19.0,34.0
2024,10,23,23,3.74,6.3,22.0,20.7,34.0
2024,10,24,0,3.4,5.8,11.0,20.3,32.0
2024,10,24,1,4.38,6.5,0.0,19.7,28.0
2024,10,24,2,3.59,6.0,11.0,20.0,31.0
2024,10,24,3,3.96,6.3,11.0,20.4,30.0
2024,10,24,4,3.99,6.3,22.0,19.6,33.0
2024,10,24,5,3.84,6.3,11.0,20.9,29.0
2024,10,24,6,4.12,6.3,11.0,19.8,28.0
2024,10,24,7,3.87,6.1,22.0,19.9,31.0
2024,10,24,8,4.25,6.3,22.0,20.4,32.0
2024,10,24,9,4.19,6.8,11.0,20.3,31.0
2024,10,24,10,3.72,6.1,0.0,19.9,30.0
2024,10,24,11,3.95,6.3,22.0,19.9,28.0
2024,10,24,12,3.37,5.7,11.0,21.2,30.0
2024,10,24,14,3.92,6.1,22.0,19.0,30.0
2024,10,24,15,3.73,6.3,0.0,20.2,31.0
2024,10,24,16,3.7,6.0,11.0,20.3,34.0
2024,10,24,17,3.55,6.1,22.0,20.1,34.0
2024,10,24,18,3.56,6.1,11.0,20.5,27.0
2024,10,24,19,4.19,6.5,22.0,19.7,28.0
2024,10,24,20,3.94,6.4,11.0,19.8,28.0
2024,10,24,21,3.95,6.4,11.0,18.6,29.0
2024,10,24,22,4.01,6.4,11.0,18.6,32.0
2024,10,24,23,4.17,7.3,11.0,18.5,33.0
2024,10,25,0,3.61,6.2,11.0,19.0,32.0
2024,10,25,1,3.76,6.4,0.0,19.3,33.0
2024,10,25,2,3.54,6.2,11.0,17.9,32.0
2024,10,25,3,3.91,6.4,11.0,19.4,35.0
2024,10,25,4,3.22,5.7,11.0,17.9,31.0
2024,10,25,5,3.88,6.8,11.0,17.7,32.0
2024,10,25,6,3.36,6.2,0.0,17.5,30.0
2024,10,25,7,3.68,6.8,11.0,16.7,30.0
2024,10,25,8,3.29,6.0,11.0,15.4,34.0
2024,10,25,9,3.37,6.0,11.0,16.3,29.0
2024,10,25,10,3.07,6.1,11.0,15.2,31.0
2024,10,25,11,3.02,5.8,11.0,14.9,28.0
2024,10,25,12,3.12,6.4,11.0,15.3,27.0
2024,10,25,13,3.08,6.0,11.0,15.5,26.0
2024,10,25,14,2.85,5.9,0.0,13.4,25.0
2024,10,25,16,2.79,6.0,0.0,11.4,17.0
2024,10,25,17,2.79,6.0,0.0,10.8,23.0
2024,10,25,18,2.55,6.2,0.0,8.7,19.0
2024,10,25,19,2.55,6.2,11.0,7.0,16.0
2024,10,25,20,2.84,6.6,0.0,5.6,17.0
2024,10,25,21,2.55,6.4,11.0,5.2,23.0
2024,10,25,22,2.62,6.8,0.0,3.5,30.0
2024,10,25,23,2.27,6.3,348.0,2.3,27.0
2024,10,26,0,2.2,6.3,0.0,2.2,28.0
2024,10,26,1,2.6,6.8,348.0,3.0,159.0
2024,10,26,2,2.24,6.5,337.0,2.8,203.0
2024,10,26,3,2.34,6.9,337.0,2.9,191.0
2024,10,26,4,2.1,6.4,337.0,1.6,244.0
2024,10,26,5,1.9,6.8,337.0,2.1,168.0
2024,10,26,6,1.52,5.9,326.0,3.4,194.0
2024,10,26,7,1.64,6.2,337.0,3.7,217.0
2024,10,26,8,1.73,6.1,337.0,2.9,215.0
2024,10,26,9,1.72,6.1,337.0,2.0,274.0
2024,10,26,10,1.65,5.9,337.0,2.2,275.0
2024,10,26,11,1.42,5.8,337.0,3.3,299.0
2024,10,26,12,1.57,5.9,326.0,4.5,313.0
2024,10,26,13,1.53,5.9,348.0,4.3,312.0
2024,10,26,14,1.56,5.6,348.0,5.4,326.0
2024,10,26,15,1.38,5.3,348.0,6.0,347.0
2024,10,26,16,1.46,5.1,348.0,5.3,356.0
2024,10,26,17,1.48,5.3,348.0,4.5,358.0
2024,10,26,18,1.54,5.5,348.0,4.1,2.0
2024,10,26,19,1.44,5.2,0.0,5.4,9.0
2024,10,26,20,1.67,5.6,0.0,4.8,2.0
2024,10,26,21,1.49,5.4,348.0,4.7,358.0
2024,10,26,22,1.52,5.6,348.0,5.5,357.0
2024,10,26,23,1.43,5.3,337.0,5.5,359.0
2024,10,27,0,1.46,5.4,348.0,4.3,6.0
2024,10,27,1,1.32,5.6,337.0,2.1,6.0
2024,10,27,2,1.16,5.5,337.0,1.8,320.0
2024,10,27,3,1.15,5.5,348.0,2.4,311.0
2024,10,27,4,1.17,5.7,348.0,1.2,318.0
2024,10,27,5,1.25,5.8,0.0,2.1,327.0
2024,10,27,6,1.26,6.1,11.0,1.3,341.0
2024,10,27,10,1.15,5.7,0.0,1.4,320.0
2024,10,27,11,1.35,5.7,337.0,2.3,316.0
2024,10,27,12,1.27,5.5,337.0,3.2,332.0
2024,10,27,13,1.21,5.6,348.0,4.8,3.0
2024,10,27,14,1.33,5.4,348.0,6.2,14.0
2024,10,27,15,1.4,5.5,348.0,6.2,16.0
2024,10,27,16,1.44,5.2,348.0,8.2,17.0
2024,10,27,17,1.42,4.9,11.0,7.2,17.0
2024,10,27,18,1.69,5.6,0.0,8.4,19.0
2024,10,27,19,1.86,5.4,11.0,8.6,27.0
2024,10,27,20,2.04,5.7,11.0,9.0,25.0
2024,10,27,21,2.04,5.6,22.0,9.5,25.0
2024,10,27,22,1.95,5.5,22.0,8.6,27.0
2024,10,27,23,1.95,5.5,22.0,9.1,28.0
2024,10,28,0,1.9,5.5,11.0,9.8,23.0
2024,10,28,1,2.14,5.5,22.0,11.2,26.0
2024,10,28,2,2.06,5.4,22.0,12.5,30.0
2024,10,28,3,2.32,5.8,22.0,11.9,31.0
2024,10,28,4,2.4,5.7,11.0,13.3,28.0
2024,10,28,5,2.71,6.2,11.0,13.2,34.0
2024,10,28,6,3.0,6.6,22.0,14.0,33.0
2024,10,28,7,2.65,6.3,22.0,14.3,31.0
2024,10,28,8,3.03,6.5,11.0,13.6,34.0
2024,10,28,9,2.59,6.0,11.0,13.9,34.0
2024,10,28,10,3.27,6.7,22.0,14.2,34.0
2024,10,28,11,3.11,6.8,11.0,14.3,30.0
2024,10,28,12,2.98,6.2,11.0,14.1,34.0
2024,10,28,13,2.93,6.2,11.0,14.9,37.0
2024,10,28,14,2.9,6.2,11.0,14.5,32.0
2024,10,28,15,2.79,5.8,11.0,14.6,32.0
2024,10,28,16,2.88,5.9,11.0,15.7,30.0
2024,10,28,17,2.82,5.9,11.0,15.0,24.0
2024,10,28,18,3.16,5.8,11.0,15.1,30.0
2024,10,28,19,3.5,6.2,11.0,16.6,30.0
2024,10,28,20,3.17,5.9,22.0,14.3,26.0
2024,10,28,21,2.7,6.1,11.0,13.4,28.0
2024,10,28,22,3.32,6.3,11.0,14.7,30.0
2024,10,28,23,3.34,6.4,11.0,14.8,29.0
2024,10,29,0,2.97,6.1,11.0,13.9,33.0
2024,10,29,1,2.93,5.9,22.0,15.2,32.0
2024,10,29,2,2.78,5.7,11.0,15.0,36.0
2024,10,29,3,2.72,5.9,11.0,14.7,32.0
2024,10,29,4,3.0,6.0,11.0,15.0,34.0
2024,10,29,5,3.01,5.8,0.0,14.4,33.0
2024,10,29,6,2.99,6.1,11.0,15.2,37.0
2024,10,29,7,3.28,6.4,22.0,15.3,37.0
2024,10,29,8,2.86,5.9,11.0,15.2,31.0
2024,10,29,9,2.75,5.7,33.0,14.8,38.0
2024,10,29,10,2.84,5.8,11.0,13.4,32.0
2024,10,29,11,2.46,5.4,0.0,15.9,28.0
2024,10,29,12,2.98,5.7,11.0,16.0,27.0
2024,10,29,13,2.97,5.8,22.0,16.7,33.0
2024,10,29,14,2.84,5.7,11.0,16.8,31.0
2024,10,29,15,2.69,5.6,11.0,17.1,25.0
2024,10,29,16,2.99,5.8,11.0,16.8,32.0
2024,10,29,17,3.16,5.9,11.0,17.7,31.0
2024,10,29,18,3.12,5.9,11.0,17.0,31.0
2024,10,29,19,3.37,6.1,22.0,16.6,34.0
2024,10,29,20,3.13,6.0,11.0,15.6,27.0
2024,10,29,21,3.24,6.1,11.0,17.1,38.0
2024,10,29,22,2.98,6.0,22.0,15.4,28.0
2024,10,29,23,3.33,6.0,11.0,15.6,35.0
2024,10,30,0,3.09,5.9,11.0,16.8,35.0
2024,10,30,1,2.82,5.6,22.0,17.4,33.0
2024,10,30,2,2.97,5.7,22.0,17.0,29.0
2024,10,30,3,2.81,5.7,22.0,17.3,28.0
2024,10,30,4,2.76,6.0,11.0,17.8,29.0
2024,10,30,5,3.37,6.1,22.0,17.6,27.0
2024,10,30,6,3.26,6.2,11.0,17.1,25.0
2024,10,30,7,3.36,6.2,11.0,18.3,34.0
2024,10,30,8,3.43,6.4,11.0,18.6,34.0
2024,10,30,9,3.52,6.2,22.0,17.3,36.0
2024,10,30,10,3.13,5.9,11.0,17.0,30.0
2024,10,30,11,2.93,5.7,11.0,16.5,25.0
2024,10,30,12,3.16,6.0,11.0,17.4,29.0
2024,10,30,13,3.49,6.1,11.0,17.8,30.0
2024,10,30,14,3.26,5.8,11.0,17.5,30.0
2024,10,30,15,2.86,5.7,11.0,17.5,31.0
2024,10,30,16,3.09,6.1,22.0,18.1,32.0
2024,10,30,17,3.57,6.2,11.0,18.7,33.0
2024,10,30,18,3.33,6.0,11.0,18.5,31.0
2024,10,30,19,3.6,6.3,11.0,18.6,34.0
2024,10,30,20,3.63,6.4,11.0,18.3,31.0
2024,10,30,21,4.02,6.6,11.0,18.0,33.0
2024,10,30,22,3.56,6.3,11.0,17.9,24.0
2024,10,30,23,3.44,6.2,0.0,19.2,31.0
2024,10,31,0,3.4,5.9,22.0,19.9,34.0
2024,10,31,1,3.69,6.5,0.0,19.3,29.0
2024,10,31,2,4.06,6.8,22.0,19.9,30.0
2024,10,31,3,3.83,6.4,22.0,20.1,30.0
2024,10,31,4,4.0,6.4,11.0,21.3,29.0
2024,10,31,5,4.35,6.7,11.0,21.8,28.0
2024,10,31,6,4.2,6.5,11.0,21.5,27.0
2024,10,31,7,4.36,6.8,0.0,21.2,29.0
2024,10,31,8,4.16,6.6,11.0,20.7,24.0
2024,10,31,10,4.07,6.6,11.0,21.2,22.0
2024,10,31,11,4.61,7.1,0.0,20.9,18.0
2024,10,31,12,4.15,6.9,0.0,21.5,30.0
2024,10,31,13,4.85,7.0,0.0,21.9,27.0
2024,10,31,14,4.6,7.0,22.0,21.9,33.0
2024,10,31,15,4.09,6.6,0.0,21.7,40.0
2024,10,31,16,3.88,6.2,0.0,18.8,30.0
2024,10,31,17,4.25,7.2,0.0,10.4,43.0
2024,10,31,18,3.59,7.3,0.0,9.6,147.0
2024,10,31,19,2.35,6.6,0.0,8.1,172.0
2024,10,31,20,2.49,8.2,22.0,7.7,125.0
2024,10,31,21,1.93,6.9,33.0,9.9,138.0
2024,10,31,22,1.71,5.5,11.0,12.9,165.0
2024,11,1,0,1.91,4.8,202.0,16.5,185.0
2024,11,1,1,2.26,5.3,0.0,17.4,195.0
2024,11,1,2,2.26,4.9,225.0,18.5,199.0
2024,11,1,3,2.04,4.8,225.0,15.7,209.0
2024,11,1,4,2.23,5.1,236.0,16.5,208.0
2024,11,1,5,2.01,4.9,258.0,13.3,213.0
2024,11,1,6,2.04,4.7,236.0,12.4,208.0
2024,11,1,7,1.99,4.8,258.0,12.1,212.0
2024,11,1,8,1.73,4.6,270.0,11.2,204.0
2024,11,1,9,1.46,4.6,281.0,10.7,217.0
2024,11,1,10,1.57,4.4,247.0,10.1,226.0
2024,11,1,11,1.3,4.3,270.0,9.6,236.0
2024,11,1,12,1.62,4.3,236.0,9.7,235.0
2024,11,1,13,1.34,4.1,236.0,9.3,239.0
2024,11,1,14,1.21,4.0,236.0,8.5,251.0
2024,11,1,15,1.06,4.3,281.0,6.9,251.0
2024,11,1,16,0.95,4.3,258.0,6.6,272.0
2024,11,1,17,0.9,4.3,270.0,3.6,303.0
2024,11,1,18,0.85,4.3,270.0,1.3,301.0
2024,11,1,21,0.85,4.7,22.0,1.1,99.0
2024,11,1,22,0.74,4.9,258.0,2.2,46.0
2024,11,1,23,0.53,4.1,258.0,3.4,28.0
2024,11,2,0,0.52,4.7,22.0,3.7,46.0
2024,11,2,1,0.51,4.5,56.0,4.7,40.0
2024,11,2,2,0.56,4.1,337.0,5.5,44.0
2024,11,2,3,0.59,3.7,33.0,6.6,30.0
2024,11,2,4,0.68,4.0,33.0,6.8,36.0
2024,11,2,5,0.67,4.0,22.0,8.0,36.0
2024,11,2,6,0.91,4.2,22.0,8.7,41.0
2024,11,2,7,1.19,4.5,22.0,8.8,36.0
2024,11,2,8,1.27,4.5,33.0,11.4,37.0
2024,11,2,9,2.03,5.3,22.0,12.1,43.0
2024,11,2,10,2.0,5.3,11.0,11.6,37.0
2024,11,2,11,2.24,5.4,22.0,12.9,36.0
2024,11,2,12,2.41,5.5,22.0,12.2,37.0
2024,11,2,13,2.66,5.6,22.0,13.2,34.0
2024,11,2,14,2.64,5.9,22.0,13.1,32.0
2024,11,2,15,2.44,5.8,22.0,12.9,35.0
2024,11,2,16,2.41,5.6,22.0,11.4,33.0
2024,11,2,17,2.3,5.5,11.0,11.6,33.0
2024,11,2,18,2.23,5.9,11.0,10.4,31.0
2024,11,2,19,2.03,5.5,0.0,10.3,39.0
2024,11,2,20,1.94,5.3,11.0,11.2,41.0
2024,11,2,21,2.42,5.8,22.0,10.3,42.0
2024,11,2,22,2.04,5.5,22.0,10.9,31.0
2024,11,2,23,2.47,6.0,11.0,11.0,41.0
2024,11,3,0,2.16,5.6,22.0,10.4,43.0
2024,11,3,1,2.07,5.6,11.0,11.0,39.0
2024,11,3,2,2.06,5.5,11.0,10.2,40.0
2024,11,3,3,1.94,5.2,11.0,10.6,37.0
2024,11,3,4,1.87,5.3,11.0,10.8,38.0
2024,11,3,5,1.81,5.3,11.0,10.8,40.0
2024,11,3,6,1.84,5.2,11.0,9.6,40.0
2024,11,3,7,1.98,5.5,11.0,10.9,34.0
2024,11,3,8,2.1,5.5,11.0,11.3,37.0
2024,11,3,9,2.3,5.7,11.0,10.9,38.0
2024,11,3,10,2.33,5.5,33.0,12.0,35.0
2024,11,3,11,2.68,5.8,33.0,12.5,30.0
2024,11,3,12,2.34,5.3,22.0,12.3,31.0
2024,11,3,13,2.39,5.4,22.0,12.2,30.0
2024,11,3,14,2.26,5.2,22.0,12.1,26.0
2024,11,3,15,2.49,5.2,22.0,12.9,30.0
2024,11,3,16,2.29,5.4,22.0,12.9,32.0
2024,11,3,17,2.33,5.4,11.0,12.8,33.0
2024,11,3,18,2.38,5.4,11.0,12.4,31.0
2024,11,3,19,2.09,5.6,11.0,11.7,28.0
2024,11,3,20,2.46,5.8,11.0,11.2,23.0
2024,11,3,21,2.48,5.7,22.0,9.9,29.0
2024,11,3,22,2.48,5.9,22.0,9.4,39.0
2024,11,3,23,2.17,5.6,11.0,8.8,40.0
2024,11,4,0,2.27,5.6,11.0,8.2,48.0
2024,11,4,1,2.01,5.5,22.0,8.1,45.0
2024,11,4,2,1.64,5.5,22.0,7.5,46.0
2024,11,4,3,1.6,5.1,22.0,7.3,50.0
2024,11,4,4,1.69,5.5,22.0,6.6,51.0
2024,11,4,5,1.61,5.4,22.0,7.1,50.0
2024,11,4,6,1.55,5.5,0.0,6.9,45.0
2024,11,4,7,1.56,5.5,11.0,7.4,44.0
2024,11,4,8,1.65,5.2,22.0,7.5,44.0
2024,11,4,9,1.42,5.1,11.0,6.4,43.0
2024,11,4,10,1.7,5.6,0.0,6.9,36.0
2024,11,4,11,2.15,5.5,11.0,9.7,34.0
2024,11,4,12,2.16,5.5,22.0,10.1,32.0
2024,11,4,13,2.29,5.3,22.0,10.7,33.0
2024,11,4,14,2.34,5.5,22.0,10.5,31.0
2024,11,4,15,2.09,5.0,22.0,10.7,31.0
2024,11,4,16,2.33,5.3,22.0,12.6,31.0
2024,11,4,17,2.29,5.2,22.0,13.4,33.0
2024,11,4,18,2.42,5.5,11.0,12.4,34.0
2024,11,4,19,2.46,5.6,22.0,12.5,38.0
2024,11,4,20,2.33,5.7,22.0,13.0,43.0
2024,11,4,21,2.7,6.1,11.0,12.6,38.0
2024,11,4,22,2.64,5.7,22.0,12.9,32.0
2024,11,4,23,2.74,6.1,22.0,12.7,39.0
2024,11,5,0,3.0,5.9,11.0,12.1,39.0
2024,11,5,1,3.05,6.1,22.0,12.6,46.0
2024,11,5,2,2.68,5.8,22.0,10.7,44.0
2024,11,5,3,2.5,5.6,22.0,12.7,36.0
2024,11,5,4,2.73,5.6,11.0,12.6,42.0
2024,11,5,5,2.59,5.5,22.0,13.2,42.0
2024,11,5,6,2.64,5.7,11.0,14.8,36.0
2024,11,5,7,2.53,5.7,22.0,14.9,40.0
2024,11,5,8,3.07,6.0,11.0,14.3,43.0
2024,11,5,9,3.37,6.4,11.0,14.5,41.0
2024,11,5,10,3.08,6.1,22.0,14.7,40.0
2024,11,5,11,3.4,6.4,22.0,15.0,34.0
2024,11,5,12,3.3,6.1,11.0,14.4,35.0
2024,11,5,13,3.38,6.2,22.0,15.4,34.0
2024,11,5,14,3.44,6.4,11.0,15.8,34.0
2024,11,5,15,3.38,5.9,22.0,15.9,35.0
2024,11,5,16,3.55,6.1,22.0,16.0,35.0
2024,11,5,17,2.96,5.6,22.0,16.1,36.0
2024,11,5,18,3.64,6.3,11.0,17.7,39.0
2024,11,5,19,3.45,6.2,11.0,17.4,40.0
2024,11,5,20,3.64,6.3,11.0,16.5,38.0
2024,11,5,21,3.78,6.5,22.0,15.8,38.0
2024,11,5,22,3.67,6.4,11.0,17.0,43.0
2024,11,5,23,3.67,6.4,11.0,16.9,41.0
2024,11,6,0,3.98,6.9,11.0,18.0,48.0
2024,11,6,1,3.23,5.9,22.0,17.1,46.0
2024,11,6,2,3.64,6.0,0.0,18.2,47.0
2024,11,6,3,3.07,5.9,22.0,18.6,42.0
2024,11,6,5,3.29,6.1,11.0,18.5,40.0
2024,11,6,6,3.04,5.8,11.0,18.2,42.0
2024,11,6,7,3.21,6.1,11.0,17.9,40.0
2024,11,6,8,2.94,5.7,22.0,17.1,41.0
2024,11,6,9,2.94,5.8,11.0,16.6,37.0
2024,11,6,10,3.34,6.1,11.0,18.1,35.0
2024,11,6,11,3.67,6.1,11.0,17.6,37.0
2024,11,6,12,3.74,6.3,22.0,17.8,33.0
2024,11,6,13,3.39,5.7,22.0,17.6,35.0
2024,11,6,14,3.71,6.0,22.0,17.6,35.0
2024,11,6,15,3.03,5.7,22.0,18.9,39.0
2024,11,6,17,3.39,5.9,348.0,19.2,43.0
2024,11,6,18,3.46,5.8,22.0,18.2,45.0
2024,11,6,19,3.55,6.0,11.0,18.4,46.0
2024,11,6,20,3.29,5.8,11.0,16.7,47.0
2024,11,6,21,3.72,6.1,11.0,17.5,47.0
2024,11,6,22,3.3,6.1,0.0,18.0,42.0
2024,11,6,23,2.97,5.9,22.0,18.0,42.0
2024,11,7,0,3.29,5.6,11.0,18.1,44.0
2024,11,7,1,3.28,5.8,22.0,16.5,44.0
2024,11,7,2,2.76,5.6,11.0,15.6,48.0
2024,11,7,3,3.12,6.2,11.0,16.3,45.0
2024,11,7,4,3.01,5.8,11.0,15.9,41.0
2024,11,7,5,2.55,5.3,22.0,15.2,43.0
2024,11,7,6,2.98,5.8,22.0,15.8,45.0
2024,11,7,7,3.07,5.7,11.0,15.8,45.0
2024,11,7,8,3.36,6.3,11.0,15.9,41.0
2024,11,7,9,3.29,6.0,11.0,16.3,42.0
2024,11,7,10,3.57,6.6,0.0,16.0,39.0
2024,11,7,11,3.41,6.0,0.0,16.1,39.0
2024,11,7,12,3.1,6.1,11.0,15.3,38.0
2024,11,7,13,3.41,6.4,11.0,15.8,33.0
2024,11,7,14,3.06,6.0,11.0,15.2,31.0
2024,11,7,15,3.04,5.8,22.0,16.5,35.0
2024,11,7,16,2.97,5.8,11.0,15.1,36.0
2024,11,7,17,2.95,5.7,0.0,15.6,38.0
2024,11,7,18,3.22,6.2,11.0,16.2,36.0
2024,11,7,19,2.84,5.8,11.0,15.7,40.0
2024,11,7,21,3.04,6.1,11.0,14.3,40.0
2024,11,8,0,2.84,6.1,11.0,13.8,41.0
2024,11,8,1,3.03,6.0,22.0,13.9,41.0
2024,11,8,2,3.21,6.3,11.0,14.6,40.0
2024,11,8,3,3.02,6.1,22.0,14.8,42.0
2024,11,8,4,3.06,6.0,11.0,15.7,42.0
2024,11,8,5,2.89,5.9,22.0,15.9,42.0
2024,11,8,6,2.86,6.0,11.0,15.5,41.0
2024,11,8,7,3.04,6.1,11.0,14.8,39.0
2024,11,8,8,2.69,5.9,11.0,15.0,40.0
2024,11,8,9,2.98,6.1,11.0,14.1,42.0
2024,11,8,10,2.94,6.2,11.0,13.5,41.0
2024,11,8,11,2.79,6.1,11.0,14.4,34.0
2024,11,8,12,3.32,6.1,11.0,14.0,33.0
2024,11,8,13,3.11,6.1,22.0,15.0,33.0
2024,11,8,14,3.2,5.8,22.0,14.7,36.0
2024,11,8,15,3.16,6.0,11.0,15.0,36.0
2024,11,8,16,3.11,6.0,0.0,14.7,35.0
2024,11,8,17,2.89,5.8,22.0,14.6,35.0
2024,11,8,18,2.91,5.9,11.0,14.6,36.0
2024,11,8,19,2.73,5.4,22.0,14.8,34.0
2024,11,8,20,2.66,5.6,22.0,14.2,35.0
2024,11,8,21,2.61,5.5,22.0,14.4,35.0
2024,11,8,22,2.53,5.6,22.0,13.2,38.0
2024,11,8,23,2.59,5.5,33.0,12.1,38.0
2024,11,9,0,2.45,5.6,22.0,11.9,39.0
2024,11,9,1,2.18,5.3,22.0,11.4,37.0
2024,11,9,2,2.45,5.6,22.0,11.5,38.0
2024,11,9,3,2.4,5.6,11.0,11.7,43.0
2024,11,9,4,2.09,5.3,22.0,11.4,42.0
2024,11,9,5,2.27,5.6,11.0,11.8,38.0
2024,11,9,6,2.33,5.4,22.0,11.3,45.0
2024,11,9,7,2.26,5.5,22.0,11.0,44.0
2024,11,9,8,2.04,5.4,22.0,10.9,45.0
2024,11,9,9,2.15,5.7,11.0,10.5,46.0
2024,11,9,10,1.86,5.5,11.0,10.1,44.0
2024,11,9,11,2.07,5.4,22.0,10.3,37.0
2024,11,9,12,2.08,5.4,11.0,10.9,39.0
2024,11,9,13,2.01,5.4,11.0,11.6,37.0
2024,11,9,14,2.09,5.2,22.0,11.5,37.0
2024,11,9,15,2.44,5.6,22.0,11.8,37.0
2024,11,9,16,2.35,5.4,33.0,12.4,41.0
2024,11,9,17,2.28,5.6,22.0,11.6,40.0
2024,11,9,18,2.24,5.3,33.0,11.0,40.0
2024,11,9,19,2.35,5.5,33.0,11.1,38.0
2024,11,9,20,2.03,5.2,11.0,10.6,42.0
2024,11,9,21,2.17,5.3,22.0,10.1,39.0
2024,11,9,22,2.16,5.4,22.0,8.0,40.0
2024,11,9,23,1.97,5.8,11.0,8.8,38.0
2024,11,10,0,1.74,5.3,22.0,8.5,36.0
2024,11,10,1,2.01,5.5,0.0,7.9,39.0
2024,11,10,2,1.84,5.5,11.0,8.0,46.0
2024,11,10,3,1.88,5.2,11.0,7.9,49.0
2024,11,10,4,1.87,5.5,22.0,8.2,47.0
2024,11,10,5,1.76,5.3,22.0,8.9,49.0
2024,11,10,6,1.84,5.3,22.0,9.3,41.0
2024,11,10,7,1.84,5.3,22.0,9.2,44.0
2024,11,10,8,1.99,5.6,22.0,10.0,46.0
2024,11,10,9,1.71,4.9,22.0,9.5,40.0
2024,11,10,10,1.81,5.1,22.0,10.8,41.0
2024,11,10,11,1.91,5.0,11.0,11.3,38.0
2024,11,10,12,2.07,5.5,11.0,11.7,36.0
2024,11,10,13,2.12,5.5,11.0,11.0,36.0
2024,11,10,14,1.96,5.4,11.0,10.4,37.0
2024,11,10,15,2.0,5.6,22.0,10.1,39.0
2024,11,10,16,1.91,5.3,22.0,10.5,43.0
2024,11,10,17,2.06,5.4,22.0,10.1,41.0
2024,11,10,18,1.65,5.2,22.0,9.0,43.0
2024,11,10,19,1.76,5.0,22.0,8.2,40.0
2024,11,10,20,1.54,5.0,33.0,9.2,33.0
2024,11,10,21,1.56,4.9,11.0,9.2,45.0
2024,11,10,22,1.63,5.0,33.0,10.8,50.0
2024,11,10,23,1.57,4.8,11.0,10.8,46.0
2024,11,11,0,1.68,5.1,33.0,10.4,46.0
2024,11,11,1,1.66,4.9,22.0,11.7,42.0
2024,11,11,2,2.31,5.3,22.0,13.0,39.0
2024,11,11,3,2.3,5.5,22.0,13.0,40.0
2024,11,11,4,2.84,5.9,22.0,13.7,42.0
2024,11,11,5,2.53,5.9,22.0,12.9,40.0
2024,11,11,6,2.82,6.0,33.0,14.0,39.0
2024,11,11,7,2.55,5.7,22.0,13.5,42.0
2024,11,11,8,2.99,5.9,33.0,13.3,41.0
2024,11,11,9,2.8,5.9,22.0,12.7,39.0
2024,11,11,10,2.47,5.7,22.0,13.4,36.0
2024,11,11,11,2.57,5.6,22.0,12.8,36.0
2024,11,11,12,2.5,5.5,11.0,13.6,35.0
2024,11,11,13,2.6,5.9,11.0,13.8,35.0
2024,11,11,14,2.74,6.2,11.0,13.6,35.0
2024,11,11,15,2.96,6.0,22.0,13.5,35.0
2024,11,11,16,2.69,6.1,11.0,13.4,35.0
2024,11,11,17,2.82,5.9,11.0,14.0,38.0
2024,11,11,18,2.83,6.1,22.0,12.3,35.0
2024,11,11,20,2.49,5.8,11.0,11.1,36.0
2024,11,12,0,2.39,5.5,11.0,11.6,38.0
2024,11,12,4,2.33,5.8,0.0,10.6,36.0
2024,11,12,8,2.43,5.8,22.0,9.9,36.0
2024,11,12,12,2.26,5.6,11.0,11.0,35.0
2024,11,12,16,2.78,6.1,0.0,12.5,34.0
2024,11,12,20,3.14,6.4,0.0,10.4,36.0
2024,11,13,0,2.24,5.7,11.0,3.0,52.0
2024,11,13,4,2.31,6.2,348.0,6.8,55.0
2024,11,13,8,2.1,6.0,0.0,5.5,38.0
2024,11,13,12,1.82,5.6,0.0,6.9,29.0
2024,11,13,16,1.77,5.5,0.0,6.9,24.0
2024,11,14,0,1.67,5.8,22.0,1.2,169.0
2024,11,14,4,1.16,5.6,348.0,2.8,186.0
2024,11,14,8,1.2,5.2,0.0,2.5,244.0
2024,11,14,12,1.33,5.3,337.0,1.4,20.0
2024,11,14,16,1.0,5.0,337.0,2.6,17.0
2024,11,14,20,1.06,4.9,0.0,2.5,349.0
2024,11,15,8,0.71,4.5,0.0,1.7,46.0
2024,11,15,12,0.99,4.6,348.0,3.2,13.0
2024,11,15,16,0.99,4.6,337.0,5.2,9.0
2024,11,15,20,0.99,4.8,348.0,3.9,25.0
2024,11,16,0,1.29,5.4,348.0,4.6,25.0
2024,11,16,4,1.88,5.4,348.0,8.1,29.0
2024,11,16,8,2.35,6.1,0.0,9.4,28.0
2024,11,16,16,2.4,5.7,11.0,12.1,35.0
2024,11,17,0,2.39,5.9,22.0,12.2,37.0
2024,11,17,8,2.38,5.8,22.0,11.7,43.0
2024,11,17,16,2.27,5.2,11.0,14.4,32.0
2024,11,18,0,3.17,5.8,11.0,17.0,41.0
2024,11,18,8,4.04,6.7,0.0,18.9,37.0
2024,11,18,16,3.34,5.9,11.0,17.3,41.0
2024,11,19,0,3.63,6.2,11.0,18.1,39.0
2024,11,19,8,3.14,6.5,11.0,14.6,37.0
2024,11,19,16,2.87,5.8,0.0,14.5,36.0
2024,11,20,0,2.68,5.6,22.0,14.1,41.0
2024,11,20,8,2.65,6.0,11.0,13.3,40.0
2024,11,20,16,3.13,6.2,11.0,14.1,35.0
2024,11,21,0,2.65,5.7,22.0,13.6,37.0
2024,11,21,8,2.61,5.9,11.0,13.8,39.0
2024,11,21,12,3.09,5.9,22.0,15.5,37.0
2024,11,22,0,2.9,5.9,11.0,15.8,40.0
2024,11,22,12,2.85,6.0,11.0,14.3,36.0
2024,11,23,12,2.46,5.8,11.0,12.6,35.0
2024,11,24,0,2.45,6.0,11.0,10.5,41.0
2024,11,24,12,2.24,5.4,22.0,9.9,33.0
2024,11,25,0,1.78,5.4,22.0,7.5,39.0
2024,11,25,12,1.16,5.1,348.0,2.7,315.0
2024,11,26,0,1.18,4.8,22.0,6.0,32.0
2024,11,26,12,2.13,5.2,33.0,13.2,42.0
2024,11,27,12,2.58,5.9,11.0,14.2,36.0
2024,11,28,12,1.68,4.7,22.0,10.3,30.0
2024,11,29,12,1.8,4.8,22.0,12.2,34.0
2024,11,30,12,1.42,5.1,11.0,4.2,23.0
2024,11,30,16,1.05,4.4,22.0,6.1,27.0
2024,11,30,20,1.05,4.9,22.0,3.5,18.0
2024,12,1,0,0.85,4.8,22.0,3.2,160.0
2024,12,1,4,0.53,4.5,0.0,3.0,160.0
2024,12,1,10,0.85,4.5,348.0,2.5,24.0
2024,12,1,11,0.95,4.2,22.0,4.3,19.0
2024,12,1,12,0.93,4.3,11.0,3.8,17.0
2024,12,1,13,0.94,4.4,11.0,4.1,356.0
2024,12,1,14,0.91,4.3,0.0,5.2,354.0
2024,12,1,15,0.83,4.2,11.0,5.9,3.0
2024,12,1,16,0.82,4.0,0.0,6.4,13.0
2024,12,1,17,0.86,3.9,11.0,6.2,24.0
2024,12,1,18,0.81,4.0,11.0,6.2,35.0
2024,12,1,19,0.87,4.2,11.0,6.5,34.0
2024,12,1,20,1.03,4.5,22.0,5.7,39.0
2024,12,1,21,0.87,4.5,22.0,4.3,56.0
2024,12,1,22,0.97,4.4,22.0,3.8,73.0
2024,12,1,23,0.81,4.4,22.0,3.5,64.0
2024,12,2,0,0.74,4.4,22.0,3.5,67.0
2024,12,2,2,0.69,4.5,22.0,3.5,49.0
2024,12,2,3,0.56,4.3,22.0,4.2,54.0
2024,12,2,4,0.51,4.2,0.0,3.6,63.0
2024,12,2,5,0.46,4.0,33.0,3.3,57.0
2024,12,2,6,0.51,4.1,11.0,4.3,40.0
2024,12,2,7,0.53,3.7,0.0,5.7,22.0
2024,12,2,8,0.62,3.9,11.0,4.6,50.0
2024,12,2,9,0.83,4.2,11.0,3.7,53.0
2024,12,2,10,0.95,4.5,11.0,3.4,50.0
2024,12,2,12,1.02,4.3,0.0,4.8,17.0
2024,12,2,16,1.05,4.2,0.0,6.5,16.0
2024,12,2,20,1.13,4.6,0.0,5.3,21.0
2024,12,3,0,1.2,5.0,11.0,1.6,145.0
2024,12,3,4,0.8,4.7,0.0,1.4,156.0
2024,12,3,12,1.24,5.0,0.0,3.5,13.0
2024,12,3,16,1.9,5.0,11.0,9.6,30.0
2024,12,3,20,1.98,5.5,0.0,8.0,37.0
2024,12,4,0,2.09,5.9,11.0,7.4,51.0
2024,12,4,4,1.8,5.2,22.0,10.5,49.0
2024,12,4,8,2.2,5.8,22.0,10.1,47.0
2024,12,4,12,2.56,5.8,22.0,11.2,24.0
2024,12,4,16,2.68,5.7,0.0,13.4,32.0
2024,12,4,20,2.41,5.6,11.0,11.0,37.0
2024,12,5,0,2.74,6.1,22.0,10.5,34.0
2024,12,5,4,1.96,5.3,22.0,10.4,42.0
2024,12,5,8,1.79,5.4,22.0,9.6,38.0
2024,12,5,12,2.44,5.8,22.0,10.6,37.0
2024,12,5,20,1.88,5.0,22.0,11.0,39.0
2024,12,6,0,2.65,5.8,22.0,10.9,41.0
2024,12,6,4,1.57,5.2,22.0,7.6,55.0
2024,12,6,8,1.29,5.1,22.0,6.9,34.0
2024,12,6,12,2.03,5.2,11.0,11.0,28.0
2024,12,6,16,2.55,5.5,33.0,11.7,33.0
2024,12,6,20,2.23,5.4,22.0,12.0,37.0
2024,12,7,0,2.65,5.8,11.0,11.6,33.0
2024,12,7,4,2.56,6.1,22.0,12.2,43.0
2024,12,7,8,2.44,5.5,11.0,13.9,34.0
2024,12,7,12,3.1,6.3,11.0,13.6,29.0
2024,12,7,16,2.87,5.9,11.0,14.4,38.0
2024,12,8,4,3.3,6.0,11.0,17.3,36.0
2024,12,8,8,3.01,5.6,22.0,17.5,40.0
2024,12,8,12,3.21,6.1,11.0,16.5,32.0
2024,12,8,16,3.79,6.4,11.0,16.7,33.0
2024,12,8,20,3.22,5.7,22.0,15.4,39.0
2024,12,9,0,2.75,5.9,11.0,13.2,41.0
2024,12,9,4,2.44,5.5,22.0,10.9,42.0
2024,12,9,8,1.98,5.2,11.0,11.4,43.0
2024,12,9,12,1.96,5.3,0.0,9.7,32.0
2024,12,9,16,1.74,5.4,11.0,9.3,18.0
2024,12,9,20,1.93,5.2,22.0,8.7,25.0
2024,12,10,0,1.52,5.2,0.0,6.0,41.0
2024,12,10,4,1.68,5.5,0.0,7.1,45.0
2024,12,10,8,1.42,5.2,22.0,6.3,33.0
2024,12,10,12,1.47,5.1,348.0,7.4,28.0
2024,12,10,16,1.82,5.2,22.0,9.7,26.0
2024,12,10,20,1.97,5.5,22.0,7.0,36.0
2024,12,11,0,1.22,5.2,22.0,4.5,68.0
2024,12,11,4,1.09,5.1,22.0,4.4,58.0
2024,12,11,8,1.52,5.1,11.0,5.8,33.0
2024,12,11,12,1.12,4.5,11.0,7.3,16.0
2024,12,11,16,1.29,4.6,22.0,9.6,30.0
2024,12,11,20,1.88,5.1,33.0,10.9,46.0
2024,12,12,0,2.31,5.4,22.0,14.5,40.0
2024,12,12,4,3.16,6.2,22.0,15.0,37.0
2024,12,12,8,3.15,6.0,11.0,16.2,35.0
2024,12,12,12,3.1,6.0,11.0,14.3,33.0
2024,12,12,16,2.71,5.6,11.0,14.1,30.0
2024,12,12,20,2.66,5.7,22.0,12.9,33.0
2024,12,13,0,2.52,5.5,22.0,11.9,32.0
2024,12,13,4,2.23,5.3,11.0,10.6,44.0
2024,12,13,8,2.04,5.1,22.0,11.9,21.0
2024,12,13,12,2.41,5.3,11.0,11.9,28.0
2024,12,13,16,2.24,5.4,0.0,13.8,29.0
2024,12,13,20,3.17,5.8,11.0,15.7,34.0
2024,12,14,0,2.97,5.8,11.0,16.6,40.0
2024,12,14,4,2.95,5.9,11.0,15.8,41.0
2024,12,14,8,2.92,5.7,22.0,16.2,37.0
2024,12,14,12,2.53,5.4,11.0,15.5,37.0
2024,12,14,16,2.77,5.6,11.0,14.6,38.0
2024,12,14,20,2.68,5.4,11.0,15.7,40.0
2024,12,15,0,2.25,5.3,11.0,13.7,44.0
2024,12,15,4,2.12,4.9,22.0,13.9,46.0
2024,12,15,8,2.52,5.7,22.0,14.7,40.0
2024,12,15,12,2.63,5.7,11.0,14.4,34.0
2024,12,15,20,2.4,5.6,11.0,14.4,37.0
2024,12,16,0,2.16,5.1,11.0,13.4,47.0
2024,12,16,4,2.06,5.1,22.0,12.2,46.0
2024,12,16,8,1.94,5.3,11.0,11.8,42.0
2024,12,16,12,1.93,5.0,22.0,10.7,34.0
2024,12,16,16,1.79,4.7,22.0,11.0,35.0
2024,12,16,20,1.99,5.5,22.0,12.5,40.0
2024,12,17,0,1.49,5.1,22.0,7.0,60.0
2024,12,17,4,1.27,5.1,33.0,5.5,58.0
2024,12,17,8,1.61,5.3,11.0,9.9,40.0
2024,12,17,12,2.08,5.2,22.0,11.1,23.0
2024,12,17,20,2.21,5.6,22.0,12.3,37.0
2024,12,18,0,1.98,5.4,33.0,11.1,34.0
2024,12,18,4,2.2,5.5,22.0,12.8,40.0
2024,12,18,8,2.13,5.5,22.0,12.5,40.0
2024,12,18,12,2.63,5.6,22.0,14.3,34.0
2024,12,18,16,2.68,5.6,0.0,15.6,36.0
2024,12,18,20,3.42,6.1,11.0,17.9,36.0
2024,12,19,0,3.51,6.3,11.0,18.6,37.0
2024,12,19,4,3.38,6.3,11.0,19.1,40.0
2024,12,19,8,3.26,6.3,11.0,17.1,36.0
2024,12,19,12,2.88,5.9,11.0,15.6,32.0
2024,12,19,16,2.51,5.6,0.0,14.6,37.0
2024,12,19,20,2.02,5.4,0.0,12.9,27.0
2024,12,20,0,2.05,5.3,11.0,9.3,55.0
2024,12,20,8,1.84,5.0,11.0,12.2,41.0
2024,12,20,12,2.26,5.6,22.0,11.5,32.0
2024,12,20,16,2.24,5.4,11.0,12.4,31.0
2024,12,20,20,1.95,5.1,11.0,11.9,42.0
2024,12,21,0,1.78,5.5,22.0,7.9,46.0
2024,12,21,4,1.91,5.8,22.0,8.2,51.0
2024,12,21,8,2.03,5.3,22.0,12.1,39.0
2024,12,21,12,2.37,5.8,22.0,12.2,24.0
2024,12,21,16,3.24,6.1,22.0,15.8,34.0
2024,12,22,0,2.74,5.5,22.0,17.7,36.0
2024,12,22,4,3.22,6.0,22.0,17.5,40.0
2024,12,22,8,3.2,5.6,11.0,17.7,35.0
2024,12,22,16,2.71,5.5,11.0,15.4,34.0
2024,12,22,20,2.45,5.0,11.0,15.5,42.0
2024,12,23,0,2.52,5.6,11.0,14.4,39.0
2024,12,23,4,2.55,5.4,11.0,14.2,36.0
2024,12,23,8,2.6,5.7,11.0,13.1,38.0
2024,12,23,12,2.35,5.4,22.0,12.7,30.0
2024,12,23,16,2.16,5.7,11.0,8.9,39.0
2024,12,23,18,1.92,5.4,11.0,9.1,42.0
2024,12,23,20,2.02,5.4,11.0,9.8,42.0
2024,12,23,22,1.9,5.4,11.0,9.5,45.0
2024,12,24,0,2.22,5.3,11.0,14.3,35.0
2024,12,24,2,2.8,6.1,11.0,14.4,35.0
2024,12,24,4,2.83,5.8,11.0,14.7,36.0
2024,12,24,6,2.77,5.9,11.0,15.0,36.0
2024,12,24,8,2.88,5.8,11.0,14.3,36.0
2024,12,24,10,2.52,5.7,11.0,13.8,31.0
2024,12,24,12,3.05,6.2,11.0,13.4,31.0
2024,12,24,14,2.92,6.0,11.0,13.7,29.0
2024,12,24,16,2.8,5.8,11.0,13.3,29.0
2024,12,24,18,2.66,5.8,11.0,11.1,31.0
2024,12,24,20,2.57,5.9,11.0,8.7,35.0
2024,12,24,22,2.21,5.6,11.0,7.2,43.0
2024,12,25,0,1.99,5.3,11.0,7.3,52.0
2024,12,25,2,2.01,5.8,0.0,7.4,43.0
2024,12,25,4,2.02,5.6,11.0,6.3,44.0
2024,12,25,6,2.1,5.3,11.0,10.4,18.0
2024,12,25,8,2.34,5.6,11.0,11.5,19.0
2024,12,25,10,2.32,5.6,11.0,12.0,24.0
2024,12,25,14,2.0,5.5,11.0,10.5,24.0
2024,12,25,16,2.05,5.5,11.0,10.7,24.0
2024,12,25,18,1.85,5.2,11.0,10.8,25.0
2024,12,25,20,2.02,5.3,11.0,11.0,27.0
2024,12,25,22,2.06,5.3,22.0,10.3,30.0
2024,12,26,0,2.05,5.4,11.0,11.6,24.0
2024,12,26,2,2.05,5.3,22.0,12.4,26.0
2024,12,26,4,2.35,5.5,22.0,13.0,35.0
2024,12,26,6,2.59,5.7,22.0,12.6,39.0
2024,12,26,8,2.81,5.9,33.0,13.0,31.0
2024,12,26,10,2.26,5.2,22.0,14.1,27.0
2024,12,26,12,2.49,5.2,0.0,14.3,28.0
2024,12,26,14,2.46,5.4,11.0,13.2,29.0
2024,12,26,16,2.59,5.5,11.0,13.6,26.0
2024,12,26,18,2.62,5.6,22.0,14.4,31.0
2024,12,26,20,2.73,5.7,22.0,14.7,37.0
2024,12,26,22,2.82,5.6,11.0,15.0,33.0
2024,12,27,0,2.5,5.5,22.0,15.1,34.0
2024,12,27,2,2.62,5.6,22.0,15.3,34.0
2024,12,27,4,2.74,5.8,22.0,15.0,35.0
2024,12,27,6,2.84,5.8,0.0,14.8,29.0
2024,12,27,8,2.79,5.5,22.0,14.1,30.0
2024,12,27,10,2.49,5.4,11.0,13.4,33.0
2024,12,27,12,2.33,5.4,11.0,12.3,25.0
2024,12,27,14,2.37,5.4,0.0,12.9,24.0
2024,12,27,16,2.27,5.2,11.0,13.8,26.0
2024,12,27,18,2.28,5.3,11.0,14.0,27.0
2024,12,27,20,2.84,5.7,11.0,14.0,29.0
2024,12,27,22,2.81,5.7,11.0,13.6,36.0
2024,12,28,0,2.72,5.4,11.0,14.5,25.0
2024,12,28,2,2.92,5.8,0.0,16.4,29.0
2024,12,28,4,2.99,5.7,22.0,16.6,30.0
2024,12,28,6,2.8,5.8,11.0,16.2,28.0
2024,12,28,8,3.06,5.7,11.0,18.0,34.0
2024,12,28,10,3.02,5.7,22.0,16.5,29.0
2024,12,28,12,2.79,5.5,11.0,16.9,29.0
2024,12,28,14,3.2,5.8,22.0,16.3,29.0
2024,12,28,16,2.84,5.6,11.0,16.2,33.0
2024,12,28,18,2.72,5.7,11.0,17.2,34.0
2024,12,28,20,2.82,5.5,11.0,16.0,37.0
2024,12,28,22,2.56,5.5,11.0,15.5,40.0
2024,12,29,0,2.65,5.7,22.0,15.3,43.0
2024,12,29,2,2.74,5.6,22.0,15.3,44.0
2024,12,29,4,2.33,5.4,22.0,13.3,40.0
2024,12,29,6,2.47,5.7,11.0,13.1,41.0
2024,12,29,8,2.16,5.2,22.0,11.8,36.0
2024,12,29,10,1.99,5.2,11.0,8.8,38.0
2024,12,29,12,1.6,5.0,11.0,7.3,29.0
2024,12,29,14,1.4,5.2,11.0,6.2,25.0
2024,12,29,16,1.47,5.0,0.0,6.9,14.0
2024,12,29,18,1.61,5.1,0.0,7.8,10.0
2024,12,29,20,1.37,5.1,348.0,6.1,11.0
2024,12,29,22,1.42,5.2,0.0,5.2,3.0
2024,12,30,0,1.24,5.1,0.0,3.7,356.0
2024,12,30,2,1.26,4.7,348.0,6.7,356.0
2024,12,30,4,1.44,5.0,348.0,8.6,357.0
2024,12,30,6,1.8,5.5,348.0,6.2,56.0
2024,12,30,8,1.68,5.6,348.0,5.3,31.0
2024,12,30,10,1.57,5.6,0.0,5.3,23.0
2024,12,30,12,1.55,5.2,11.0,7.3,18.0
2024,12,30,14,1.28,4.7,0.0,7.5,21.0
2024,12,30,16,1.19,4.6,11.0,7.4,30.0
2024,12,30,18,1.02,4.5,0.0,7.2,35.0
2024,12,30,20,1.09,4.8,22.0,7.4,42.0
2024,12,30,22,0.84,4.4,11.0,6.4,32.0
2024,12,31,0,0.81,4.3,22.0,7.0,19.0
2024,12,31,2,0.89,4.0,22.0,8.1,26.0
2024,12,31,4,0.89,4.0,11.0,8.5,19.0
2024,12,31,6,1.4,4.6,22.0,9.6,31.0
2024,12,31,8,1.58,4.9,11.0,11.4,38.0
2024,12,31,10,2.19,5.1,22.0,12.3,32.0
2024,12,31,12,2.35,5.4,22.0,13.3,27.0
2024,12,31,14,2.76,5.5,22.0,13.9,28.0
2024,12,31,16,2.73,5.9,22.0,14.8,28.0
2024,12,31,18,2.14,5.4,22.0,13.6,34.0
2024,12,31,20,2.4,5.9,11.0,13.4,36.0
2024,12,31,22,2.59,5.9,22.0,13.0,35.0
2025,1,1,0,2.57,5.4,22.0,12.6,39.0
2025,1,1,2,2.33,5.6,22.0,11.6,40.0
2025,1,1,4,2.07,5.4,33.0,11.8,39.0
2025,1,1,6,1.89,5.2,11.0,11.3,42.0
2025,1,1,8,2.37,5.8,11.0,10.4,33.0
2025,1,1,10,2.24,5.6,22.0,9.4,34.0
2025,1,1,12,2.29,5.8,22.0,7.8,30.0
2025,1,1,14,1.69,5.2,33.0,7.6,28.0
2025,1,1,16,1.6,5.0,11.0,6.8,35.0
2025,1,1,18,1.24,5.1,0.0,3.5,40.0
2025,1,1,20,1.52,5.1,348.0,3.6,63.0
2025,1,1,22,1.58,5.5,348.0,3.3,49.0
2025,1,2,0,1.49,5.2,11.0,7.3,19.0
2025,1,2,2,1.93,5.1,11.0,9.7,22.0
2025,1,2,6,1.79,5.2,11.0,10.7,39.0
2025,1,2,8,1.68,5.1,11.0,10.9,38.0
2025,1,2,10,2.34,5.5,22.0,12.6,31.0
2025,1,2,12,2.68,5.8,22.0,12.3,34.0
2025,1,2,14,2.2,5.2,22.0,12.4,30.0
2025,1,2,16,2.1,5.3,22.0,13.4,28.0
2025,1,2,18,2.14,5.4,22.0,12.8,29.0
2025,1,2,20,2.19,5.3,11.0,13.5,27.0
2025,1,2,22,2.64,5.7,22.0,14.8,31.0
2025,1,3,0,2.78,6.0,11.0,14.5,31.0
2025,1,3,2,2.97,5.8,22.0,14.1,27.0
2025,1,3,6,2.75,5.8,11.0,16.0,38.0
2025,1,3,8,3.02,5.8,11.0,15.2,36.0
2025,1,3,10,3.14,6.1,22.0,15.9,35.0
2025,1,3,12,3.09,5.9,11.0,17.0,31.0
2025,1,3,14,3.43,6.4,11.0,17.0,33.0
2025,1,3,16,3.24,6.0,11.0,17.3,32.0
2025,1,3,18,2.87,5.4,0.0,17.3,33.0
2025,1,3,20,2.62,5.2,11.0,17.3,35.0
2025,1,3,22,2.96,5.8,11.0,15.8,37.0
2025,1,4,0,2.76,5.6,22.0,15.5,39.0
2025,1,4,2,2.49,5.4,11.0,14.2,39.0
2025,1,4,4,2.31,5.6,11.0,10.1,46.0
2025,1,4,6,2.05,5.5,11.0,9.9,32.0
2025,1,4,8,2.06,5.6,0.0,10.2,43.0
2025,1,4,10,2.2,6.0,0.0,7.1,46.0
2025,1,4,12,2.17,5.7,11.0,8.5,26.0
2025,1,4,14,2.14,5.3,22.0,9.7,24.0
2025,1,4,16,1.97,5.4,11.0,9.4,24.0
2025,1,4,18,1.96,5.3,11.0,8.8,24.0
2025,1,4,20,1.84,5.3,0.0,8.3,28.0
2025,1,5,0,1.59,5.6,348.0,5.9,321.0
2025,1,5,2,1.9,5.3,348.0,9.4,360.0
2025,1,5,4,2.23,5.6,0.0,9.5,13.0
2025,1,5,6,1.9,5.5,0.0,7.8,13.0
2025,1,5,8,1.84,5.5,0.0,6.6,36.0
2025,1,5,10,1.43,5.4,348.0,5.4,23.0
2025,1,5,12,1.63,5.4,0.0,8.4,10.0
2025,1,5,14,1.85,5.1,11.0,9.7,10.0
2025,1,5,16,1.93,5.5,11.0,9.3,24.0
2025,1,5,18,1.55,5.0,22.0,7.7,39.0
2025,1,5,20,1.29,4.5,11.0,8.8,36.0
2025,1,6,0,1.17,4.7,22.0,8.1,36.0
2025,1,6,2,1.42,4.8,22.0,9.8,34.0
2025,1,6,4,1.72,5.1,33.0,10.0,38.0
2025,1,6,6,1.72,5.0,33.0,11.6,40.0
2025,1,6,8,1.67,4.8,33.0,12.9,39.0
2025,1,6,10,1.97,5.0,22.0,13.0,33.0
2025,1,6,11,1.98,5.3,33.0,13.6,28.0
2025,1,6,12,2.45,5.6,22.0,14.2,29.0
2025,1,6,13,2.63,5.7,22.0,14.6,28.0
2025,1,6,14,2.69,5.8,22.0,14.8,23.0
2025,1,6,15,2.9,6.0,22.0,14.7,23.0
2025,1,6,16,3.08,5.8,33.0,14.2,29.0
2025,1,6,17,3.54,6.2,22.0,13.8,28.0
2025,1,6,18,2.55,5.7,22.0,13.0,29.0
2025,1,6,19,2.5,5.7,22.0,13.4,35.0
2025,1,6,20,2.71,5.8,22.0,14.4,37.0
2025,1,6,22,2.65,5.8,22.0,13.6,40.0
2025,1,6,23,2.44,5.7,22.0,12.8,43.0
2025,1,7,0,2.39,5.7,22.0,12.4,39.0
2025,1,7,1,2.49,5.8,22.0,13.1,39.0
2025,1,7,2,2.67,5.9,22.0,11.6,46.0
2025,1,7,3,2.35,5.7,22.0,10.7,39.0
2025,1,7,4,2.27,5.5,33.0,10.0,42.0
2025,1,7,5,2.18,5.6,22.0,10.3,45.0
2025,1,7,6,2.2,5.4,22.0,11.0,47.0
2025,1,7,7,2.29,5.4,22.0,10.3,45.0
2025,1,7,8,1.86,5.2,22.0,9.8,40.0
2025,1,7,9,1.84,5.0,22.0,9.3,40.0
2025,1,7,10,1.81,5.4,11.0,8.0,45.0
2025,1,7,11,1.88,5.5,22.0,7.6,39.0
2025,1,7,12,1.74,5.3,11.0,8.0,32.0
2025,1,7,13,1.94,5.5,11.0,8.9,31.0
2025,1,7,14,2.08,5.5,22.0,10.5,28.0
2025,1,7,15,2.38,5.6,22.0,10.2,33.0
2025,1,7,16,2.32,5.6,22.0,11.4,30.0
2025,1,7,17,2.25,5.4,22.0,11.2,31.0
2025,1,7,18,2.3,5.4,11.0,11.0,29.0
2025,1,7,19,2.06,5.3,22.0,10.8,28.0
2025,1,7,20,1.84,5.2,22.0,11.1,37.0
2025,1,7,21,1.9,5.1,22.0,11.1,35.0
2025,1,7,23,2.04,5.2,22.0,11.5,33.0
2025,1,8,0,2.01,5.3,22.0,10.6,38.0
2025,1,8,1,2.07,5.6,22.0,10.4,36.0
2025,1,8,2,1.94,5.8,11.0,8.0,42.0
2025,1,8,3,2.02,5.7,11.0,7.0,38.0
2025,1,8,4,2.01,5.9,11.0,8.2,19.0
2025,1,8,5,1.8,5.2,22.0,8.5,28.0
2025,1,8,6,1.57,5.1,22.0,8.9,28.0
2025,1,8,7,1.83,5.3,11.0,9.6,32.0
2025,1,8,8,1.56,4.9,45.0,9.7,40.0
2025,1,8,9,1.47,5.0,33.0,7.7,50.0
2025,1,8,10,1.53,4.9,22.0,8.9,32.0
2025,1,8,11,1.56,5.0,11.0,9.7,32.0
2025,1,8,12,1.65,5.0,11.0,9.1,32.0
2025,1,8,13,1.83,5.3,11.0,9.6,24.0
2025,1,8,14,1.7,5.3,11.0,9.7,16.0
2025,1,8,15,1.87,5.2,11.0,10.5,17.0
2025,1,8,16,1.94,5.2,22.0,11.0,27.0
2025,1,8,17,1.93,5.3,11.0,10.1,28.0
2025,1,8,18,1.96,5.3,11.0,10.6,31.0
2025,1,8,19,1.77,5.1,22.0,10.2,29.0
2025,1,8,20,2.16,5.8,22.0,8.3,36.0
2025,1,8,21,1.69,5.1,22.0,8.5,35.0
2025,1,8,22,1.48,4.9,22.0,9.0,25.0
2025,1,8,23,1.54,4.8,22.0,9.8,30.0
2025,1,9,0,1.63,5.0,11.0,10.3,35.0
2025,1,9,1,1.8,5.1,22.0,10.5,37.0
2025,1,9,2,2.25,5.8,22.0,11.7,30.0
2025,1,9,3,2.22,5.5,22.0,12.2,33.0
2025,1,9,4,2.38,5.7,22.0,12.4,34.0
2025,1,9,5,2.44,5.6,11.0,13.2,36.0
2025,1,9,6,2.29,5.6,33.0,13.3,38.0
2025,1,9,7,2.4,5.6,33.0,12.9,38.0
2025,1,9,8,2.69,5.7,33.0,13.6,32.0
2025,1,9,9,2.41,5.4,33.0,13.4,43.0
2025,1,9,10,2.26,5.3,22.0,12.4,36.0
2025,1,9,11,2.52,5.6,22.0,13.9,29.0
2025,1,9,12,2.64,5.6,11.0,14.2,27.0
2025,1,9,13,2.69,5.5,11.0,15.7,28.0
2025,1,9,14,2.55,5.6,22.0,15.7,28.0
2025,1,9,15,3.21,6.0,11.0,16.8,30.0
2025,1,9,16,2.86,5.8,11.0,16.3,28.0
2025,1,9,17,2.99,5.8,11.0,16.4,34.0
2025,1,9,18,3.51,6.5,11.0,16.5,32.0
2025,1,9,19,3.21,6.0,22.0,16.5,32.0
2025,1,9,20,3.33,6.1,11.0,17.2,32.0
2025,1,9,21,3.39,6.1,22.0,17.1,34.0
2025,1,9,22,3.38,6.3,11.0,17.4,33.0
2025,1,9,23,3.18,5.8,11.0,17.6,30.0
2025,1,10,0,2.97,5.9,11.0,17.2,30.0
2025,1,10,1,3.22,5.7,22.0,18.0,34.0
2025,1,10,2,3.03,5.6,11.0,17.3,34.0
2025,1,10,3,3.06,5.7,11.0,17.3,34.0
2025,1,10,4,3.27,5.9,11.0,17.1,35.0
2025,1,10,5,3.37,6.0,11.0,17.3,30.0
2025,1,10,6,3.13,5.8,11.0,17.3,31.0
2025,1,10,7,3.65,6.6,11.0,17.2,32.0
2025,1,10,9,3.68,6.2,22.0,17.1,39.0
2025,1,10,10,3.23,5.7,11.0,16.0,38.0
2025,1,10,11,3.26,5.7,22.0,16.6,37.0
2025,1,10,12,2.97,5.5,11.0,16.7,36.0
2025,1,10,13,2.95,5.6,11.0,17.1,29.0
2025,1,10,14,3.18,5.7,22.0,16.5,32.0
2025,1,10,15,3.18,5.8,11.0,16.8,34.0
2025,1,10,16,3.39,6.4,11.0,17.0,31.0
2025,1,10,17,2.88,5.7,11.0,16.3,37.0
2025,1,10,18,2.99,6.0,22.0,17.0,37.0
2025,1,10,19,3.17,5.6,22.0,17.0,40.0
2025,1,10,20,3.09,5.9,11.0,16.6,37.0
2025,1,10,22,2.58,5.2,11.0,16.3,41.0
2025,1,10,23,3.15,5.8,0.0,15.6,43.0
2025,1,11,0,2.65,5.4,22.0,14.7,39.0
2025,1,11,1,2.9,5.8,11.0,14.5,39.0
2025,1,11,2,2.73,5.7,11.0,14.0,36.0
2025,1,11,3,2.66,5.7,11.0,14.7,37.0
2025,1,11,4,2.52,5.7,11.0,14.7,38.0
2025,1,11,5,2.98,6.1,11.0,15.5,39.0
2025,1,11,6,2.67,5.7,22.0,15.0,36.0
2025,1,11,7,2.76,6.0,11.0,13.9,34.0
2025,1,11,8,2.83,5.6,11.0,13.8,38.0
2025,1,11,9,2.91,5.8,22.0,14.6,41.0
2025,1,11,10,2.68,5.6,22.0,14.5,39.0
2025,1,11,11,2.28,5.2,11.0,13.3,37.0
2025,1,11,12,2.36,5.3,0.0,13.1,30.0
2025,1,11,13,2.65,5.4,11.0,14.3,23.0
2025,1,11,14,2.45,5.3,0.0,14.7,20.0
2025,1,11,15,2.81,5.7,11.0,13.7,24.0
2025,1,11,16,2.63,5.6,11.0,13.8,23.0
2025,1,11,17,2.76,5.7,11.0,14.0,20.0
2025,1,11,18,2.59,5.6,11.0,13.6,24.0
2025,1,11,19,2.81,5.7,11.0,13.5,28.0
2025,1,11,20,2.56,5.5,11.0,13.9,22.0
2025,1,11,21,2.18,5.1,11.0,12.4,29.0
2025,1,11,22,2.25,5.2,22.0,12.9,27.0
2025,1,11,23,2.12,5.2,22.0,11.5,40.0
2025,1,12,0,1.99,5.0,22.0,11.1,44.0
2025,1,12,1,1.73,4.9,22.0,11.1,44.0
2025,1,12,2,1.87,5.1,22.0,10.9,46.0
2025,1,12,3,1.5,4.7,11.0,10.4,42.0
2025,1,12,4,1.43,4.5,22.0,10.8,43.0
2025,1,12,5,1.72,4.9,11.0,11.9,36.0
2025,1,12,6,1.86,5.1,11.0,12.6,43.0
2025,1,12,7,2.15,5.2,22.0,12.9,44.0
2025,1,12,8,2.1,5.2,33.0,12.8,42.0
2025,1,12,9,2.39,5.3,22.0,12.7,36.0
2025,1,12,10,2.35,5.2,22.0,13.2,32.0
2025,1,12,11,2.2,5.0,33.0,13.1,28.0
2025,1,12,12,2.33,5.1,11.0,12.5,28.0
2025,1,12,13,1.95,4.8,22.0,12.9,29.0
2025,1,12,14,2.0,4.8,22.0,12.4,30.0
2025,1,12,15,1.95,5.0,22.0,12.7,25.0
2025,1,12,16,2.02,4.9,22.0,13.0,27.0
2025,1,12,17,1.77,4.6,22.0,12.6,29.0
2025,1,12,18,1.93,5.0,22.0,12.4,35.0
2025,1,12,19,1.78,5.0,22.0,12.8,37.0
2025,1,12,20,1.94,5.0,22.0,12.5,45.0
2025,1,12,21,2.09,5.1,33.0,13.4,40.0
2025,1,12,22,1.82,4.9,33.0,13.4,43.0
2025,1,12,23,1.71,4.9,22.0,11.7,37.0
2025,1,13,0,1.85,5.0,22.0,12.4,37.0
2025,1,13,1,1.7,5.0,22.0,8.5,53.0
2025,1,13,2,1.67,5.0,22.0,7.4,55.0
2025,1,13,3,1.41,4.8,22.0,8.8,41.0
2025,1,13,4,1.36,5.1,22.0,7.3,45.0
2025,1,13,5,1.4,4.8,11.0,7.7,41.0
2025,1,13,6,1.29,4.8,11.0,7.6,45.0
2025,1,13,7,1.41,4.9,11.0,7.2,43.0
2025,1,13,8,1.41,4.8,22.0,7.0,40.0
2025,1,13,9,1.41,5.1,22.0,5.3,47.0
2025,1,13,10,1.38,5.1,33.0,6.4,33.0
2025,1,13,11,1.44,4.9,22.0,6.4,25.0
2025,1,13,12,1.31,4.6,11.0,6.2,30.0
2025,1,13,13,1.27,4.8,11.0,5.7,26.0
2025,1,13,14,1.12,4.6,22.0,6.2,19.0
2025,1,13,15,1.41,5.0,22.0,7.3,21.0
2025,1,13,16,1.16,4.5,11.0,8.0,20.0
2025,1,13,18,1.45,4.8,0.0,7.3,17.0
2025,1,13,19,1.54,4.9,11.0,7.6,24.0
2025,1,13,20,1.35,5.1,22.0,6.7,30.0
2025,1,13,21,1.44,5.1,11.0,5.8,31.0
2025,1,13,22,1.56,5.6,11.0,2.9,49.0
2025,1,13,23,1.24,5.0,11.0,2.6,38.0
2025,1,14,0,1.04,4.9,22.0,2.8,42.0
2025,1,14,1,0.91,4.7,22.0,2.7,71.0
2025,1,14,2,0.85,4.8,0.0,1.3,24.0
2025,1,14,3,0.87,5.0,0.0,1.5,28.0
2025,1,14,4,0.79,5.0,11.0,1.5,147.0
2025,1,14,5,0.84,5.1,0.0,1.4,139.0
2025,1,14,6,0.89,5.0,22.0,1.1,185.0
2025,1,14,12,1.26,4.9,0.0,6.0,350.0
2025,1,14,13,1.23,4.5,0.0,7.1,360.0
2025,1,14,14,1.28,4.6,337.0,7.1,7.0
2025,1,14,15,1.5,4.6,337.0,8.1,8.0
2025,1,14,16,1.56,4.7,348.0,7.8,11.0
2025,1,14,17,1.4,4.7,348.0,7.1,13.0
2025,1,14,18,1.51,5.2,348.0,6.8,22.0
2025,1,14,19,1.41,5.0,0.0,6.1,22.0
2025,1,14,20,1.38,5.3,0.0,5.8,19.0
2025,1,14,21,1.16,5.1,0.0,3.5,15.0
2025,1,14,22,1.28,5.2,11.0,2.0,26.0
2025,1,14,23,1.29,5.3,11.0,4.2,7.0
2025,1,15,0,1.4,5.3,11.0,3.8,7.0
2025,1,15,1,1.26,5.3,11.0,3.3,14.0
2025,1,15,2,1.19,5.6,0.0,3.5,39.0
2025,1,15,3,1.05,5.0,22.0,3.1,119.0
2025,1,15,4,0.91,5.0,22.0,4.1,92.0
2025,1,15,5,0.81,4.9,11.0,5.1,71.0
2025,1,15,6,0.81,4.8,348.0,4.4,56.0
2025,1,15,7,0.82,4.7,0.0,5.7,28.0
2025,1,15,8,1.19,4.6,0.0,11.1,31.0
2025,1,15,9,2.5,5.8,11.0,14.2,30.0
2025,1,15,10,3.69,6.6,11.0,16.1,32.0
2025,1,15,11,3.85,6.5,22.0,16.3,33.0
2025,1,15,12,3.81,6.5,11.0,16.6,34.0
2025,1,15,13,3.51,6.3,11.0,16.6,32.0
2025,1,15,14,3.72,6.5,0.0,16.8,34.0
2025,1,15,15,3.48,6.6,11.0,17.7,35.0
2025,1,15,16,3.51,6.1,0.0,17.9,38.0
2025,1,15,17,3.44,6.2,22.0,17.3,37.0
2025,1,15,18,3.11,6.0,11.0,16.3,37.0
2025,1,15,19,3.31,6.2,11.0,16.5,38.0
2025,1,15,20,3.25,6.4,11.0,16.6,38.0
2025,1,15,21,3.66,6.6,11.0,17.6,38.0
2025,1,15,22,3.36,6.4,22.0,15.7,38.0
2025,1,15,23,3.48,6.5,22.0,16.3,37.0
2025,1,16,0,3.53,6.4,22.0,16.1,37.0
2025,1,16,1,3.63,6.1,22.0,16.4,36.0
2025,1,16,2,3.03,5.9,11.0,16.5,34.0
2025,1,16,4,3.07,5.6,22.0,16.3,40.0
2025,1,16,5,3.35,6.2,11.0,15.4,42.0
2025,1,16,6,2.73,5.4,22.0,15.3,40.0
2025,1,16,7,2.61,5.5,11.0,14.8,38.0
2025,1,16,8,2.53,5.8,11.0,14.9,37.0
2025,1,16,9,2.59,5.5,22.0,14.9,39.0
2025,1,16,10,2.6,5.8,11.0,14.2,31.0
2025,1,16,11,3.0,5.9,22.0,13.9,25.0
2025,1,16,12,2.82,5.7,11.0,13.6,23.0
2025,1,16,13,2.39,5.5,22.0,13.4,26.0
2025,1,16,14,2.77,5.5,22.0,14.6,27.0
2025,1,16,15,2.93,5.4,11.0,14.6,26.0
2025,1,16,16,2.86,5.4,22.0,14.5,28.0
2025,1,16,17,2.64,5.5,11.0,14.3,33.0
2025,1,16,19,2.4,5.2,11.0,13.8,38.0
2025,1,16,20,2.2,5.4,11.0,12.2,46.0
2025,1,16,21,2.09,5.2,11.0,12.5,42.0
2025,1,16,22,2.19,5.1,22.0,12.8,40.0
2025,1,16,23,2.5,5.5,22.0,12.9,41.0
2025,1,17,0,2.24,5.3,11.0,12.2,42.0
2025,1,17,1,2.03,5.2,22.0,13.1,39.0
2025,1,17,2,2.4,5.6,22.0,12.7,40.0
2025,1,17,3,2.0,4.9,22.0,13.3,38.0
2025,1,17,4,2.02,5.0,22.0,13.3,43.0
2025,1,17,5,2.27,5.0,22.0,14.4,40.0
2025,1,17,6,2.29,5.2,22.0,14.0,40.0
2025,1,17,7,2.45,5.5,11.0,13.3,44.0
2025,1,17,8,2.31,5.6,11.0,14.0,39.0
2025,1,17,9,2.45,5.7,11.0,13.3,40.0
2025,1,17,10,2.32,5.7,22.0,12.7,36.0
2025,1,17,11,2.72,5.9,33.0,12.4,30.0
2025,1,17,12,2.57,5.7,22.0,13.2,28.0
2025,1,17,13,2.62,5.5,22.0,13.3,28.0
2025,1,17,14,2.61,5.6,33.0,13.7,24.0
2025,1,17,15,2.65,5.9,22.0,13.7,26.0
2025,1,17,16,2.45,5.4,33.0,13.0,27.0
2025,1,17,17,2.36,5.3,22.0,13.2,29.0
2025,1,17,18,2.57,5.5,11.0,12.1,34.0
2025,1,17,19,2.41,5.3,22.0,12.2,37.0
2025,1,17,20,1.97,5.3,11.0,11.6,39.0
2025,1,17,21,2.26,5.4,11.0,10.6,40.0
2025,1,17,22,1.81,5.3,22.0,9.6,42.0
2025,1,17,23,2.18,5.9,11.0,8.6,35.0
2025,1,18,0,2.0,6.1,22.0,8.4,38.0
2025,1,18,1,1.72,5.6,22.0,7.0,40.0
2025,1,18,2,1.87,5.8,22.0,5.7,40.0
2025,1,18,3,1.43,5.3,33.0,4.6,29.0
2025,1,18,4,1.46,5.5,11.0,5.9,28.0
2025,1,18,5,1.3,5.4,11.0,7.2,37.0
2025,1,18,6,1.39,5.0,22.0,8.2,36.0
2025,1,18,7,1.17,5.0,0.0,5.9,44.0
2025,1,18,8,1.48,5.1,0.0,7.3,34.0
2025,1,18,9,1.49,5.2,0.0,7.9,31.0
2025,1,18,10,1.68,5.7,0.0,6.4,30.0
2025,1,18,11,1.68,5.5,11.0,7.6,10.0
2025,1,18,12,1.69,5.5,11.0,7.8,18.0
2025,1,18,13,2.01,5.8,0.0,8.0,16.0
2025,1,18,14,2.07,5.6,0.0,9.7,8.0
2025,1,18,15,2.2,5.6,0.0,9.0,10.0
2025,1,18,16,1.8,5.1,0.0,9.6,13.0
2025,1,18,17,2.25,5.4,11.0,8.9,13.0
2025,1,18,18,2.03,5.3,0.0,9.3,15.0
2025,1,18,19,1.97,5.1,0.0,9.0,13.0
2025,1,18,20,2.14,5.5,0.0,8.7,18.0
2025,1,18,21,1.81,5.4,0.0,7.4,5.0
2025,1,18,22,2.05,5.6,0.0,8.9,11.0
2025,1,18,23,1.84,5.5,0.0,7.7,14.0
2025,1,19,0,1.85,5.5,11.0,7.4,3.0
2025,1,19,1,1.72,5.4,11.0,6.5,17.0
2025,1,19,2,1.73,5.4,33.0,6.7,16.0
2025,1,19,3,1.45,5.1,22.0,5.6,26.0
2025,1,19,4,1.56,5.4,11.0,4.2,20.0
2025,1,19,5,1.4,5.4,11.0,3.9,22.0
2025,1,19,7,1.3,5.4,0.0,4.8,64.0
2025,1,19,8,1.3,5.4,0.0,4.8,45.0
2025,1,19,9,1.18,4.9,11.0,7.7,39.0
2025,1,19,10,1.72,4.9,11.0,9.9,31.0
2025,1,19,11,1.54,4.9,11.0,9.1,40.0
2025,1,19,12,1.68,5.2,11.0,10.1,42.0
2025,1,19,13,1.84,5.3,22.0,9.2,37.0
2025,1,19,14,1.72,5.3,22.0,9.8,24.0
2025,1,19,15,2.16,5.4,22.0,11.4,28.0
2025,1,19,16,2.01,5.3,22.0,10.9,29.0
2025,1,19,17,1.73,4.9,22.0,10.9,28.0
2025,1,19,18,1.79,5.1,33.0,10.5,29.0
2025,1,19,19,1.57,4.8,33.0,10.5,32.0
2025,1,19,20,1.5,4.6,22.0,10.6,33.0
2025,1,19,21,1.82,5.4,33.0,11.4,38.0
2025,1,19,22,1.84,5.1,33.0,10.3,39.0
2025,1,19,23,1.8,5.3,11.0,10.0,44.0
2025,1,20,0,1.73,5.2,22.0,9.1,35.0
2025,1,20,1,1.86,5.4,11.0,8.2,43.0
2025,1,20,2,2.01,5.4,22.0,8.9,43.0
2025,1,20,3,1.96,5.1,33.0,12.3,32.0
2025,1,20,4,2.2,5.4,22.0,11.0,37.0
2025,1,20,5,1.83,5.3,22.0,8.1,50.0
2025,1,20,6,1.76,5.4,33.0,6.9,52.0
2025,1,20,7,1.49,5.2,33.0,7.3,43.0
2025,1,20,8,1.36,5.1,22.0,5.5,50.0
2025,1,20,9,1.39,5.4,22.0,5.2,42.0
2025,1,20,10,1.4,5.3,22.0,6.4,26.0
2025,1,20,11,1.41,4.9,22.0,9.2,30.0
2025,1,20,12,1.53,4.9,11.0,9.6,31.0
2025,1,20,13,1.69,4.9,22.0,10.8,27.0
2025,1,20,14,1.87,5.2,33.0,10.8,22.0
2025,1,20,15,2.27,5.5,22.0,12.6,25.0
2025,1,20,16,2.18,5.2,22.0,12.0,28.0
2025,1,20,17,2.67,5.6,22.0,12.4,31.0
2025,1,20,18,2.49,5.9,22.0,12.5,30.0
2025,1,20,19,2.45,5.5,11.0,10.8,33.0
2025,1,20,20,1.94,5.3,22.0,10.8,28.0
2025,1,20,21,1.88,5.1,11.0,10.8,36.0
2025,1,20,22,1.78,5.1,22.0,10.6,37.0
2025,1,20,23,1.8,5.3,22.0,10.6,37.0
2025,1,21,0,1.73,5.2,22.0,8.8,37.0
2025,1,21,1,1.62,5.1,45.0,8.4,38.0
2025,1,21,2,1.58,4.9,22.0,9.6,34.0
2025,1,21,3,1.67,5.0,22.0,9.4,30.0
2025,1,21,4,1.89,5.2,33.0,10.2,36.0
2025,1,21,5,1.9,5.3,22.0,10.3,38.0
2025,1,21,6,1.68,5.0,22.0,8.0,43.0
2025,1,21,7,1.75,5.3,22.0,7.6,37.0
2025,1,21,8,1.74,5.3,22.0,7.1,34.0
2025,1,21,9,1.54,5.1,22.0,7.4,34.0
2025,1,21,10,1.53,5.3,11.0,6.2,37.0
2025,1,21,11,1.52,5.2,22.0,5.6,31.0
2025,1,21,12,1.52,5.4,22.0,4.3,19.0
2025,1,21,13,1.61,5.2,22.0,7.3,14.0
2025,1,21,14,1.71,5.1,11.0,8.0,17.0
2025,1,21,15,1.79,5.1,11.0,8.2,18.0
2025,1,21,16,1.81,5.2,11.0,7.3,13.0
2025,1,21,17,1.78,5.1,22.0,8.0,9.0
2025,1,21,18,1.64,4.9,11.0,6.4,356.0
2025,1,21,19,1.51,5.1,0.0,5.1,353.0
2025,1,21,20,1.34,5.0,0.0,4.3,359.0
2025,1,21,21,1.43,5.3,11.0,3.8,357.0
2025,1,21,22,1.42,5.2,348.0,2.2,5.0
2025,1,21,23,1.27,5.2,348.0,2.5,337.0
2025,1,22,0,1.22,5.0,348.0,2.2,1.0
2025,1,22,1,1.25,5.0,0.0,1.2,17.0
2025,1,22,2,1.4,5.2,11.0,2.5,156.0
2025,1,22,3,1.36,5.4,348.0,2.9,213.0
2025,1,22,4,1.31,5.2,348.0,2.9,249.0
2025,1,22,6,1.17,5.0,0.0,1.4,352.0
2025,1,22,7,1.15,4.9,0.0,2.9,16.0
2025,1,22,8,1.22,5.1,337.0,2.2,186.0
2025,1,22,9,1.5,5.5,326.0,2.6,240.0
2025,1,22,10,1.51,5.4,348.0,4.6,358.0
2025,1,22,11,1.46,5.2,337.0,5.2,13.0
2025,1,22,12,1.54,5.2,337.0,6.1,3.0
2025,1,22,13,1.53,4.9,348.0,6.8,360.0
2025,1,22,14,1.59,5.1,0.0,7.5,5.0
2025,1,22,15,1.84,5.7,348.0,7.3,22.0
2025,1,22,16,1.42,4.7,348.0,7.2,24.0
2025,1,22,17,1.76,5.2,0.0,7.8,14.0
2025,1,22,18,1.52,4.8,348.0,8.0,25.0
2025,1,22,19,1.56,5.1,0.0,8.6,42.0
2025,1,22,20,1.35,4.8,0.0,6.2,34.0
2025,1,22,21,1.25,4.9,348.0,5.5,15.0
2025,1,22,22,1.27,4.8,0.0,6.9,7.0
2025,1,22,23,1.16,4.8,348.0,6.6,27.0
2025,1,23,0,1.11,4.8,348.0,5.1,33.0
2025,1,23,1,1.08,5.1,0.0,4.4,13.0
2025,1,23,2,1.14,4.9,0.0,6.0,19.0
2025,1,23,3,1.23,5.1,11.0,5.5,12.0
2025,1,23,4,1.35,5.1,0.0,6.2,12.0
2025,1,23,5,1.19,4.9,0.0,6.3,26.0
2025,1,23,6,1.32,5.0,11.0,5.7,28.0
2025,1,23,7,1.3,4.8,11.0,6.9,23.0
2025,1,23,8,1.2,5.0,22.0,6.7,28.0
2025,1,23,9,1.02,4.5,11.0,6.8,32.0
2025,1,23,10,1.06,4.4,22.0,8.3,26.0
2025,1,23,11,1.12,4.4,11.0,8.5,34.0
2025,1,23,12,1.1,4.4,11.0,8.9,29.0
2025,1,23,13,1.11,4.2,11.0,9.1,23.0
2025,1,23,15,1.39,4.4,22.0,9.5,24.0
2025,1,23,16,1.34,4.5,22.0,9.4,27.0
2025,1,23,17,1.56,4.7,22.0,10.5,29.0
2025,1,23,18,1.51,4.6,11.0,10.9,34.0
2025,1,23,19,1.83,5.1,22.0,10.2,32.0
2025,1,23,20,1.81,5.0,22.0,10.9,32.0
2025,1,23,21,1.83,5.0,22.0,10.2,31.0
2025,1,23,22,1.8,5.0,22.0,11.0,35.0
2025,1,23,23,1.78,4.9,22.0,12.0,30.0
2025,1,24,0,1.81,5.0,22.0,11.4,33.0
2025,1,24,1,1.72,5.0,33.0,11.1,33.0
2025,1,24,2,1.6,4.9,22.0,10.8,27.0
2025,1,24,3,1.81,5.3,11.0,10.7,26.0
2025,1,24,4,1.67,5.0,33.0,10.9,26.0
2025,1,24,5,1.77,5.0,22.0,11.5,28.0
2025,1,24,6,1.8,4.8,22.0,11.0,27.0
2025,1,24,7,1.98,5.2,22.0,11.3,29.0
2025,1,24,8,2.05,5.1,11.0,9.8,36.0
2025,1,24,9,1.77,5.0,22.0,9.8,24.0
2025,1,24,10,1.67,4.9,33.0,10.9,19.0
2025,1,24,11,2.03,5.1,22.0,11.1,25.0
2025,1,24,12,1.74,4.8,11.0,11.0,32.0
2025,1,24,13,1.88,5.0,11.0,10.8,27.0
2025,1,24,14,1.85,4.9,11.0,11.3,27.0
2025,1,24,15,2.18,5.2,11.0,12.0,27.0
2025,1,24,16,2.35,5.4,22.0,12.3,31.0
2025,1,24,18,2.04,5.4,11.0,12.0,26.0
2025,1,24,19,2.51,6.0,22.0,12.3,25.0
2025,1,24,20,2.2,5.4,22.0,11.3,31.0
2025,1,24,21,2.33,5.8,22.0,10.9,31.0
2025,1,24,22,1.88,5.4,11.0,10.2,27.0
2025,1,24,23,1.75,5.1,11.0,10.6,25.0
2025,1,25,0,2.19,5.4,11.0,10.0,28.0
2025,1,25,1,1.79,5.2,11.0,9.5,27.0
2025,1,25,2,1.94,5.2,11.0,10.4,28.0
2025,1,25,3,2.03,5.2,11.0,10.8,29.0
2025,1,25,4,2.28,5.6,11.0,10.5,34.0
2025,1,25,5,1.95,5.1,11.0,11.6,34.0
2025,1,25,6,2.17,5.5,22.0,10.9,34.0
2025,1,25,7,2.08,5.2,22.0,12.0,30.0
2025,1,25,8,2.59,5.6,22.0,12.3,35.0
2025,1,25,9,2.33,5.3,22.0,12.5,33.0
2025,1,25,10,2.05,5.2,22.0,12.3,31.0
2025,1,25,11,2.38,5.5,22.0,12.7,28.0
2025,1,25,12,2.31,5.3,22.0,12.7,26.0
2025,1,25,13,2.21,5.3,11.0,13.0,27.0
2025,1,25,14,2.45,5.5,11.0,13.1,27.0
2025,1,25,15,2.3,5.4,11.0,13.1,28.0
2025,1,25,16,2.86,5.6,11.0,13.3,25.0
2025,1,25,17,2.46,5.4,11.0,14.0,23.0
2025,1,25,18,2.61,5.6,11.0,13.8,26.0
2025,1,25,19,2.45,5.5,11.0,13.0,25.0
2025,1,25,20,2.53,5.6,11.0,12.9,26.0
2025,1,25,21,2.52,5.6,22.0,13.0,26.0
2025,1,25,22,2.36,5.6,11.0,10.9,27.0
2025,1,25,23,2.05,5.3,11.0,10.8,20.0
2025,1,26,0,2.32,5.4,11.0,11.7,20.0
2025,1,26,1,2.08,5.3,11.0,11.1,23.0
2025,1,26,2,2.27,5.4,11.0,11.0,26.0
2025,1,26,3,2.04,5.3,0.0,10.6,24.0
2025,1,26,4,2.37,5.4,0.0,11.1,22.0
2025,1,26,5,2.1,5.2,11.0,10.8,27.0
2025,1,26,6,2.14,5.4,11.0,11.6,23.0
2025,1,26,8,2.09,5.4,11.0,9.6,31.0
2025,1,26,9,2.16,5.3,11.0,10.2,21.0
2025,1,26,11,2.26,5.2,11.0,13.1,22.0
2025,1,26,12,2.41,5.3,11.0,12.9,23.0
2025,1,26,13,2.42,5.3,0.0,13.0,24.0
2025,1,26,14,2.61,5.6,11.0,13.4,28.0
2025,1,26,15,2.42,5.5,11.0,12.7,22.0
2025,1,26,16,2.56,5.6,0.0,13.2,17.0
2025,1,26,17,2.68,5.7,11.0,13.4,15.0
2025,1,26,18,2.87,6.0,0.0,13.8,22.0
2025,1,26,19,2.63,5.5,11.0,13.1,23.0
2025,1,26,20,2.73,5.7,22.0,13.2,30.0
2025,1,26,21,2.69,5.9,11.0,14.0,28.0
2025,1,26,22,2.53,5.3,22.0,14.2,30.0
2025,1,26,23,2.58,5.6,11.0,13.5,32.0
2025,1,27,0,2.51,5.5,22.0,13.4,28.0
2025,1,27,1,2.42,5.2,22.0,13.7,24.0
2025,1,27,2,2.46,5.5,11.0,13.6,26.0
2025,1,27,3,2.59,5.4,11.0,14.1,24.0
2025,1,27,4,2.46,5.4,0.0,14.9,19.0
2025,1,27,6,2.81,5.7,22.0,15.2,24.0
2025,1,27,7,2.9,5.8,11.0,15.8,31.0
2025,1,27,8,2.83,5.6,22.0,15.8,30.0
2025,1,27,9,2.51,5.2,22.0,14.8,32.0
2025,1,27,10,2.35,5.3,22.0,13.2,38.0
2025,1,27,11,2.55,5.5,22.0,13.8,32.0
2025,1,27,12,2.59,5.4,22.0,14.9,27.0
2025,1,27,14,2.33,5.1,11.0,14.1,28.0
2025,1,27,15,2.19,5.0,0.0,14.2,26.0
2025,1,27,16,2.27,5.1,22.0,14.6,27.0
2025,1,27,17,2.31,5.2,11.0,14.4,34.0
2025,1,27,18,2.4,5.3,22.0,14.2,31.0
2025,1,27,19,2.25,5.1,11.0,14.1,35.0
2025,1,27,20,2.67,5.5,22.0,13.6,36.0
2025,1,27,21,2.78,5.3,22.0,15.2,39.0
2025,1,27,22,2.48,5.3,22.0,14.6,38.0
2025,1,27,23,2.33,5.2,22.0,14.4,39.0
2025,1,28,0,2.57,5.3,22.0,14.0,38.0
2025,1,28,1,2.25,5.1,22.0,15.0,35.0
2025,1,28,2,2.47,5.2,22.0,14.8,37.0
2025,1,28,3,2.07,4.9,0.0,14.5,40.0
2025,1,28,4,2.47,5.3,22.0,15.0,43.0
2025,1,28,5,2.5,5.7,22.0,14.9,47.0
2025,1,28,6,2.24,5.2,11.0,14.6,44.0
2025,1,28,7,2.26,5.2,22.0,14.2,40.0
2025,1,28,8,2.38,5.3,11.0,14.4,35.0
2025,1,28,9,2.19,5.4,11.0,12.8,40.0
2025,1,28,10,2.01,5.0,11.0,12.3,32.0
2025,1,28,11,2.03,5.0,22.0,11.6,26.0
2025,1,28,12,1.97,4.9,11.0,12.2,24.0
2025,1,28,13,1.74,4.6,11.0,12.9,24.0
2025,1,28,14,2.05,4.9,22.0,12.5,28.0
2025,1,28,15,1.96,4.7,22.0,13.9,32.0
2025,1,28,16,2.24,5.2,11.0,14.1,36.0
2025,1,28,17,2.3,5.3,11.0,13.7,29.0
2025,1,28,18,2.28,5.1,22.0,13.8,29.0
2025,1,28,19,2.19,5.2,11.0,13.1,30.0
2025,1,28,20,2.34,5.5,11.0,12.2,38.0
2025,1,28,21,2.26,5.3,22.0,12.1,42.0
2025,1,28,22,2.02,5.1,22.0,10.4,42.0
2025,1,28,23,1.85,5.2,22.0,9.8,40.0
2025,1,29,0,1.58,4.8,33.0,9.9,52.0
2025,1,29,1,1.55,4.8,22.0,10.5,47.0
2025,1,29,2,1.63,4.7,11.0,10.7,45.0
2025,1,29,3,1.48,4.6,22.0,10.0,49.0
2025,1,29,4,1.52,4.8,22.0,10.7,38.0
2025,1,29,5,1.65,5.0,22.0,11.3,50.0
2025,1,29,6,1.66,5.1,22.0,9.6,59.0
2025,1,29,8,2.0,5.6,22.0,10.1,47.0
2025,1,29,10,1.8,5.2,33.0,10.2,33.0
2025,1,29,11,1.95,5.1,33.0,10.6,29.0
2025,1,29,12,2.16,5.2,33.0,10.4,31.0
2025,1,29,13,1.89,4.9,22.0,10.3,25.0
2025,1,29,15,2.02,5.2,22.0,11.3,31.0
2025,1,29,16,2.01,5.1,22.0,10.6,29.0
2025,1,29,17,2.15,5.1,22.0,11.5,35.0
2025,1,29,18,2.06,5.2,22.0,9.6,39.0
2025,1,29,19,1.72,5.2,11.0,8.6,44.0
2025,1,29,20,1.59,5.1,22.0,7.9,38.0
2025,1,29,21,1.56,5.2,22.0,6.5,52.0
2025,1,29,22,1.4,5.3,22.0,5.8,53.0
2025,1,29,23,1.52,5.3,22.0,4.7,53.0
2025,1,30,0,1.25,5.1,22.0,3.9,55.0
2025,1,30,1,1.08,5.1,33.0,1.3,82.0
2025,1,30,2,0.96,4.9,33.0,1.1,145.0
2025,1,30,4,0.93,5.2,22.0,2.1,159.0
2025,1,30,5,0.9,5.2,22.0,3.0,152.0
2025,1,30,6,0.93,5.2,0.0,1.9,158.0
2025,1,30,7,0.89,5.3,11.0,1.4,180.0
2025,1,30,9,1.09,5.5,11.0,3.1,16.0
2025,1,30,10,1.06,5.4,11.0,3.2,40.0
2025,1,30,11,1.15,5.4,22.0,3.7,27.0
2025,1,30,12,1.08,5.2,22.0,4.4,10.0
2025,1,30,13,1.07,4.9,33.0,5.7,5.0
2025,1,30,14,1.3,4.8,11.0,5.1,9.0
2025,1,30,15,1.21,4.8,348.0,5.0,356.0
2025,1,30,16,1.13,4.8,337.0,5.6,360.0
2025,1,30,17,1.26,4.8,348.0,6.2,3.0
2025,1,30,18,1.41,4.8,326.0,6.9,16.0
2025,1,30,19,1.66,5.2,337.0,6.6,13.0
2025,1,30,20,1.5,5.2,337.0,5.7,16.0
2025,1,30,21,1.78,5.7,348.0,4.7,16.0
2025,1,30,22,1.82,5.6,348.0,3.6,20.0
2025,1,30,23,1.74,5.5,0.0,2.1,353.0
2025,1,31,0,1.63,5.4,348.0,2.7,1.0
2025,1,31,1,1.54,5.3,348.0,2.0,117.0
2025,1,31,4,1.35,5.1,337.0,2.1,14.0
2025,1,31,5,1.12,5.2,337.0,2.5,358.0
2025,1,31,6,1.12,5.0,337.0,1.3,33.0
2025,1,31,7,1.02,4.9,337.0,3.5,185.0
2025,1,31,8,0.91,4.9,337.0,2.3,206.0
2025,1,31,9,0.95,4.9,337.0,2.9,253.0
2025,1,31,10,1.28,5.1,348.0,2.7,226.0
2025,1,31,12,1.16,5.0,337.0,3.5,351.0
2025,1,31,13,1.04,4.9,0.0,4.2,6.0
2025,1,31,14,0.97,4.8,0.0,3.9,13.0
2025,1,31,15,0.95,4.7,22.0,4.9,25.0
2025,1,31,16,0.92,4.5,0.0,4.7,36.0
2025,1,31,17,0.77,4.5,0.0,4.3,29.0
2025,1,31,18,0.75,4.5,348.0,4.6,356.0
2025,1,31,19,0.64,4.3,0.0,3.7,4.0
2025,1,31,20,0.67,4.2,348.0,5.4,13.0
2025,1,31,21,0.79,4.3,0.0,4.6,33.0
2025,1,31,22,0.79,4.5,11.0,3.1,11.0
2025,1,31,23,0.78,4.3,11.0,2.4,58.0
2025,2,1,0,0.65,4.1,11.0,1.4,8.0
2025,2,1,1,0.75,4.7,22.0,2.3,138.0
2025,2,1,4,0.53,4.6,22.0,1.9,281.0
2025,2,1,5,0.52,4.8,11.0,1.9,335.0
2025,2,1,6,0.43,4.8,0.0,1.8,39.0
2025,2,1,7,0.41,4.8,337.0,2.7,19.0
2025,2,1,8,0.43,4.6,0.0,2.9,38.0
2025,2,1,9,0.42,4.7,348.0,4.9,28.0
2025,2,1,10,0.47,4.2,11.0,6.1,36.0
2025,2,1,11,0.67,3.8,22.0,6.5,30.0
2025,2,1,12,0.62,3.9,33.0,5.7,23.0
2025,2,1,13,0.66,3.6,22.0,6.5,23.0
2025,2,1,14,0.8,3.6,11.0,6.7,33.0
2025,2,1,15,0.82,3.6,11.0,8.9,24.0
2025,2,1,17,1.22,4.1,22.0,10.9,23.0
2025,2,1,18,1.43,4.2,22.0,11.0,21.0
2025,2,1,19,1.68,4.8,33.0,11.9,38.0
2025,2,1,20,1.83,5.1,33.0,10.9,29.0
2025,2,1,21,2.04,5.3,22.0,13.2,29.0
2025,2,1,22,2.5,5.6,33.0,13.5,37.0
2025,2,1,23,2.59,5.8,22.0,13.8,34.0
2025,2,2,0,3.25,6.2,22.0,13.0,35.0
2025,2,2,1,2.75,6.0,33.0,11.6,38.0
2025,2,2,2,2.24,5.5,22.0,10.3,34.0
2025,2,2,3,2.31,5.6,22.0,9.9,38.0
2025,2,2,4,2.27,6.0,11.0,12.1,27.0
2025,2,2,5,2.47,5.9,11.0,11.6,24.0
2025,2,2,6,2.47,5.8,11.0,12.3,30.0
2025,2,2,7,2.26,5.5,11.0,12.0,32.0
2025,2,2,8,2.27,5.8,11.0,11.8,35.0
2025,2,2,9,2.3,5.6,11.0,12.2,31.0
2025,2,2,10,2.29,5.8,33.0,12.3,33.0
2025,2,2,11,2.39,5.7,11.0,11.7,32.0
2025,2,2,12,2.47,5.7,33.0,12.4,30.0
2025,2,2,13,2.78,5.6,33.0,11.8,34.0
2025,2,2,14,2.57,5.5,22.0,12.0,29.0
2025,2,2,15,2.45,5.4,22.0,11.7,26.0
2025,2,2,16,2.07,5.1,11.0,12.2,22.0
2025,2,2,17,2.08,4.9,22.0,12.6,30.0
2025,2,2,18,1.97,5.0,22.0,11.7,35.0
2025,2,2,19,2.14,5.2,11.0,12.5,33.0
2025,2,2,20,2.05,5.0,22.0,12.2,37.0
2025,2,2,21,2.29,5.5,22.0,12.1,32.0
2025,2,2,22,2.06,5.5,11.0,11.6,35.0
2025,2,2,23,2.08,5.5,11.0,11.5,36.0
2025,2,3,0,2.1,5.4,22.0,12.3,31.0
2025,2,3,1,2.59,5.6,22.0,13.0,29.0
2025,2,3,2,2.88,5.7,11.0,13.6,30.0
2025,2,3,3,2.53,5.5,22.0,13.2,34.0
2025,2,3,5,2.46,5.5,22.0,12.4,34.0
2025,2,3,6,2.27,5.4,33.0,12.8,30.0
2025,2,3,7,2.39,5.7,11.0,13.0,28.0
2025,2,3,8,2.58,5.5,11.0,12.6,33.0
2025,2,3,9,2.81,5.7,11.0,14.1,27.0
2025,2,3,10,2.86,6.1,11.0,15.0,29.0
2025,2,3,11,2.88,5.9,11.0,14.7,33.0
2025,2,3,12,3.12,6.3,11.0,14.9,30.0
2025,2,3,13,2.99,5.9,22.0,15.0,32.0
2025,2,3,14,3.09,5.7,22.0,15.8,27.0
2025,2,3,15,2.85,5.4,22.0,15.2,32.0
2025,2,3,16,3.24,6.0,22.0,16.0,28.0
2025,2,3,17,3.06,5.7,11.0,17.0,28.0
2025,2,3,18,2.88,5.8,11.0,15.8,31.0
2025,2,3,19,2.78,5.7,11.0,15.8,32.0
2025,2,3,20,2.88,5.5,11.0,14.7,30.0
2025,2,3,21,2.62,5.8,11.0,15.2,33.0
2025,2,3,22,2.74,5.5,22.0,15.0,28.0
2025,2,3,23,2.85,5.7,11.0,15.5,34.0
2025,2,4,0,2.38,5.4,22.0,16.3,26.0
2025,2,4,1,3.32,6.0,22.0,16.5,31.0
2025,2,4,2,3.38,5.9,22.0,17.5,28.0
2025,2,4,3,3.06,5.7,33.0,17.3,27.0
2025,2,4,4,3.39,6.1,11.0,17.1,33.0
2025,2,4,5,3.08,5.7,22.0,16.6,36.0
2025,2,4,6,3.01,5.7,11.0,16.3,33.0
2025,2,4,7,2.41,5.1,22.0,15.5,35.0
2025,2,4,8,2.3,5.4,22.0,15.9,37.0
2025,2,4,9,2.52,5.4,11.0,16.3,39.0
2025,2,4,10,2.58,5.2,11.0,14.1,39.0
2025,2,4,11,2.42,5.4,22.0,12.9,32.0
2025,2,4,12,2.59,5.3,22.0,14.5,26.0
2025,2,4,13,2.45,5.4,11.0,15.0,24.0
2025,2,4,14,2.83,5.6,22.0,14.2,22.0
2025,2,4,15,2.65,5.4,11.0,15.0,22.0
2025,2,4,16,2.56,5.3,33.0,16.0,27.0
2025,2,4,17,2.61,5.3,11.0,15.8,30.0
2025,2,4,18,2.4,5.3,11.0,15.0,37.0
2025,2,4,19,2.5,5.2,11.0,14.8,39.0
2025,2,4,20,2.15,5.0,22.0,13.5,39.0
2025,2,4,21,2.0,5.1,22.0,12.1,40.0
2025,2,4,22,1.69,5.0,11.0,11.2,34.0
2025,2,4,23,1.83,4.9,22.0,10.2,40.0
2025,2,5,0,1.57,4.9,11.0,8.8,44.0
2025,2,5,1,1.66,5.0,22.0,9.1,49.0
2025,2,5,2,1.65,4.9,11.0,8.5,54.0
2025,2,5,3,1.58,4.8,22.0,7.5,49.0
2025,2,5,4,1.62,4.8,22.0,9.1,35.0
2025,2,5,5,1.44,4.8,22.0,8.4,37.0
2025,2,5,6,1.53,4.6,22.0,9.3,45.0
2025,2,5,7,1.47,4.6,11.0,9.2,39.0
2025,2,5,8,1.49,4.6,22.0,9.4,41.0
2025,2,5,9,1.43,4.6,22.0,8.2,44.0
2025,2,5,10,1.39,4.8,11.0,8.4,35.0
2025,2,5,11,1.39,4.7,11.0,7.0,30.0
2025,2,5,12,1.48,5.0,0.0,7.0,25.0
2025,2,5,13,1.26,4.7,11.0,8.1,21.0
2025,2,5,14,1.43,4.6,22.0,7.8,26.0
2025,2,5,15,1.49,4.8,11.0,7.5,25.0
2025,2,5,16,1.55,4.9,22.0,6.9,30.0
2025,2,5,17,1.28,4.6,11.0,7.2,24.0
2025,2,5,18,1.15,4.6,22.0,5.8,31.0
2025,2,5,19,1.17,4.8,11.0,5.2,27.0
2025,2,5,20,1.04,4.8,22.0,6.4,4.0
2025,2,5,21,1.28,4.9,11.0,7.2,21.0
2025,2,5,22,1.04,4.5,348.0,7.0,29.0
2025,2,5,23,1.21,4.8,348.0,5.3,46.0
2025,2,6,0,1.09,5.0,0.0,4.0,42.0
2025,2,6,1,1.02,4.9,0.0,3.4,23.0
2025,2,6,2,1.19,5.1,11.0,3.0,13.0
2025,2,6,3,1.17,5.1,0.0,3.1,33.0
2025,2,6,4,1.13,5.0,11.0,2.4,35.0
2025,2,6,5,1.19,5.1,11.0,1.8,80.0
2025,2,6,6,1.02,5.1,33.0,2.4,349.0
2025,2,6,7,1.08,5.1,22.0,2.4,26.0
2025,2,6,8,0.96,5.0,22.0,3.1,40.0
2025,2,6,9,0.97,5.1,11.0,2.6,55.0
2025,2,6,10,0.97,5.3,11.0,2.0,43.0
2025,2,6,11,0.97,5.2,11.0,3.2,15.0
2025,2,6,12,1.01,5.4,11.0,3.0,7.0
2025,2,6,13,1.14,5.5,11.0,4.2,358.0
2025,2,6,14,1.2,5.4,11.0,5.0,360.0
2025,2,6,15,1.07,5.0,22.0,5.4,12.0
2025,2,6,16,1.37,5.4,11.0,6.5,14.0
2025,2,6,17,1.27,4.9,22.0,6.2,13.0
2025,2,6,18,1.29,4.9,33.0,5.8,21.0
2025,2,6,19,1.37,4.7,0.0,8.1,14.0
2025,2,6,20,1.53,4.9,348.0,8.9,17.0
2025,2,6,21,1.87,5.1,348.0,8.9,17.0
2025,2,6,22,1.98,5.4,337.0,9.8,9.0
2025,2,6,23,1.89,5.3,348.0,9.9,16.0
2025,2,7,0,2.19,5.7,337.0,9.5,24.0
2025,2,7,1,2.29,5.8,348.0,10.6,31.0
2025,2,7,2,2.64,5.9,0.0,10.9,33.0
2025,2,7,3,2.71,6.4,0.0,10.8,25.0
2025,2,7,4,2.98,6.4,0.0,12.5,23.0
2025,2,7,5,3.48,6.6,11.0,14.2,26.0
2025,2,7,6,3.62,6.7,11.0,14.4,27.0
2025,2,7,7,3.19,6.5,11.0,14.2,28.0
2025,2,7,8,3.4,6.4,11.0,14.6,30.0
2025,2,7,9,3.0,6.2,11.0,14.4,28.0
2025,2,7,10,3.3,6.2,22.0,14.6,31.0
2025,2,7,11,2.96,5.9,22.0,14.5,27.0
2025,2,7,12,2.94,6.0,11.0,15.5,25.0
2025,2,7,13,2.91,6.1,11.0,15.8,30.0
2025,2,7,14,3.31,6.4,11.0,16.2,23.0
2025,2,7,15,3.28,6.5,11.0,17.0,25.0
2025,2,7,16,3.38,6.1,22.0,17.5,31.0
2025,2,7,17,3.29,6.2,11.0,17.7,33.0
2025,2,7,18,3.17,6.2,11.0,18.0,30.0
2025,2,7,19,3.02,6.0,22.0,17.9,25.0
2025,2,7,20,3.41,6.3,11.0,18.0,29.0
2025,2,7,21,3.59,6.2,22.0,17.6,33.0
2025,2,7,22,2.91,5.7,11.0,16.7,35.0
2025,2,7,23,2.74,5.7,11.0,15.7,34.0
2025,2,8,0,2.88,5.9,22.0,17.3,34.0
2025,2,8,1,2.79,5.5,22.0,16.8,36.0
2025,2,8,2,3.0,5.8,22.0,17.8,33.0
2025,2,8,3,2.99,5.8,22.0,17.9,35.0
2025,2,8,4,3.1,5.9,0.0,18.4,34.0
2025,2,8,5,3.08,5.7,11.0,17.7,36.0
2025,2,8,6,3.15,5.8,11.0,18.1,37.0
2025,2,8,7,3.12,5.7,22.0,17.2,37.0
2025,2,8,8,2.73,5.5,11.0,17.1,37.0
2025,2,8,9,2.8,5.5,11.0,17.9,38.0
2025,2,8,10,3.48,6.0,11.0,17.7,37.0
2025,2,8,11,3.55,5.9,11.0,18.0,39.0
2025,2,8,12,3.49,5.8,11.0,17.6,34.0
2025,2,8,13,3.66,6.5,11.0,17.0,40.0
2025,2,8,14,3.04,5.7,11.0,16.9,38.0
2025,2,8,15,3.11,5.8,11.0,17.4,35.0
2025,2,8,16,3.26,5.7,0.0,17.8,37.0
2025,2,8,17,2.91,5.7,11.0,17.4,36.0
2025,2,8,18,3.08,5.7,0.0,17.4,37.0
2025,2,8,19,2.95,5.6,11.0,17.6,35.0
2025,2,8,20,3.21,5.7,11.0,16.6,34.0
2025,2,8,21,3.08,5.9,0.0,16.4,38.0
2025,2,8,22,3.18,5.8,11.0,15.9,44.0
2025,2,8,23,2.58,5.5,11.0,15.9,42.0
2025,2,9,0,2.6,5.4,11.0,15.5,38.0
2025,2,9,1,2.52,5.5,22.0,15.0,42.0
2025,2,9,2,2.55,5.6,11.0,14.5,43.0
2025,2,9,3,2.38,5.5,0.0,14.3,43.0
2025,2,9,4,2.61,5.8,11.0,14.3,42.0
2025,2,9,5,2.5,5.7,11.0,13.7,37.0
2025,2,9,6,2.56,5.7,11.0,14.4,32.0
2025,2,9,7,2.66,5.7,22.0,14.6,31.0
2025,2,9,8,2.82,5.9,22.0,14.6,37.0
2025,2,9,9,2.1,5.0,11.0,13.1,37.0
2025,2,9,10,2.45,5.2,22.0,13.5,36.0
2025,2,9,11,2.31,5.3,11.0,13.2,38.0
2025,2,9,12,2.54,5.3,22.0,14.2,32.0
2025,2,9,13,2.25,5.1,11.0,14.4,29.0
2025,2,9,14,2.62,5.4,11.0,15.0,29.0
2025,2,9,15,2.41,5.4,11.0,13.7,32.0
2025,2,9,16,2.22,5.4,11.0,14.5,29.0
2025,2,9,17,2.68,5.6,11.0,14.9,32.0
2025,2,9,18,2.61,5.8,11.0,14.7,32.0
2025,2,9,19,2.68,6.1,22.0,13.6,39.0
2025,2,9,20,2.47,5.8,11.0,12.1,41.0
2025,2,9,21,2.2,5.6,22.0,11.3,41.0
2025,2,9,22,1.99,5.4,22.0,9.8,40.0
2025,2,9,23,1.98,5.3,33.0,9.1,38.0
2025,2,10,0,1.78,5.3,22.0,8.9,41.0
2025,2,10,1,1.92,5.4,22.0,7.0,45.0
2025,2,10,2,1.6,5.5,11.0,7.0,38.0
2025,2,10,3,1.6,5.4,11.0,6.7,51.0
2025,2,10,4,1.45,5.5,0.0,5.2,49.0
2025,2,10,5,1.49,5.4,0.0,6.1,37.0
2025,2,10,6,1.44,5.4,0.0,4.0,49.0
2025,2,10,7,1.56,5.6,11.0,6.6,32.0
2025,2,10,8,1.68,5.4,22.0,6.3,37.0
2025,2,10,9,1.73,5.5,22.0,5.8,34.0
2025,2,10,10,1.76,5.7,22.0,5.6,18.0
2025,2,10,11,1.75,5.3,11.0,8.0,9.0
2025,2,10,12,1.73,5.6,22.0,7.8,23.0
2025,2,10,13,1.82,5.2,11.0,8.8,25.0
2025,2,10,14,1.68,5.0,11.0,8.5,14.0
2025,2,10,15,1.92,5.1,0.0,10.4,8.0
2025,2,10,16,1.98,5.1,0.0,10.1,12.0
2025,2,10,17,2.25,5.6,348.0,9.8,14.0
2025,2,10,18,2.01,5.3,0.0,8.7,13.0
2025,2,10,19,1.89,5.6,11.0,7.0,3.0
2025,2,10,20,1.97,5.8,0.0,5.9,7.0
2025,2,10,21,1.91,5.7,11.0,5.3,16.0
2025,2,10,22,1.89,5.6,0.0,5.1,17.0
2025,2,10,23,1.52,5.4,11.0,3.5,19.0
2025,2,11,0,1.5,5.7,0.0,3.6,357.0
2025,2,11,1,1.23,5.2,11.0,2.7,10.0
2025,2,11,2,1.2,5.2,22.0,2.4,18.0
2025,2,11,3,1.13,5.1,0.0,3.4,11.0
2025,2,11,4,1.23,5.3,0.0,3.8,18.0
2025,2,11,5,1.35,5.0,337.0,6.9,7.0
2025,2,11,6,1.71,5.3,348.0,6.4,14.0
2025,2,11,7,1.77,5.7,348.0,4.4,17.0
2025,2,11,9,1.76,5.7,348.0,1.1,334.0
2025,2,11,10,1.81,5.6,0.0,6.1,359.0
2025,2,11,11,1.89,5.8,0.0,7.7,2.0
2025,2,11,12,1.85,5.2,0.0,8.4,6.0
2025,2,11,13,1.73,5.0,0.0,9.2,6.0
2025,2,11,14,1.86,5.3,11.0,8.9,11.0
2025,2,11,15,1.92,5.1,0.0,9.1,11.0
2025,2,11,16,1.76,5.0,0.0,8.3,11.0
2025,2,11,17,1.81,5.5,0.0,7.5,16.0
2025,2,11,18,1.63,5.1,0.0,7.4,13.0
2025,2,11,19,1.56,5.1,11.0,7.1,18.0
2025,2,11,20,1.62,5.4,11.0,6.9,22.0
2025,2,11,21,1.66,5.2,0.0,6.6,25.0
2025,2,11,22,1.69,5.5,11.0,5.3,30.0
2025,2,11,23,1.54,5.4,0.0,3.1,44.0
2025,2,12,0,1.53,5.2,0.0,4.2,25.0
2025,2,12,1,1.22,5.0,11.0,4.3,13.0
2025,2,12,2,1.3,5.3,0.0,4.8,18.0
2025,2,12,3,1.16,5.2,348.0,5.0,23.0
2025,2,12,4,0.88,4.7,348.0,4.5,30.0
2025,2,12,5,0.97,5.1,348.0,4.6,32.0
2025,2,12,6,0.85,5.0,348.0,4.1,68.0
2025,2,12,7,0.89,4.9,0.0,3.9,41.0
2025,2,12,8,0.91,4.9,11.0,4.9,27.0
2025,2,12,9,0.95,4.7,0.0,6.4,22.0
2025,2,12,10,0.98,4.8,11.0,4.5,21.0
2025,2,12,11,0.96,4.8,11.0,4.3,355.0
2025,2,12,12,0.92,4.6,22.0,2.3,36.0
2025,2,12,13,0.82,4.6,22.0,1.5,47.0
2025,2,12,14,0.78,4.8,22.0,1.7,323.0
2025,2,12,15,0.7,4.8,22.0,2.5,323.0
2025,2,12,16,0.62,4.8,22.0,3.2,318.0
2025,2,12,17,0.49,4.5,11.0,5.6,339.0
2025,2,12,18,0.55,4.1,11.0,5.5,350.0
2025,2,12,19,0.56,3.7,11.0,6.0,5.0
2025,2,12,20,0.67,3.6,11.0,5.8,17.0
2025,2,12,21,0.68,3.7,22.0,5.3,32.0
2025,2,12,22,0.74,3.8,45.0,6.6,37.0
2025,2,12,23,0.68,3.7,45.0,6.8,37.0
2025,2,13,0,0.71,3.7,33.0,8.5,14.0
2025,2,13,1,0.91,3.8,22.0,9.6,25.0
2025,2,13,2,1.32,4.1,22.0,12.5,28.0
2025,2,13,3,1.77,4.6,22.0,12.5,40.0
2025,2,13,4,2.12,5.3,22.0,13.0,30.0
2025,2,13,5,2.39,5.5,11.0,13.7,33.0
2025,2,13,6,3.01,6.3,11.0,13.9,32.0
2025,2,13,7,3.33,6.7,11.0,14.2,27.0
2025,2,13,8,3.46,6.6,11.0,15.3,36.0
2025,2,13,9,3.31,6.8,11.0,14.1,33.0
2025,2,13,10,3.4,6.7,11.0,14.0,32.0
2025,2,13,11,3.88,7.1,11.0,12.9,30.0
2025,2,13,12,3.19,6.4,11.0,14.0,30.0
2025,2,13,13,3.06,6.4,11.0,14.8,30.0
2025,2,13,14,3.33,6.6,11.0,15.0,24.0
2025,2,13,15,2.98,5.8,11.0,15.2,25.0
2025,2,13,16,3.25,6.0,22.0,15.2,29.0
2025,2,13,17,3.2,6.2,11.0,14.3,31.0
2025,2,13,18,2.95,5.9,11.0,14.7,32.0
2025,2,13,19,2.79,5.7,11.0,15.1,29.0
2025,2,13,20,3.14,6.0,11.0,13.4,29.0
2025,2,13,21,3.39,6.2,22.0,12.7,31.0
2025,2,13,22,3.39,6.2,11.0,11.4,35.0
2025,2,13,23,2.61,6.1,11.0,10.5,34.0
2025,2,14,0,2.49,5.8,11.0,11.0,33.0
2025,2,14,1,2.37,5.8,22.0,10.3,34.0
2025,2,14,2,2.13,5.5,11.0,8.8,35.0
2025,2,14,3,2.14,5.7,11.0,8.8,34.0
2025,2,14,4,1.72,5.2,0.0,7.8,31.0
2025,2,14,5,2.0,5.6,11.0,8.0,27.0
2025,2,14,6,1.78,5.5,348.0,8.7,27.0
2025,2,14,7,1.56,5.4,0.0,4.4,45.0
2025,2,14,8,1.81,5.5,348.0,5.6,26.0
2025,2,14,9,2.03,5.7,11.0,8.1,26.0
2025,2,14,10,1.89,5.7,11.0,7.3,24.0
2025,2,14,11,1.93,5.4,11.0,7.8,13.0
2025,2,14,13,2.06,5.4,0.0,9.2,7.0
2025,2,14,14,2.06,5.4,0.0,9.5,8.0
2025,2,14,15,1.99,5.5,0.0,7.4,16.0
2025,2,14,16,1.75,5.1,348.0,7.5,6.0
2025,2,14,17,1.66,5.1,0.0,7.0,8.0
2025,2,14,18,1.61,5.0,0.0,9.0,9.0
2025,2,14,19,1.62,5.2,0.0,7.9,19.0
2025,2,14,20,1.58,5.3,348.0,6.6,24.0
2025,2,14,21,1.48,5.2,0.0,6.1,12.0
2025,2,14,22,1.65,5.4,0.0,5.7,10.0
2025,2,14,23,1.58,5.4,11.0,5.5,2.0
2025,2,15,0,1.61,5.2,22.0,5.8,6.0
2025,2,15,1,1.41,5.1,11.0,6.3,6.0
2025,2,15,2,1.39,5.0,11.0,8.0,3.0
2025,2,15,3,1.4,4.7,11.0,7.9,15.0
2025,2,15,4,1.36,4.8,0.0,7.4,23.0
2025,2,15,5,1.31,4.7,22.0,7.5,22.0
2025,2,15,6,1.32,5.0,0.0,6.9,26.0
2025,2,15,7,1.14,4.7,0.0,5.7,24.0
2025,2,15,8,1.09,5.1,0.0,4.1,25.0
2025,2,15,9,1.14,5.2,11.0,4.7,14.0
2025,2,15,10,1.12,4.9,11.0,6.2,8.0
2025,2,15,11,1.32,5.0,11.0,6.5,7.0
2025,2,15,12,1.16,4.7,22.0,6.3,14.0
2025,2,15,13,1.17,4.9,22.0,5.1,16.0
2025,2,15,14,1.0,4.9,22.0,4.1,28.0
2025,2,15,15,0.94,4.6,33.0,3.5,22.0
2025,2,15,16,1.01,4.8,11.0,5.5,7.0
2025,2,15,17,0.94,4.4,33.0,6.2,19.0
2025,2,15,18,0.83,4.4,11.0,6.4,25.0
2025,2,15,19,0.8,4.1,11.0,6.2,39.0
2025,2,15,20,0.68,4.1,11.0,5.7,58.0
2025,2,15,21,0.7,4.5,11.0,3.1,19.0
2025,2,15,22,0.67,4.3,22.0,6.1,7.0
2025,2,15,23,0.73,4.2,22.0,6.8,13.0
2025,2,16,0,0.73,4.2,33.0,5.5,34.0
2025,2,16,1,0.69,4.2,22.0,4.4,25.0
2025,2,16,2,0.6,4.3,33.0,4.9,17.0
2025,2,16,3,0.68,4.3,33.0,5.4,40.0
2025,2,16,4,0.58,4.2,22.0,4.9,27.0
2025,2,16,5,0.56,4.0,33.0,6.7,33.0
2025,2,16,6,0.64,3.9,22.0,6.8,33.0
2025,2,16,7,0.67,3.9,11.0,8.8,28.0
2025,2,16,8,0.67,3.9,22.0,7.3,16.0
2025,2,16,9,0.72,3.8,45.0,7.9,17.0
2025,2,16,10,0.87,4.0,33.0,9.3,26.0
2025,2,16,11,1.05,4.3,22.0,8.4,24.0
2025,2,16,12,1.21,4.2,33.0,9.2,14.0
2025,2,16,13,1.2,4.5,22.0,8.8,19.0
2025,2,16,14,1.25,4.3,11.0,9.5,20.0
2025,2,16,15,1.44,4.5,22.0,10.8,20.0
2025,2,16,16,1.77,5.1,33.0,11.3,24.0
2025,2,16,17,1.76,4.8,22.0,11.8,26.0
2025,2,16,18,1.63,4.8,22.0,11.1,29.0
2025,2,16,19,1.82,5.2,22.0,11.9,24.0
2025,2,16,20,1.95,5.4,22.0,11.7,31.0
2025,2,16,21,1.71,5.4,11.0,10.2,24.0
2025,2,16,22,1.84,5.2,11.0,10.2,27.0
2025,2,16,23,1.72,5.1,22.0,10.2,25.0
2025,2,17,0,2.13,5.7,22.0,9.9,28.0
2025,2,17,1,2.1,5.5,22.0,11.0,27.0
2025,2,17,2,1.99,5.3,22.0,10.7,29.0
2025,2,17,3,1.88,5.1,22.0,11.5,27.0
2025,2,17,4,1.81,5.1,22.0,10.8,29.0
2025,2,17,5,1.81,5.0,22.0,11.7,31.0
2025,2,17,6,1.68,4.9,33.0,11.6,28.0
2025,2,17,7,1.72,4.9,22.0,12.3,32.0
2025,2,17,8,2.11,5.3,22.0,11.6,36.0
2025,2,17,9,1.91,5.1,22.0,11.1,27.0
2025,2,17,10,2.26,5.6,22.0,11.6,26.0
2025,2,17,11,2.34,5.6,11.0,12.8,18.0
2025,2,17,12,2.44,5.9,22.0,13.4,18.0
2025,2,17,13,2.46,5.6,22.0,13.0,21.0
2025,2,17,14,2.51,5.5,11.0,13.4,22.0
2025,2,17,16,2.29,5.3,11.0,12.6,28.0
2025,2,17,17,2.39,5.4,22.0,11.9,28.0
2025,2,17,18,2.38,5.5,11.0,11.4,21.0
2025,2,17,19,2.13,5.3,0.0,10.9,26.0
2025,2,17,20,2.13,5.4,11.0,10.3,24.0
2025,2,17,21,1.97,5.3,0.0,10.0,11.0
2025,2,17,22,1.89,5.2,22.0,10.2,13.0
2025,2,17,23,2.23,5.6,0.0,11.0,19.0
2025,2,18,0,2.18,5.4,11.0,11.7,26.0
2025,2,18,1,2.62,5.8,11.0,12.9,22.0
2025,2,18,2,2.42,5.9,22.0,12.1,36.0
2025,2,18,3,2.68,6.0,11.0,11.3,29.0
2025,2,18,4,2.51,6.1,11.0,11.4,30.0
2025,2,18,5,2.3,5.8,22.0,11.9,27.0
2025,2,18,6,2.42,5.8,11.0,12.0,26.0
2025,2,18,7,2.21,5.5,11.0,12.3,34.0
2025,2,18,8,2.32,5.5,11.0,12.5,32.0
2025,2,18,9,2.1,5.6,11.0,12.8,27.0
2025,2,18,10,2.54,6.0,11.0,13.1,24.0
2025,2,18,11,2.54,5.8,22.0,13.5,26.0
2025,2,18,12,2.97,6.4,11.0,13.3,27.0
2025,2,18,13,2.9,5.8,22.0,13.0,22.0
2025,2,18,14,2.52,5.7,22.0,14.3,23.0
2025,2,18,15,2.74,5.6,11.0,14.3,22.0
2025,2,18,17,2.89,5.9,11.0,14.0,28.0
2025,2,18,18,2.7,5.9,11.0,14.3,26.0
2025,2,18,19,2.79,6.0,11.0,14.0,27.0
2025,2,18,20,2.69,5.9,11.0,12.9,25.0
2025,2,18,21,2.68,5.7,0.0,12.7,24.0
2025,2,18,22,2.3,5.8,11.0,12.3,22.0
2025,2,18,23,2.57,5.8,11.0,11.8,23.0
2025,2,19,0,2.32,5.9,22.0,11.9,29.0
2025,2,19,1,2.36,5.8,22.0,10.6,29.0
2025,2,19,2,2.52,5.8,22.0,10.1,25.0
2025,2,19,3,2.53,6.2,11.0,9.5,25.0
2025,2,19,4,2.49,5.7,22.0,9.5,28.0
2025,2,19,5,2.48,5.9,11.0,10.5,23.0
2025,2,19,6,2.22,5.3,11.0,10.1,27.0
2025,2,19,7,2.07,5.3,22.0,9.7,30.0
2025,2,19,8,2.09,6.0,11.0,8.4,36.0
2025,2,19,9,1.71,5.4,11.0,7.7,28.0
2025,2,19,10,1.67,5.5,0.0,7.6,24.0
2025,2,19,11,1.89,5.6,0.0,7.5,26.0
2025,2,19,12,1.96,5.5,0.0,6.0,28.0
2025,2,19,13,1.86,5.7,0.0,7.1,13.0
2025,2,19,14,1.8,5.5,22.0,8.6,358.0
2025,2,19,15,1.98,5.3,11.0,10.6,16.0
2025,2,19,16,2.08,5.4,22.0,9.7,21.0
2025,2,19,17,1.98,5.3,0.0,9.4,12.0
2025,2,19,18,1.84,5.1,11.0,10.5,12.0
2025,2,19,21,1.94,5.6,348.0,8.2,2.0
2025,2,19,22,2.12,5.7,337.0,7.9,2.0
2025,2,19,23,2.14,6.0,348.0,7.8,10.0
2025,2,20,0,1.81,5.7,348.0,6.9,4.0
2025,2,20,2,1.84,5.5,0.0,7.5,6.0
2025,2,20,3,1.86,5.5,11.0,6.5,2.0
2025,2,20,4,1.81,5.5,11.0,6.9,1.0
2025,2,20,6,2.11,5.5,0.0,7.8,2.0
2025,2,20,7,2.08,5.4,348.0,10.0,9.0
2025,2,20,8,1.88,5.3,0.0,9.1,12.0
2025,2,20,9,2.08,5.4,348.0,8.1,8.0
2025,2,20,10,2.3,5.9,348.0,8.5,6.0
2025,2,20,11,1.86,5.4,348.0,9.0,3.0
2025,2,20,12,2.05,5.5,348.0,8.6,4.0
2025,2,20,13,2.24,5.7,0.0,10.1,4.0
2025,2,20,14,2.16,5.6,0.0,11.3,11.0
2025,2,20,15,2.5,6.2,0.0,11.7,17.0
2025,2,20,16,2.28,5.6,0.0,10.7,26.0
2025,2,20,17,2.18,5.5,22.0,9.7,25.0
2025,2,20,18,1.93,5.4,11.0,10.0,22.0
2025,2,20,19,2.45,5.6,0.0,11.1,18.0
2025,2,20,20,2.14,5.3,11.0,11.0,24.0
2025,2,20,21,2.03,5.5,11.0,10.3,24.0
2025,2,20,22,2.25,5.7,11.0,10.5,21.0
2025,2,20,23,2.17,5.6,0.0,10.0,11.0
2025,2,21,0,2.54,5.9,348.0,11.5,9.0
2025,2,21,1,2.32,5.7,348.0,11.6,15.0
2025,2,21,2,2.37,5.7,0.0,11.8,22.0
2025,2,21,3,2.7,6.1,0.0,12.5,18.0
2025,2,21,4,2.63,6.0,0.0,12.0,15.0
2025,2,21,5,2.59,5.8,22.0,11.5,24.0
2025,2,21,6,2.69,6.1,0.0,12.7,23.0
2025,2,21,7,2.74,5.9,0.0,12.8,35.0
2025,2,21,8,2.59,5.8,11.0,12.7,29.0
2025,2,21,9,2.84,5.9,11.0,13.5,31.0
2025,2,21,10,2.71,5.5,11.0,13.8,26.0
2025,2,21,11,3.0,6.2,0.0,13.8,20.0
2025,2,21,12,2.81,5.8,22.0,13.8,25.0
2025,2,21,14,2.71,5.9,0.0,13.9,21.0
2025,2,21,15,2.83,6.0,0.0,14.2,21.0
2025,2,21,16,3.04,6.0,11.0,14.7,24.0
2025,2,21,17,3.02,5.8,22.0,15.0,27.0
2025,2,21,18,3.0,6.0,11.0,14.6,25.0
2025,2,21,19,2.83,6.0,11.0,15.0,28.0
2025,2,21,20,2.97,6.1,11.0,14.1,27.0
2025,2,21,21,2.68,5.9,11.0,14.3,28.0
2025,2,21,22,2.89,5.9,0.0,14.1,29.0
2025,2,22,0,2.62,5.7,0.0,13.1,27.0
2025,2,22,1,2.77,6.0,11.0,13.1,30.0
2025,2,22,2,2.62,6.0,0.0,12.8,29.0
2025,2,22,3,2.59,6.0,22.0,12.1,29.0
2025,2,22,4,2.69,6.1,0.0,12.2,28.0
2025,2,22,5,2.63,5.6,22.0,12.3,29.0
2025,2,22,6,2.82,6.0,22.0,12.4,30.0
2025,2,22,7,2.52,5.6,0.0,11.2,33.0
2025,2,22,8,2.41,5.7,11.0,11.2,38.0
2025,2,22,9,2.24,5.7,22.0,7.1,43.0
2025,2,22,10,2.09,5.7,348.0,9.7,9.0
2025,2,22,11,2.17,5.4,11.0,12.2,15.0
2025,2,22,12,2.2,5.5,0.0,12.2,22.0
2025,2,22,13,2.41,5.4,11.0,12.4,22.0
2025,2,22,14,2.68,5.8,11.0,12.0,18.0
2025,2,22,15,2.5,5.6,11.0,12.6,18.0
2025,2,22,16,2.89,6.1,0.0,12.0,20.0
2025,2,22,17,2.77,5.9,22.0,12.6,16.0
2025,2,22,18,2.41,5.8,11.0,12.2,25.0
2025,2,22,19,2.44,5.6,22.0,11.7,21.0
2025,2,22,20,2.49,5.8,22.0,11.6,21.0
2025,2,22,21,2.71,6.3,11.0,12.2,21.0
2025,2,22,22,2.28,5.8,22.0,11.8,22.0
2025,2,22,23,2.42,5.6,0.0,12.0,23.0
2025,2,23,0,2.52,5.8,22.0,11.9,27.0
2025,2,23,1,2.27,5.5,11.0,11.9,26.0
2025,2,23,2,2.49,6.0,0.0,11.8,27.0
2025,2,23,3,2.31,5.8,0.0,11.3,17.0
2025,2,23,4,2.72,6.1,11.0,12.0,18.0
2025,2,23,5,3.01,6.1,0.0,13.7,15.0
2025,2,23,6,2.88,6.0,0.0,13.6,19.0
2025,2,23,7,3.04,5.8,11.0,13.2,27.0
2025,2,23,8,2.92,5.9,0.0,13.9,24.0
2025,2,23,9,3.31,6.4,0.0,13.0,24.0
2025,2,23,10,2.93,5.9,0.0,13.9,23.0
2025,2,23,11,2.9,5.8,11.0,13.0,26.0
2025,2,23,12,2.85,5.7,0.0,13.4,19.0
2025,2,23,13,2.7,5.9,0.0,13.7,18.0
2025,2,23,14,2.88,6.0,0.0,14.4,26.0
2025,2,23,15,2.55,5.7,11.0,13.6,20.0
2025,2,23,16,3.01,5.9,11.0,14.5,28.0
2025,2,23,17,3.31,6.2,11.0,15.1,22.0
2025,2,23,18,3.42,6.5,11.0,15.7,24.0
2025,2,23,19,3.13,6.2,11.0,15.9,29.0
2025,2,23,20,3.26,6.0,22.0,15.6,31.0
2025,2,23,21,3.36,6.2,11.0,16.4,24.0
2025,2,23,22,3.27,6.0,0.0,15.6,24.0
2025,2,23,23,3.32,6.5,11.0,16.3,27.0
2025,2,24,0,3.24,6.3,11.0,16.2,31.0
2025,2,24,1,3.13,6.3,11.0,15.8,29.0
2025,2,24,2,3.22,6.0,11.0,15.5,26.0
2025,2,24,3,3.13,6.1,11.0,15.6,23.0
2025,2,24,4,3.02,6.1,0.0,15.6,23.0
2025,2,24,5,2.94,6.0,11.0,15.8,24.0
2025,2,24,6,3.78,6.5,0.0,16.4,22.0
2025,2,24,7,3.75,6.5,0.0,15.9,26.0
2025,2,24,8,3.57,6.4,11.0,15.9,26.0
2025,2,24,9,2.9,5.9,11.0,16.2,31.0
2025,2,24,10,3.15,6.1,11.0,15.5,34.0
2025,2,24,11,3.15,5.8,11.0,15.7,35.0
2025,2,24,12,3.38,6.3,0.0,15.9,32.0
2025,2,24,13,2.65,5.3,22.0,15.6,32.0
2025,2,24,14,2.71,5.7,22.0,15.1,29.0
2025,2,24,15,2.95,5.9,11.0,15.1,30.0
2025,2,24,16,3.04,5.7,11.0,15.2,31.0
2025,2,24,17,2.7,5.6,22.0,13.9,31.0
2025,2,24,18,2.63,5.6,11.0,13.3,29.0
2025,2,24,19,2.86,5.7,11.0,14.6,32.0
2025,2,24,20,2.64,5.6,11.0,13.6,33.0
2025,2,24,21,2.38,5.5,22.0,13.4,34.0
2025,2,24,22,2.56,5.6,22.0,12.8,35.0
2025,2,24,23,2.6,5.7,11.0,12.3,37.0
2025,2,25,0,2.42,5.8,11.0,9.9,39.0
2025,2,25,1,2.12,5.4,22.0,8.0,33.0
2025,2,25,2,2.06,5.8,0.0,6.4,36.0
2025,2,25,3,1.58,5.5,348.0,4.6,46.0
2025,2,25,4,1.53,5.6,0.0,2.7,63.0
2025,2,25,6,1.69,5.9,0.0,3.4,15.0
2025,2,25,7,1.51,5.5,11.0,3.1,42.0
2025,2,25,8,1.7,5.7,11.0,1.9,45.0
2025,2,25,9,1.45,5.4,11.0,1.4,53.0
2025,2,25,10,1.44,5.4,11.0,2.4,12.0
2025,2,25,11,1.51,5.5,11.0,3.6,351.0
2025,2,25,12,1.51,5.6,11.0,4.4,345.0
2025,2,25,13,1.46,5.1,348.0,7.6,353.0
2025,2,25,14,1.66,5.2,0.0,7.4,359.0
2025,2,25,15,1.46,4.8,348.0,8.4,354.0
2025,2,25,16,1.62,4.9,348.0,8.3,5.0
2025,2,25,17,1.58,5.0,0.0,8.2,22.0
2025,2,25,18,1.77,5.3,348.0,7.6,30.0
2025,2,25,19,1.54,5.3,11.0,7.3,31.0
2025,2,25,20,1.53,5.3,0.0,6.9,33.0
2025,2,25,21,1.69,5.8,11.0,6.7,32.0
2025,2,25,22,1.44,5.6,11.0,5.5,36.0
2025,2,25,23,1.45,5.5,11.0,5.4,26.0
2025,2,26,0,1.19,5.1,11.0,6.3,31.0
2025,2,26,1,1.13,5.1,22.0,5.1,39.0
2025,2,26,2,1.06,5.2,11.0,6.0,19.0
2025,2,26,3,0.96,4.9,11.0,6.1,36.0
2025,2,26,4,0.92,4.4,11.0,7.1,22.0
2025,2,26,8,1.34,5.0,22.0,8.2,23.0
2025,2,26,9,1.18,4.6,11.0,8.2,28.0
2025,2,26,11,1.62,5.1,22.0,8.2,27.0
2025,2,26,12,1.44,5.0,22.0,8.0,22.0
2025,2,26,13,1.35,4.8,22.0,8.0,24.0
2025,2,26,14,1.5,5.4,11.0,7.6,21.0
2025,2,26,15,1.42,4.8,22.0,8.4,12.0
2025,2,26,16,1.59,5.1,11.0,9.3,19.0
2025,2,26,17,1.46,4.8,11.0,9.0,16.0
2025,2,26,18,1.59,5.0,22.0,8.1,18.0
2025,2,26,19,1.68,5.3,11.0,8.1,20.0
2025,2,26,20,1.73,5.4,0.0,8.4,18.0
2025,2,26,21,1.89,5.5,11.0,8.3,6.0
2025,2,26,22,2.07,6.0,22.0,7.2,11.0
2025,2,26,23,1.81,5.7,11.0,7.0,12.0
2025,2,27,0,1.7,5.4,11.0,8.3,15.0
2025,2,27,1,1.66,5.3,11.0,7.4,15.0
2025,2,27,2,1.55,5.4,0.0,6.0,29.0
2025,2,27,3,1.44,5.2,0.0,6.6,9.0
2025,2,27,5,1.35,5.6,348.0,3.5,24.0
2025,2,27,6,1.16,5.2,0.0,5.2,4.0
2025,2,27,7,1.28,5.3,348.0,5.6,1.0
2025,2,27,8,1.18,5.1,11.0,6.1,21.0
2025,2,27,9,1.3,5.3,22.0,6.7,20.0
2025,2,27,10,1.35,5.0,22.0,7.1,18.0
2025,2,27,11,1.19,4.9,22.0,7.1,13.0
2025,2,27,12,1.1,4.6,22.0,6.2,23.0
2025,2,27,14,0.92,4.7,22.0,5.0,27.0
2025,2,27,15,0.76,4.8,11.0,4.6,22.0
2025,2,27,16,0.83,4.8,0.0,3.5,43.0
2025,2,27,17,0.77,4.7,0.0,3.2,6.0
2025,2,27,18,0.69,4.8,0.0,1.3,39.0
2025,2,27,19,0.7,5.0,0.0,3.0,48.0
2025,2,27,20,0.65,5.1,22.0,2.5,19.0
2025,2,27,21,0.6,4.8,33.0,2.6,14.0
2025,2,27,23,0.61,4.9,22.0,2.3,40.0
2025,2,28,0,0.62,5.1,45.0,1.3,29.0
2025,2,28,3,0.58,5.0,33.0,1.2,323.0
2025,2,28,4,0.54,4.8,22.0,1.3,326.0
2025,2,28,5,0.48,4.9,22.0,1.9,346.0
2025,2,28,6,0.43,4.8,0.0,2.6,6.0
2025,2,28,7,0.43,5.0,22.0,2.9,12.0
2025,2,28,8,0.39,4.5,22.0,2.4,4.0
2025,2,28,9,0.44,4.4,45.0,2.9,15.0
2025,2,28,10,0.46,4.5,33.0,1.6,14.0
2025,2,28,11,0.4,4.1,33.0,4.0,5.0
2025,2,28,12,0.45,4.2,33.0,4.6,13.0
2025,2,28,14,0.45,3.7,22.0,5.3,20.0
2025,2,28,15,0.34,3.5,22.0,4.7,29.0
2025,2,28,16,0.32,3.7,22.0,4.2,21.0
2025,2,28,17,0.33,3.8,11.0,3.4,10.0
2025,2,28,18,0.31,3.8,0.0,3.3,18.0
2025,2,28,19,0.31,4.1,33.0,3.3,63.0
2025,2,28,20,0.31,4.2,22.0,2.2,35.0
2025,2,28,21,0.33,4.3,22.0,1.6,37.0
2025,3,1,0,0.28,4.3,22.0,1.2,38.0
2025,3,1,2,0.23,4.3,11.0,1.1,55.0
2025,3,1,3,0.24,4.4,0.0,1.2,60.0
2025,3,1,7,0.23,3.7,22.0,3.5,35.0
2025,3,1,8,0.25,3.8,22.0,3.5,47.0
2025,3,1,9,0.31,3.6,22.0,5.1,11.0
2025,3,1,10,0.41,3.3,33.0,5.2,21.0
2025,3,1,11,0.4,3.6,22.0,5.1,13.0
2025,3,1,12,0.47,3.4,45.0,5.2,22.0
2025,3,1,13,0.49,3.4,56.0,5.3,25.0
2025,3,1,14,0.45,3.5,56.0,4.8,23.0
2025,3,1,15,0.41,3.4,45.0,4.5,20.0
2025,3,1,16,0.36,3.5,45.0,3.8,2.0
2025,3,1,17,0.37,3.5,45.0,3.4,16.0
2025,3,1,18,0.36,3.9,225.0,3.5,8.0
2025,3,1,19,0.29,4.0,45.0,3.1,12.0
2025,3,1,20,0.28,4.1,45.0,3.1,55.0
2025,3,2,2,0.28,4.7,247.0,2.6,164.0
2025,3,2,3,0.23,4.6,56.0,1.1,190.0
2025,3,2,5,0.24,4.5,270.0,1.9,161.0
2025,3,2,7,0.26,4.5,326.0,2.3,161.0
2025,3,2,8,0.25,4.6,33.0,1.1,81.0
2025,3,2,9,0.26,4.4,270.0,3.3,61.0
2025,3,2,11,0.36,4.7,236.0,2.4,33.0
2025,3,2,14,0.28,4.5,247.0,1.7,335.0
2025,3,2,15,0.31,4.4,281.0,3.2,313.0
2025,3,2,17,0.32,4.3,292.0,3.6,307.0
2025,3,2,18,0.24,4.6,303.0,2.6,301.0
2025,3,2,21,0.28,4.5,247.0,2.7,167.0
2025,3,2,22,0.28,4.5,247.0,3.2,205.0
2025,3,2,23,0.33,4.1,258.0,3.9,205.0
2025,3,3,0,0.3,4.3,258.0,3.0,216.0
2025,3,3,2,0.26,4.5,281.0,3.3,205.0
2025,3,3,3,0.35,4.7,270.0,2.5,201.0
2025,3,3,4,0.22,4.7,270.0,1.8,183.0
2025,3,3,5,0.22,4.8,270.0,2.4,177.0
2025,3,3,6,0.24,4.9,281.0,2.7,177.0
2025,3,3,7,0.26,4.2,247.0,4.2,207.0
2025,3,3,8,0.29,4.2,281.0,5.1,187.0
2025,3,3,9,0.29,4.1,270.0,5.0,193.0
2025,3,3,10,0.31,3.7,247.0,3.2,211.0
2025,3,3,11,0.37,3.5,247.0,2.8,245.0
2025,3,3,12,0.43,3.6,247.0,3.5,231.0
2025,3,3,13,0.4,3.9,236.0,4.2,234.0
2025,3,3,14,0.34,3.8,247.0,4.5,223.0
2025,3,3,15,0.25,4.0,247.0,5.1,231.0
2025,3,3,16,0.25,4.0,258.0,4.5,269.0
2025,3,3,17,0.27,4.0,258.0,4.1,280.0
2025,3,3,18,0.27,4.0,236.0,4.9,247.0
2025,3,3,19,0.24,3.6,270.0,4.6,230.0
2025,3,3,20,0.23,3.5,270.0,3.4,202.0
2025,3,3,21,0.25,3.6,270.0,4.3,191.0
2025,3,3,22,0.27,3.6,258.0,3.2,280.0
2025,3,3,23,0.44,3.2,11.0,8.1,2.0
2025,3,4,0,0.82,3.5,0.0,8.3,32.0
2025,3,4,1,1.12,4.1,11.0,7.2,50.0
2025,3,4,2,1.15,4.3,0.0,7.6,38.0
2025,3,4,3,1.09,4.4,0.0,6.1,41.0
2025,3,4,4,1.02,4.3,22.0,8.0,65.0
2025,3,4,5,0.85,4.7,0.0,6.4,104.0
2025,3,4,6,0.75,4.8,0.0,2.6,119.0
2025,3,4,7,0.55,4.9,348.0,2.1,180.0
2025,3,4,8,0.71,5.5,348.0,6.3,8.0
2025,3,4,9,0.59,4.2,0.0,5.1,65.0
2025,3,4,10,0.69,4.8,348.0,2.6,26.0
2025,3,4,11,0.73,4.4,11.0,8.5,349.0
2025,3,4,12,1.12,4.8,22.0,7.9,32.0
2025,3,4,13,1.35,4.5,22.0,8.4,19.0
2025,3,4,14,1.51,5.0,33.0,8.0,12.0
2025,3,4,15,1.72,5.1,22.0,10.1,16.0
2025,3,4,16,1.49,4.9,22.0,7.4,25.0
2025,3,4,17,1.93,4.9,22.0,10.9,357.0
2025,3,4,18,2.01,5.1,33.0,12.1,44.0
2025,3,4,19,1.89,5.3,22.0,7.1,82.0
2025,3,4,20,1.56,5.6,33.0,6.6,163.0
2025,3,4,21,1.24,5.7,33.0,7.6,150.0
2025,3,4,22,1.44,6.4,22.0,5.5,145.0
2025,3,4,23,1.5,6.5,22.0,1.5,303.0
2025,3,5,0,1.61,5.5,22.0,8.3,19.0
2025,3,5,1,1.94,5.4,22.0,8.7,54.0
2025,3,5,2,2.01,5.6,11.0,5.8,50.0
2025,3,5,3,2.2,6.1,11.0,7.6,22.0
2025,3,5,4,2.1,5.5,11.0,11.7,36.0
2025,3,5,5,2.26,5.7,22.0,11.3,37.0
2025,3,5,6,2.22,5.8,11.0,9.6,24.0
2025,3,5,7,2.28,5.6,11.0,11.9,29.0
2025,3,5,8,2.47,5.8,11.0,12.8,27.0
2025,3,5,9,2.34,5.9,11.0,13.1,33.0
2025,3,5,10,2.56,5.9,11.0,12.0,39.0
2025,3,5,11,2.29,5.9,11.0,11.6,25.0
2025,3,5,12,2.62,6.1,11.0,11.6,36.0
2025,3,5,13,2.65,6.1,11.0,14.1,23.0
2025,3,5,14,2.87,6.0,11.0,14.4,34.0
2025,3,5,15,2.61,5.7,11.0,14.0,38.0
2025,3,5,16,2.54,5.7,22.0,15.0,34.0
2025,3,5,17,2.85,6.0,22.0,13.3,24.0
2025,3,5,18,2.66,5.5,11.0,14.0,31.0
2025,3,5,19,2.8,5.8,11.0,15.1,36.0
2025,3,5,20,2.66,5.8,11.0,14.2,33.0
2025,3,5,21,2.87,6.3,11.0,13.8,39.0
2025,3,5,22,2.76,6.0,11.0,12.5,27.0
2025,3,5,23,2.65,6.1,11.0,13.9,25.0
2025,3,6,0,3.09,6.4,22.0,14.1,26.0
2025,3,6,1,3.47,6.6,22.0,14.1,24.0
2025,3,6,2,3.17,6.2,11.0,14.1,30.0
2025,3,6,3,3.02,6.0,11.0,13.6,30.0
2025,3,6,4,3.06,5.9,11.0,15.0,30.0
2025,3,6,5,3.44,6.5,11.0,15.8,23.0
2025,3,6,6,3.25,6.2,11.0,16.7,31.0
2025,3,6,8,3.37,6.3,11.0,17.8,38.0
2025,3,6,9,2.93,5.7,0.0,17.0,37.0
2025,3,6,10,3.18,6.1,11.0,16.8,34.0
2025,3,6,11,3.34,6.1,11.0,17.4,31.0
2025,3,6,12,3.28,6.2,0.0,17.1,32.0
2025,3,6,13,3.45,6.2,11.0,17.3,32.0
2025,3,6,15,3.25,5.9,11.0,17.2,34.0
2025,3,6,16,3.58,6.7,11.0,17.6,32.0
2025,3,6,18,3.57,6.1,11.0,18.3,35.0
2025,3,6,19,3.98,6.5,11.0,19.0,35.0
2025,3,6,21,3.71,6.3,11.0,18.8,35.0
2025,3,6,22,3.22,5.7,11.0,18.5,37.0
2025,3,7,0,3.49,6.3,11.0,16.2,35.0
2025,3,7,2,3.09,5.6,11.0,16.9,36.0
2025,3,7,3,3.26,6.0,11.0,16.8,37.0
2025,3,7,4,2.81,5.6,22.0,16.2,36.0
2025,3,7,5,3.12,5.8,11.0,15.4,41.0
2025,3,7,6,2.8,5.6,11.0,15.1,41.0
2025,3,7,7,2.91,5.9,11.0,14.4,45.0
2025,3,7,8,3.09,6.0,11.0,13.3,42.0
2025,3,7,9,2.44,5.5,11.0,13.5,35.0
2025,3,7,10,2.75,5.9,0.0,13.7,40.0
2025,3,7,11,2.53,5.8,0.0,11.9,40.0
2025,3,7,12,2.37,5.6,0.0,11.8,30.0
2025,3,7,13,2.68,6.0,0.0,12.3,28.0
2025,3,7,15,2.29,5.9,11.0,11.2,22.0
2025,3,7,16,2.67,5.8,0.0,14.0,24.0
2025,3,7,17,3.04,6.0,11.0,14.2,25.0
2025,3,7,18,2.77,5.8,11.0,14.1,29.0
2025,3,7,19,2.82,5.9,11.0,13.4,29.0
2025,3,7,20,2.77,5.9,11.0,11.4,38.0
2025,3,7,21,2.67,6.1,11.0,12.0,32.0
2025,3,7,22,2.37,5.7,11.0,12.8,31.0
2025,3,7,23,2.18,5.1,11.0,13.2,32.0
2025,3,8,0,2.54,6.2,11.0,13.5,32.0
2025,3,8,1,2.32,5.6,11.0,13.3,29.0
2025,3,8,3,2.34,5.6,22.0,12.7,33.0
2025,3,8,4,2.07,5.5,11.0,11.9,37.0
2025,3,8,5,2.17,5.6,11.0,11.9,32.0
2025,3,8,6,2.1,5.4,22.0,12.4,40.0
2025,3,8,7,1.98,5.2,22.0,11.8,34.0
2025,3,8,8,2.19,5.3,22.0,12.6,33.0
2025,3,8,9,1.91,4.9,22.0,12.2,44.0
2025,3,8,10,2.02,5.1,22.0,11.6,35.0
2025,3,8,11,1.86,4.9,33.0,11.5,27.0
2025,3,8,12,1.96,5.0,22.0,13.2,31.0
2025,3,8,13,2.13,5.2,11.0,13.7,24.0
2025,3,8,14,2.58,5.4,11.0,14.2,25.0
2025,3,8,15,2.52,5.6,22.0,14.2,27.0
2025,3,8,16,2.93,5.9,11.0,14.8,27.0
2025,3,8,17,2.39,5.7,33.0,14.5,29.0
2025,3,8,18,3.06,6.0,22.0,14.0,31.0
2025,3,8,19,2.6,5.7,22.0,13.8,37.0
2025,3,8,20,2.57,5.8,22.0,13.9,36.0
2025,3,8,21,2.48,5.5,22.0,13.0,39.0
2025,3,8,22,2.22,5.5,22.0,12.5,38.0
2025,3,8,23,2.19,5.6,22.0,11.9,39.0
2025,3,9,0,2.23,5.4,11.0,12.6,40.0
2025,3,9,1,2.28,5.6,22.0,11.4,39.0
2025,3,9,2,2.37,5.6,33.0,12.5,36.0
2025,3,9,3,1.93,5.3,22.0,11.2,40.0
2025,3,9,4,2.48,5.7,22.0,11.5,25.0
2025,3,9,5,2.29,5.5,22.0,12.9,32.0
2025,3,9,6,2.13,5.3,11.0,12.1,36.0
2025,3,9,7,2.25,5.4,33.0,11.9,28.0
2025,3,9,8,2.18,5.4,11.0,11.4,30.0
2025,3,9,9,2.16,5.4,11.0,12.0,33.0
2025,3,9,10,2.01,5.2,11.0,11.7,23.0
2025,3,9,11,2.56,5.5,22.0,13.1,22.0
2025,3,9,12,2.51,5.4,22.0,11.6,27.0
2025,3,9,13,2.13,5.3,22.0,11.7,26.0
2025,3,9,14,2.31,5.4,11.0,12.8,24.0
2025,3,9,15,2.3,5.4,22.0,12.0,19.0
2025,3,9,16,2.49,5.5,11.0,12.2,23.0
2025,3,9,17,2.31,5.6,0.0,12.9,18.0
2025,3,9,19,2.41,5.6,22.0,11.5,22.0
2025,3,9,20,2.38,5.5,22.0,12.3,30.0
2025,3,9,21,2.55,6.1,11.0,11.4,36.0
2025,3,9,22,2.04,5.6,22.0,9.7,23.0
2025,3,9,23,1.86,5.7,22.0,9.4,33.0
2025,3,10,0,1.8,5.5,11.0,9.3,23.0
2025,3,10,2,1.55,5.3,11.0,8.2,36.0
2025,3,10,3,1.37,5.0,0.0,7.6,12.0
2025,3,10,4,1.38,4.9,11.0,7.8,23.0
2025,3,10,5,1.8,5.4,11.0,9.0,28.0
2025,3,10,6,1.52,5.0,11.0,9.1,32.0
2025,3,10,7,1.59,5.1,22.0,7.2,36.0
2025,3,10,8,1.78,5.3,11.0,7.5,35.0
2025,3,10,9,1.46,4.9,33.0,7.1,35.0
2025,3,10,10,1.35,4.9,11.0,7.9,25.0
2025,3,10,11,1.53,5.0,22.0,7.5,30.0
2025,3,10,12,1.48,4.9,11.0,7.7,30.0
2025,3,10,13,1.29,4.8,11.0,7.2,27.0
2025,3,10,14,1.39,5.0,11.0,5.9,25.0
2025,3,10,15,1.25,4.8,11.0,5.5,23.0
2025,3,10,16,1.16,4.8,11.0,5.7,12.0
2025,3,10,17,1.24,4.9,11.0,5.8,23.0
2025,3,10,18,1.22,5.0,22.0,5.4,32.0
2025,3,10,19,1.08,4.9,22.0,4.4,35.0
2025,3,10,20,1.05,5.2,22.0,2.9,48.0
2025,3,10,21,0.91,5.0,22.0,2.4,39.0
2025,3,10,22,0.83,4.9,22.0,1.8,28.0
2025,3,10,23,0.76,5.1,22.0,2.1,20.0
2025,3,11,0,0.69,4.8,11.0,3.0,2.0
2025,3,11,1,0.73,4.9,11.0,3.4,20.0
2025,3,11,2,0.66,4.8,11.0,3.3,38.0
2025,3,11,3,0.62,4.8,22.0,3.5,46.0
2025,3,11,4,0.61,4.8,11.0,4.0,20.0
2025,3,11,5,0.61,4.6,0.0,5.2,48.0
2025,3,11,6,0.65,4.7,22.0,3.8,56.0
2025,3,11,7,0.62,4.8,11.0,2.4,60.0
2025,3,11,8,0.66,4.8,11.0,4.8,39.0
2025,3,11,9,0.76,4.7,11.0,3.0,34.0
2025,3,11,10,0.81,4.8,11.0,5.6,49.0
2025,3,11,11,0.77,4.4,11.0,4.5,21.0
2025,3,11,12,0.67,4.1,11.0,6.1,6.0
2025,3,11,13,0.78,4.0,11.0,4.4,26.0
2025,3,11,14,0.66,4.2,33.0,2.4,58.0
2025,3,11,16,0.49,4.3,33.0,1.4,311.0
2025,3,11,17,0.45,4.5,0.0,2.8,310.0
2025,3,11,19,0.5,4.5,33.0,3.0,27.0
2025,3,11,20,0.46,4.4,22.0,4.7,32.0
2025,3,11,21,0.46,3.8,33.0,5.1,45.0
2025,3,11,22,0.47,3.9,33.0,4.1,36.0
2025,3,11,23,0.54,4.1,11.0,4.1,35.0
2025,3,12,0,0.44,4.0,33.0,3.6,39.0
2025,3,12,1,0.47,4.3,22.0,3.0,47.0
2025,3,12,2,0.45,4.2,348.0,2.5,40.0
2025,3,12,3,0.39,4.2,22.0,1.4,45.0
2025,3,12,4,0.45,4.4,11.0,3.4,7.0
2025,3,12,5,0.41,4.3,11.0,4.1,2.0
2025,3,12,6,0.46,4.0,11.0,3.4,18.0
2025,3,12,7,0.48,3.7,22.0,2.8,42.0
2025,3,12,8,0.5,4.0,33.0,2.7,54.0
2025,3,12,9,0.51,4.0,33.0,2.2,48.0
2025,3,12,10,0.47,4.0,22.0,1.9,31.0
2025,3,12,11,0.48,3.8,11.0,1.4,78.0
2025,3,12,12,0.44,4.0,22.0,2.3,349.0
2025,3,12,13,0.42,4.0,22.0,2.0,328.0
2025,3,12,15,0.41,4.4,225.0,1.6,205.0
2025,3,12,16,0.34,4.2,348.0,1.7,271.0
2025,3,12,17,0.34,4.4,0.0,2.2,252.0
2025,3,12,18,0.37,4.7,11.0,3.1,249.0
2025,3,12,19,0.35,4.6,0.0,3.5,253.0
2025,3,12,20,0.33,4.9,0.0,4.0,242.0
2025,3,12,21,0.31,4.4,270.0,2.1,233.0
2025,3,12,22,0.35,4.8,22.0,2.8,198.0
2025,3,12,23,0.34,4.6,11.0,2.2,209.0
2025,3,13,0,0.39,5.2,0.0,1.7,180.0
2025,3,13,1,0.34,4.9,0.0,1.4,235.0
2025,3,13,2,0.34,5.3,348.0,2.1,297.0
2025,3,13,3,0.31,5.0,11.0,1.7,342.0
2025,3,13,4,0.26,4.9,348.0,2.2,341.0
2025,3,13,5,0.3,4.6,337.0,3.2,96.0
2025,3,13,8,0.38,4.3,11.0,2.6,324.0
2025,3,13,9,0.4,4.5,22.0,2.3,329.0
2025,3,13,10,0.34,4.2,348.0,5.2,11.0
2025,3,13,11,0.43,3.3,33.0,6.8,41.0
2025,3,13,12,0.93,3.6,33.0,9.4,43.0
2025,3,13,13,0.95,3.9,22.0,4.8,83.0
2025,3,13,14,0.9,4.1,33.0,1.5,143.0
2025,3,13,16,0.77,4.3,337.0,1.4,24.0
2025,3,13,17,0.8,4.4,337.0,1.9,59.0
2025,3,13,18,0.63,4.3,11.0,2.2,84.0
2025,3,13,19,0.6,4.5,348.0,1.2,39.0
2025,3,13,20,0.64,4.2,11.0,5.9,14.0
2025,3,13,21,0.95,4.0,11.0,8.7,34.0
2025,3,13,22,1.24,4.5,22.0,8.5,40.0
2025,3,13,23,1.66,4.9,11.0,8.6,35.0
2025,3,14,0,1.77,5.1,11.0,9.2,21.0
2025,3,14,1,1.53,4.9,11.0,9.8,31.0
2025,3,14,2,1.68,5.2,22.0,9.3,32.0
2025,3,14,3,1.63,5.2,22.0,9.7,26.0
2025,3,14,4,1.67,5.2,11.0,9.6,29.0
2025,3,14,5,1.73,5.3,11.0,8.8,31.0
2025,3,14,6,1.6,4.9,11.0,10.7,32.0
2025,3,14,7,1.91,5.3,11.0,8.3,46.0
2025,3,14,8,1.73,5.6,0.0,4.5,30.0
2025,3,14,9,1.9,5.8,11.0,8.4,11.0
2025,3,14,10,2.37,5.7,22.0,11.7,27.0
2025,3,14,11,2.28,5.6,22.0,10.9,38.0
2025,3,14,12,2.02,5.6,11.0,7.7,41.0
2025,3,14,13,1.95,5.8,11.0,7.9,45.0
2025,3,14,14,1.55,5.4,11.0,5.5,37.0
2025,3,14,15,1.23,5.1,11.0,6.1,22.0
2025,3,14,16,1.21,4.8,11.0,7.5,21.0
2025,3,14,17,1.18,4.3,0.0,8.8,14.0
2025,3,14,18,1.26,4.5,11.0,8.3,34.0
2025,3,14,19,1.34,4.8,0.0,7.9,29.0
2025,3,14,20,1.44,4.8,0.0,6.9,46.0
2025,3,14,22,1.44,4.9,22.0,8.6,28.0
2025,3,14,23,1.54,4.8,11.0,7.8,29.0
2025,3,15,0,1.61,5.2,22.0,4.6,38.0
2025,3,15,1,1.48,5.3,22.0,4.1,46.0
2025,3,15,2,1.25,5.3,11.0,2.9,30.0
2025,3,15,3,1.26,5.5,22.0,1.5,43.0
2025,3,15,4,1.03,5.5,11.0,5.5,353.0
2025,3,15,5,0.75,4.4,11.0,6.6,31.0
2025,3,15,6,0.87,4.4,11.0,7.2,50.0
2025,3,15,7,0.91,4.5,11.0,2.2,91.0
2025,3,15,8,0.98,4.9,22.0,1.1,318.0
2025,3,15,10,0.96,5.3,22.0,2.0,312.0
2025,3,15,11,1.09,5.0,22.0,6.8,352.0
2025,3,15,12,1.08,4.5,22.0,8.6,11.0
2025,3,15,13,1.22,4.8,33.0,7.0,66.0
2025,3,15,14,0.99,4.9,22.0,2.0,17.0
2025,3,15,15,1.0,4.8,22.0,4.9,69.0
2025,3,15,16,0.77,4.7,11.0,3.5,44.0
2025,3,15,17,0.73,4.5,22.0,7.7,19.0
2025,3,15,18,1.0,4.1,11.0,11.6,37.0
2025,3,15,19,1.42,4.6,22.0,11.7,33.0
2025,3,15,20,2.04,5.2,22.0,13.0,31.0
2025,3,15,21,2.45,5.5,22.0,14.4,36.0
2025,3,15,22,2.76,6.0,22.0,15.0,43.0
2025,3,16,0,2.93,6.0,22.0,14.5,28.0
2025,3,16,1,2.49,5.6,33.0,15.3,38.0
2025,3,16,2,2.67,5.8,22.0,16.2,43.0
2025,3,16,3,2.7,5.7,11.0,15.6,42.0
2025,3,16,4,2.46,5.5,22.0,16.4,45.0
2025,3,16,5,2.91,6.0,11.0,15.7,42.0
2025,3,16,6,2.54,5.6,22.0,16.5,44.0
2025,3,16,7,2.5,5.6,11.0,16.5,37.0
2025,3,16,8,2.7,5.7,11.0,17.4,35.0
2025,3,16,9,2.84,5.7,22.0,17.6,40.0
2025,3,16,10,2.9,5.8,11.0,17.4,34.0
2025,3,16,11,2.92,5.9,22.0,16.8,39.0
2025,3,16,12,2.91,5.7,22.0,16.6,37.0
2025,3,16,13,2.62,5.7,22.0,15.9,31.0
2025,3,16,14,2.79,5.8,22.0,16.6,34.0
2025,3,16,16,2.61,5.1,22.0,17.2,32.0
2025,3,16,17,2.89,5.6,11.0,17.5,36.0
2025,3,16,18,2.81,5.4,11.0,17.4,35.0
2025,3,16,19,3.14,6.2,22.0,17.3,43.0
2025,3,16,20,2.6,5.6,22.0,16.8,44.0
2025,3,16,21,2.53,5.3,22.0,16.4,43.0
2025,3,16,22,2.26,5.0,22.0,17.0,42.0
2025,3,16,23,2.73,5.4,22.0,17.1,40.0
2025,3,17,0,2.48,5.1,11.0,15.9,35.0
2025,3,17,1,2.13,4.9,22.0,18.1,39.0
2025,3,17,2,2.52,5.1,22.0,16.3,34.0
2025,3,17,3,2.46,5.1,11.0,17.4,34.0
2025,3,17,4,2.51,5.2,22.0,17.6,36.0
2025,3,17,5,2.77,5.4,11.0,17.9,38.0
2025,3,17,6,2.83,5.5,22.0,17.7,36.0
2025,3,17,7,2.65,5.5,22.0,16.5,43.0
2025,3,17,8,2.96,6.0,22.0,16.4,35.0
2025,3,17,9,3.02,5.9,11.0,16.1,37.0
2025,3,17,10,2.69,5.4,22.0,16.0,37.0
2025,3,17,11,2.47,5.3,11.0,15.0,37.0
2025,3,17,12,2.52,5.3,11.0,14.4,36.0
2025,3,17,13,2.25,5.0,22.0,14.7,39.0
2025,3,17,14,2.36,5.2,22.0,14.9,38.0
2025,3,17,15,2.24,5.2,22.0,13.8,45.0
2025,3,17,16,1.89,4.9,22.0,12.3,47.0
2025,3,17,17,1.75,4.8,11.0,11.7,41.0
2025,3,17,18,1.72,4.9,11.0,11.3,41.0
2025,3,17,19,1.66,4.9,22.0,11.1,43.0
2025,3,17,20,1.56,4.8,22.0,9.9,52.0
2025,3,17,21,1.58,5.0,22.0,9.0,49.0
2025,3,17,22,1.36,4.7,11.0,9.8,41.0
2025,3,17,23,1.38,4.8,11.0,9.5,44.0
2025,3,18,0,1.41,4.6,11.0,8.8,51.0
2025,3,18,1,1.41,4.7,11.0,8.3,41.0
2025,3,18,2,1.65,4.9,11.0,11.3,35.0
2025,3,18,3,1.68,4.9,22.0,10.4,61.0
2025,3,18,4,1.66,4.6,22.0,12.2,38.0
2025,3,18,5,1.87,4.9,22.0,12.7,48.0
2025,3,18,6,1.76,5.1,11.0,9.0,51.0
2025,3,18,8,1.78,5.7,22.0,6.5,45.0
2025,3,18,10,1.38,4.7,22.0,9.4,38.0
2025,3,18,11,1.68,5.1,11.0,11.3,35.0
2025,3,18,12,1.78,5.1,22.0,12.5,42.0
2025,3,18,14,1.95,5.3,33.0,11.1,43.0
2025,3,18,15,2.11,5.3,22.0,11.9,43.0
2025,3,18,17,1.7,5.1,33.0,10.6,49.0
2025,3,18,18,1.8,5.0,22.0,10.9,43.0
2025,3,18,19,1.66,5.2,22.0,9.8,50.0
2025,3,18,20,1.56,5.1,22.0,9.1,48.0
2025,3,18,21,1.35,5.0,33.0,8.6,47.0
2025,3,18,22,1.36,5.4,11.0,6.0,43.0
2025,3,18,23,1.48,5.4,22.0,6.8,29.0
2025,3,19,0,1.42,5.1,33.0,8.2,19.0
2025,3,19,1,1.52,4.8,33.0,6.6,63.0
2025,3,19,2,1.31,4.7,33.0,5.5,52.0
2025,3,19,3,1.68,4.9,33.0,5.7,65.0
2025,3,19,4,1.75,5.1,22.0,6.9,49.0
2025,3,19,5,1.76,5.1,33.0,6.9,61.0
2025,3,19,6,1.76,5.3,22.0,7.4,52.0
2025,3,19,7,1.89,5.4,22.0,9.5,49.0
2025,3,19,8,1.83,5.2,22.0,10.9,50.0
2025,3,19,9,2.24,5.7,11.0,11.7,51.0
2025,3,19,10,2.41,5.8,0.0,8.6,50.0
2025,3,19,11,2.49,6.0,0.0,10.2,32.0
2025,3,19,12,2.52,6.1,22.0,8.3,37.0
2025,3,19,13,2.25,5.7,22.0,10.0,31.0
2025,3,19,14,2.42,5.7,22.0,12.0,29.0
2025,3,19,15,2.68,6.2,22.0,12.1,31.0
2025,3,19,16,2.89,6.0,11.0,11.8,31.0
2025,3,19,17,2.73,6.1,11.0,12.1,34.0
2025,3,19,18,2.35,5.7,33.0,11.4,38.0
2025,3,19,19,2.07,5.6,22.0,10.9,41.0
2025,3,19,20,2.16,5.7,22.0,10.7,45.0
2025,3,19,21,1.94,5.6,22.0,8.9,46.0
2025,3,19,22,1.46,5.1,22.0,6.6,52.0
2025,3,19,23,1.57,5.4,11.0,7.6,43.0
2025,3,20,0,1.72,5.4,33.0,7.2,46.0
2025,3,20,1,1.63,5.5,22.0,7.2,61.0
2025,3,20,2,1.92,5.6,33.0,7.9,55.0
2025,3,20,3,1.94,5.5,22.0,9.0,48.0
2025,3,20,4,1.68,5.0,22.0,9.1,52.0
2025,3,20,5,1.78,5.2,33.0,9.8,50.0
2025,3,20,7,1.89,5.5,22.0,10.6,46.0
2025,3,20,8,1.87,5.5,11.0,10.5,43.0
2025,3,20,9,2.0,5.5,33.0,10.2,45.0
2025,3,20,10,2.0,5.5,11.0,9.5,39.0
2025,3,20,11,1.97,5.5,22.0,10.0,21.0
2025,3,20,12,1.94,5.4,22.0,10.8,22.0
2025,3,20,14,2.17,5.6,22.0,11.7,24.0
2025,3,20,15,2.12,5.4,22.0,10.9,30.0
2025,3,20,16,2.08,5.3,33.0,11.4,31.0
2025,3,20,17,2.12,5.3,22.0,10.9,29.0
2025,3,20,18,1.98,5.4,22.0,11.2,33.0
2025,3,20,19,1.76,5.4,33.0,8.9,41.0
2025,3,20,20,1.56,5.3,33.0,7.7,49.0
2025,3,20,21,1.41,5.2,22.0,6.2,39.0
2025,3,20,22,1.6,5.7,22.0,5.4,34.0
2025,3,20,23,1.14,5.0,22.0,5.7,31.0
2025,3,21,0,1.15,5.0,22.0,5.3,36.0
2025,3,21,1,1.06,5.0,33.0,3.8,53.0
2025,3,21,2,1.12,4.9,33.0,4.2,40.0
2025,3,21,3,1.09,4.8,22.0,4.2,77.0
2025,3,21,4,1.1,4.7,22.0,5.4,62.0
2025,3,21,5,1.17,4.6,22.0,5.4,48.0
2025,3,21,6,1.03,4.4,22.0,6.6,40.0
2025,3,21,7,1.09,4.5,22.0,6.1,56.0
2025,3,21,8,1.1,4.7,11.0,5.9,49.0
2025,3,21,9,1.24,4.7,0.0,5.0,60.0
2025,3,21,10,1.2,4.6,11.0,4.6,54.0
2025,3,21,11,1.38,4.8,0.0,7.5,33.0
2025,3,21,12,1.58,5.0,11.0,8.5,21.0
2025,3,21,13,1.74,5.0,11.0,8.7,16.0
2025,3,21,14,1.68,5.0,0.0,8.9,22.0
2025,3,21,15,1.63,4.8,11.0,8.7,19.0
2025,3,21,16,1.6,4.9,22.0,8.4,27.0
2025,3,21,17,1.66,4.9,22.0,8.7,32.0
2025,3,21,19,1.47,4.9,33.0,7.9,35.0
2025,3,21,22,1.17,5.1,22.0,3.7,66.0
2025,3,21,23,1.02,5.3,22.0,1.9,156.0
2025,3,22,1,0.8,4.9,22.0,3.9,173.0
2025,3,22,2,0.71,5.0,22.0,1.6,172.0
2025,3,22,3,0.63,4.6,22.0,1.8,150.0
2025,3,22,4,0.62,5.1,33.0,3.7,152.0
2025,3,22,5,0.51,4.4,33.0,2.5,153.0
2025,3,22,6,0.51,4.5,33.0,1.7,72.0
2025,3,22,7,0.48,4.4,22.0,2.6,72.0
2025,3,22,8,0.45,4.3,22.0,2.9,95.0
2025,3,22,9,0.41,3.8,22.0,2.7,68.0
2025,3,22,10,0.49,3.8,0.0,3.4,12.0
2025,3,22,11,0.46,3.8,11.0,3.0,360.0
2025,3,22,12,0.42,3.7,11.0,4.3,355.0
2025,3,22,15,0.6,3.6,22.0,5.1,10.0
2025,3,22,16,0.69,3.8,22.0,4.9,14.0
2025,3,22,17,0.64,3.7,22.0,5.6,15.0
2025,3,22,18,0.58,3.8,33.0,4.8,26.0
2025,3,22,19,0.59,3.8,22.0,4.7,28.0
2025,3,22,21,0.49,3.7,33.0,2.5,63.0
2025,3,22,22,0.44,3.8,22.0,1.4,106.0
2025,3,23,1,0.36,3.8,33.0,2.3,177.0
2025,3,23,2,0.36,4.0,33.0,3.8,156.0
2025,3,23,3,0.34,3.9,45.0,4.4,148.0
2025,3,23,4,0.31,3.8,45.0,4.4,158.0
2025,3,23,5,0.26,3.9,45.0,3.0,171.0
2025,3,23,6,0.27,3.9,33.0,3.0,151.0
2025,3,23,7,0.3,4.0,33.0,3.7,150.0
2025,3,23,8,0.26,3.9,45.0,3.2,153.0
2025,3,23,9,0.27,3.7,33.0,1.8,171.0
2025,3,23,11,0.22,3.7,33.0,1.2,305.0
2025,3,23,12,0.22,3.6,22.0,1.5,295.0
2025,3,23,13,0.24,3.8,11.0,2.7,305.0
2025,3,23,15,0.23,3.7,236.0,2.4,300.0
2025,3,23,16,0.23,3.7,22.0,3.9,308.0
2025,3,23,17,0.27,3.9,225.0,3.4,311.0
2025,3,23,18,0.22,3.9,45.0,1.2,332.0
2025,3,24,10,0.22,3.6,303.0,3.8,172.0
2025,3,24,11,0.24,3.5,292.0,3.9,212.0
2025,3,24,12,0.26,3.5,292.0,4.4,234.0
2025,3,24,13,0.3,3.4,292.0,4.8,241.0
2025,3,24,14,0.32,3.2,292.0,5.1,247.0
2025,3,24,15,0.34,3.2,303.0,5.5,251.0
2025,3,24,16,0.36,3.2,303.0,5.9,246.0
2025,3,24,18,0.41,3.6,236.0,5.3,244.0
2025,3,24,19,0.34,3.2,281.0,4.1,228.0
2025,3,24,20,0.34,3.3,315.0,4.2,210.0
2025,3,24,21,0.35,3.3,281.0,4.5,196.0
2025,3,24,22,0.32,3.3,270.0,5.3,187.0
2025,3,25,0,0.33,3.2,292.0,5.0,198.0
2025,3,25,1,0.31,3.2,281.0,5.1,187.0
2025,3,25,2,0.37,3.2,258.0,5.1,175.0
2025,3,25,3,0.37,3.3,270.0,6.0,174.0
2025,3,25,4,0.4,3.2,292.0,5.2,165.0
2025,3,25,5,0.37,3.2,281.0,4.6,164.0
2025,3,25,6,0.35,3.2,258.0,4.6,161.0
2025,3,25,7,0.33,3.3,281.0,4.6,168.0
2025,3,25,9,0.31,3.4,292.0,4.0,186.0
2025,3,25,10,0.28,3.3,281.0,5.0,208.0
2025,3,25,11,0.27,3.3,258.0,5.4,220.0
2025,3,25,12,0.35,3.3,270.0,5.7,254.0
2025,3,25,13,0.33,3.2,270.0,5.3,252.0
2025,3,25,14,0.36,3.2,281.0,5.5,251.0
2025,3,25,15,0.36,3.1,270.0,6.3,241.0
2025,3,25,18,0.42,3.3,247.0,6.7,226.0
2025,3,25,19,0.43,3.0,236.0,6.3,226.0
2025,3,25,20,0.39,3.1,247.0,7.1,217.0
2025,3,25,21,0.46,3.0,247.0,6.6,208.0
2025,3,26,0,0.31,3.1,258.0,6.4,195.0
2025,3,26,1,0.43,3.1,258.0,6.7,192.0
2025,3,26,2,0.37,3.1,247.0,5.7,189.0
2025,3,26,3,0.38,3.2,270.0,5.3,182.0
2025,3,26,4,0.41,3.2,270.0,6.3,188.0
2025,3,26,5,0.48,3.2,247.0,4.6,189.0
2025,3,26,6,0.37,3.2,270.0,4.1,181.0
2025,3,26,7,0.4,3.3,258.0,4.9,174.0
2025,3,26,8,0.55,3.7,247.0,6.1,175.0
2025,3,26,10,0.42,3.3,258.0,7.4,208.0
2025,3,26,11,0.46,3.2,270.0,7.5,226.0
2025,3,26,12,0.5,3.3,258.0,6.6,244.0
2025,3,26,13,0.6,3.3,270.0,7.9,241.0
2025,3,26,14,0.67,3.4,258.0,8.3,242.0
2025,3,26,15,0.83,3.4,247.0,8.6,244.0
2025,3,26,16,0.72,3.5,258.0,7.7,229.0
2025,3,26,17,0.84,3.5,236.0,7.2,229.0
2025,3,26,18,0.94,3.7,247.0,8.0,220.0
2025,3,26,19,0.88,3.7,270.0,8.9,221.0
2025,3,26,20,0.8,3.6,247.0,8.2,215.0
2025,3,26,21,0.88,3.6,236.0,7.5,205.0
2025,3,26,22,0.83,3.7,258.0,4.0,190.0
2025,3,26,23,0.9,4.0,258.0,5.0,196.0
2025,3,27,0,0.77,3.8,258.0,5.1,200.0
2025,3,27,1,0.65,3.7,258.0,4.7,195.0
2025,3,27,2,0.66,3.6,258.0,4.7,192.0
2025,3,27,3,0.62,3.6,247.0,4.9,187.0
2025,3,27,4,0.61,3.6,258.0,6.3,191.0
2025,3,27,5,0.64,3.5,247.0,6.1,193.0
2025,3,27,6,0.56,3.4,247.0,5.5,194.0
2025,3,27,7,0.43,3.3,247.0,5.4,194.0
2025,3,27,9,0.42,3.1,258.0,7.6,194.0
2025,3,27,10,0.4,3.3,281.0,6.4,223.0
2025,3,27,11,0.41,3.2,270.0,7.5,231.0
2025,3,27,12,0.54,3.3,258.0,8.9,241.0
2025,3,27,13,0.75,3.4,247.0,8.9,235.0
2025,3,27,14,0.73,3.6,258.0,9.1,243.0
2025,3,27,15,1.11,3.8,258.0,10.3,247.0
2025,3,27,16,1.38,4.0,258.0,10.2,250.0
2025,3,27,17,1.5,4.1,247.0,10.5,250.0
2025,3,27,18,1.53,4.1,236.0,10.6,241.0
2025,3,27,19,1.05,3.8,258.0,7.2,220.0
2025,3,27,20,0.89,3.8,236.0,5.8,198.0
2025,3,27,21,0.68,3.4,247.0,6.8,200.0
2025,3,27,22,0.53,3.4,247.0,5.2,199.0
2025,3,27,23,0.44,3.3,270.0,6.0,190.0
2025,3,28,0,0.35,3.4,281.0,6.4,183.0
2025,3,28,1,0.39,3.4,236.0,6.6,174.0
2025,3,28,2,0.28,3.1,258.0,6.9,169.0
2025,3,28,3,0.29,3.2,281.0,5.2,162.0
2025,3,28,4,0.25,3.4,270.0,5.5,156.0
2025,3,28,6,0.3,3.2,247.0,2.5,330.0
2025,3,28,7,0.34,3.0,33.0,7.7,41.0
2025,3,28,8,0.76,3.6,45.0,8.9,40.0
2025,3,28,9,1.35,4.2,11.0,12.2,38.0
2025,3,28,10,2.55,5.5,22.0,13.7,44.0
2025,3,28,11,2.73,5.9,11.0,14.2,38.0
2025,3,28,12,3.32,6.4,11.0,14.3,39.0
2025,3,28,13,3.77,7.0,0.0,13.0,39.0
2025,3,28,14,3.24,6.5,0.0,14.0,33.0
2025,3,28,15,2.78,5.8,11.0,14.5,39.0
2025,3,28,16,3.07,6.4,0.0,14.6,39.0
2025,3,28,17,2.83,6.2,11.0,14.5,45.0
2025,3,28,18,3.15,6.5,0.0,15.6,35.0
2025,3,28,19,2.97,6.0,11.0,15.1,35.0
2025,3,28,20,3.89,6.8,11.0,15.6,37.0
2025,3,28,21,3.22,6.4,11.0,15.4,38.0
2025,3,28,22,3.77,6.8,22.0,15.0,35.0
2025,3,28,23,3.63,6.3,0.0,15.3,35.0
2025,3,29,0,3.25,6.4,22.0,16.4,42.0
2025,3,29,1,3.34,6.2,11.0,16.7,48.0
2025,3,29,2,3.44,6.4,0.0,16.9,42.0
2025,3,29,4,3.3,6.1,11.0,17.3,41.0
2025,3,29,5,3.21,6.5,11.0,17.4,37.0
2025,3,29,6,3.22,6.3,11.0,16.6,40.0
2025,3,29,7,3.26,6.2,11.0,16.4,49.0
2025,3,29,8,3.34,6.4,11.0,15.5,44.0
2025,3,29,9,3.39,6.9,11.0,14.9,48.0
2025,3,29,10,2.89,5.9,22.0,13.6,50.0
2025,3,29,11,2.76,6.1,22.0,14.5,41.0
2025,3,29,12,2.9,5.8,11.0,14.7,46.0
2025,3,29,13,3.05,6.1,22.0,15.2,37.0
2025,3,29,14,2.76,5.6,22.0,15.4,39.0
2025,3,29,15,2.6,5.8,11.0,15.3,44.0
2025,3,29,16,2.9,6.0,22.0,15.3,39.0
2025,3,29,18,2.97,5.9,11.0,16.7,43.0
2025,3,29,19,3.27,6.6,11.0,17.2,40.0
2025,3,29,20,3.37,6.1,11.0,16.8,34.0
2025,3,29,21,3.37,6.5,11.0,17.2,35.0
2025,3,29,22,3.21,6.2,11.0,16.7,36.0
2025,3,29,23,3.74,6.4,22.0,17.2,40.0
2025,3,30,0,3.6,6.3,11.0,17.5,45.0
2025,3,30,1,3.0,6.2,11.0,17.1,43.0
2025,3,30,2,3.03,6.0,0.0,16.9,42.0
2025,3,30,3,3.28,6.2,11.0,16.8,42.0
2025,3,30,4,3.19,6.3,11.0,17.0,44.0
2025,3,30,5,3.36,6.2,11.0,17.6,40.0
2025,3,30,6,2.88,6.1,11.0,17.2,41.0
2025,3,30,7,3.33,6.4,11.0,16.8,45.0
2025,3,30,9,3.2,6.2,22.0,15.1,32.0
2025,3,30,10,3.23,6.0,22.0,15.8,36.0
2025,3,30,12,3.06,5.9,11.0,16.1,41.0
2025,3,30,13,3.26,6.1,22.0,16.3,35.0
2025,3,30,14,2.96,5.7,11.0,16.6,35.0
2025,3,30,16,3.39,6.1,11.0,18.3,36.0
2025,3,30,17,3.08,5.9,11.0,17.8,44.0
2025,3,30,18,3.31,6.0,22.0,18.1,40.0
2025,3,30,19,3.6,6.3,11.0,18.0,40.0
2025,3,30,20,3.61,6.3,11.0,18.4,37.0
2025,3,30,21,3.14,6.1,22.0,17.4,41.0
2025,3,30,22,3.56,6.8,22.0,17.5,41.0
2025,3,30,23,3.01,6.0,11.0,15.3,45.0
2025,3,31,0,2.88,5.7,22.0,15.2,37.0
2025,3,31,1,2.66,5.9,11.0,15.1,41.0
2025,3,31,2,2.5,5.5,11.0,14.6,41.0
2025,3,31,3,2.61,5.6,11.0,13.3,35.0
2025,3,31,4,2.54,5.8,11.0,13.5,43.0
2025,3,31,5,2.4,5.5,11.0,14.5,38.0
2025,3,31,6,2.58,5.7,11.0,14.9,35.0
2025,3,31,7,2.79,5.9,11.0,14.9,44.0
2025,3,31,8,3.0,6.2,11.0,14.4,36.0
2025,3,31,9,2.75,5.9,22.0,13.1,41.0
2025,3,31,10,2.72,5.7,33.0,13.2,45.0
2025,3,31,11,2.67,5.7,22.0,13.9,44.0
2025,3,31,12,2.44,5.5,22.0,14.0,45.0
2025,3,31,13,2.59,5.8,11.0,13.5,44.0
2025,3,31,14,2.4,5.5,22.0,14.4,47.0
2025,3,31,15,2.61,5.5,11.0,14.6,37.0
2025,3,31,16,2.48,5.4,22.0,14.8,47.0
2025,3,31,17,2.39,5.5,11.0,15.1,46.0
2025,3,31,18,2.43,5.6,22.0,15.8,34.0
2025,3,31,19,2.54,5.6,11.0,16.0,35.0
2025,3,31,20,2.65,5.8,33.0,15.8,47.0
2025,3,31,21,2.66,5.9,33.0,15.9,42.0
2025,3,31,22,3.37,6.3,33.0,15.8,34.0
2025,3,31,23,3.15,6.0,22.0,15.1,38.0
2025,4,1,0,2.65,5.5,22.0,15.0,41.0
2025,4,1,1,2.68,5.7,22.0,14.4,47.0
2025,4,1,2,2.43,5.6,11.0,14.2,39.0
2025,4,1,3,2.23,5.3,11.0,13.9,44.0
2025,4,1,4,2.15,5.1,11.0,12.9,37.0
2025,4,1,5,2.35,5.4,11.0,12.3,44.0
2025,4,1,6,2.32,5.2,22.0,13.5,48.0
2025,4,1,7,2.48,5.7,11.0,13.2,43.0
2025,4,1,8,2.37,5.5,11.0,12.3,48.0
2025,4,1,9,2.21,5.3,11.0,12.8,45.0
2025,4,1,10,2.48,5.6,11.0,13.1,34.0
2025,4,1,11,2.32,5.3,11.0,13.3,44.0
2025,4,1,12,2.33,5.5,22.0,13.6,43.0
2025,4,1,13,2.52,5.7,33.0,13.1,45.0
2025,4,1,14,1.96,5.1,22.0,12.9,47.0
2025,4,1,16,2.26,5.3,22.0,13.6,42.0
2025,4,1,17,2.12,5.2,22.0,14.0,42.0
2025,4,1,18,2.14,5.3,22.0,14.1,38.0
2025,4,1,20,2.23,5.3,33.0,14.4,36.0
2025,4,1,21,2.15,5.4,11.0,13.8,42.0
2025,4,1,22,2.12,5.6,22.0,14.2,37.0
2025,4,1,23,2.24,5.6,33.0,13.8,40.0
2025,4,2,0,2.67,5.8,22.0,14.0,39.0
2025,4,2,1,2.62,5.5,33.0,14.4,36.0
2025,4,2,2,2.96,5.9,22.0,14.8,42.0
2025,4,2,3,2.34,5.1,33.0,14.5,42.0
2025,4,2,4,2.37,5.2,11.0,13.5,46.0
2025,4,2,5,2.14,5.1,22.0,14.0,48.0
2025,4,2,6,2.28,5.5,22.0,13.0,52.0
2025,4,2,7,1.88,5.0,33.0,13.7,47.0
2025,4,2,8,1.98,5.3,22.0,13.1,45.0
2025,4,2,9,1.83,5.1,22.0,12.9,45.0
2025,4,2,10,1.97,5.2,22.0,12.0,47.0
2025,4,2,11,2.03,5.3,22.0,11.1,40.0
2025,4,2,12,1.84,5.1,33.0,10.5,43.0
2025,4,2,14,1.67,5.1,22.0,10.8,36.0
2025,4,2,15,1.86,5.2,22.0,12.1,30.0
2025,4,2,17,1.85,5.1,11.0,12.4,36.0
2025,4,2,18,1.91,5.3,22.0,11.6,34.0
2025,4,2,19,1.84,5.0,22.0,11.3,38.0
2025,4,2,20,1.81,5.0,22.0,11.4,39.0
2025,4,2,21,2.01,5.4,33.0,11.3,45.0
2025,4,2,22,2.18,5.6,22.0,10.5,45.0
2025,4,2,23,1.8,5.3,22.0,9.4,46.0
2025,4,3,0,1.96,5.5,22.0,8.2,44.0
2025,4,3,1,1.43,5.3,22.0,6.5,48.0
2025,4,3,2,1.55,5.3,33.0,6.3,50.0
2025,4,3,3,1.34,5.1,33.0,5.3,65.0
2025,4,3,4,1.42,5.2,33.0,5.3,63.0
2025,4,3,5,1.28,5.2,22.0,2.6,96.0
2025,4,3,6,1.17,5.0,22.0,1.2,360.0
2025,4,3,7,1.14,5.2,22.0,3.2,69.0
2025,4,3,8,1.11,5.3,11.0,1.9,82.0
2025,4,3,9,1.13,5.3,11.0,1.6,102.0
2025,4,3,12,1.34,5.5,22.0,3.2,4.0
2025,4,3,13,1.37,5.3,33.0,3.2,44.0
2025,4,3,14,1.52,5.0,33.0,7.4,27.0
2025,4,3,15,1.72,5.3,33.0,9.0,29.0
2025,4,3,16,1.73,5.1,33.0,8.4,29.0
2025,4,3,17,1.88,5.4,11.0,9.6,29.0
2025,4,3,19,2.19,5.7,22.0,9.1,42.0
2025,4,3,20,1.79,5.6,11.0,6.1,50.0
2025,4,3,21,1.71,5.9,0.0,3.9,54.0
2025,4,3,22,1.52,5.7,11.0,3.4,43.0
2025,4,3,23,1.27,5.7,22.0,2.7,38.0
2025,4,4,0,1.34,5.7,11.0,1.2,53.0
2025,4,4,1,1.31,5.4,11.0,1.6,47.0
2025,4,4,2,1.3,5.3,22.0,1.3,126.0
2025,4,4,3,1.15,5.3,22.0,2.7,151.0
2025,4,4,5,1.09,5.0,22.0,2.0,155.0
2025,4,4,6,1.1,5.1,22.0,2.0,162.0
2025,4,4,11,1.21,5.2,0.0,1.7,336.0
2025,4,4,12,1.05,4.8,11.0,4.2,356.0
2025,4,4,13,1.31,5.1,0.0,4.5,8.0
2025,4,4,14,1.41,5.1,0.0,3.1,20.0
2025,4,4,15,1.34,5.3,0.0,3.4,16.0
2025,4,4,16,1.17,5.0,348.0,2.9,18.0
2025,4,4,17,1.4,5.3,348.0,2.2,21.0
2025,4,4,20,1.17,5.0,0.0,1.3,225.0
2025,4,4,21,1.01,5.1,348.0,1.9,256.0
2025,4,4,22,0.97,5.1,11.0,2.4,270.0
2025,4,4,23,0.9,5.0,337.0,3.1,253.0
2025,4,5,0,1.14,5.1,11.0,4.4,270.0
2025,4,5,1,1.18,5.2,22.0,2.1,311.0
2025,4,5,2,1.06,5.0,22.0,3.9,323.0
2025,4,5,3,1.08,5.0,11.0,2.7,340.0
2025,4,5,4,1.07,4.8,0.0,4.0,1.0
2025,4,5,5,1.25,4.9,11.0,2.2,13.0
2025,4,5,6,1.25,5.0,0.0,3.6,24.0
2025,4,5,7,1.21,5.0,337.0,3.3,352.0
2025,4,5,8,1.19,4.9,348.0,6.5,353.0
2025,4,5,9,1.21,4.7,348.0,7.1,10.0
2025,4,5,10,1.36,4.9,337.0,7.3,6.0
2025,4,5,11,1.28,4.7,348.0,7.9,12.0
2025,4,5,12,1.18,4.4,11.0,6.3,41.0
2025,4,5,13,1.07,4.6,11.0,6.7,23.0
2025,4,5,14,0.99,4.4,0.0,6.1,29.0
2025,4,5,15,0.97,4.4,11.0,5.8,56.0
2025,4,5,16,0.87,4.3,11.0,6.0,54.0
2025,4,5,17,0.74,4.3,22.0,5.2,37.0
2025,4,5,18,0.76,4.1,11.0,6.9,37.0
2025,4,5,19,0.87,4.2,11.0,8.9,38.0
2025,4,5,20,0.91,4.0,22.0,7.6,64.0
2025,4,5,21,0.71,4.1,11.0,7.1,25.0
2025,4,5,22,0.83,4.1,22.0,8.6,25.0
2025,4,5,23,1.02,4.2,33.0,10.3,47.0
2025,4,6,0,1.02,4.2,33.0,8.2,56.0
2025,4,6,1,0.8,4.2,11.0,7.4,41.0
2025,4,6,2,0.9,4.4,33.0,6.8,59.0
2025,4,6,4,0.84,4.1,33.0,6.9,53.0
2025,4,6,5,0.93,4.0,33.0,7.8,54.0
2025,4,6,6,1.13,4.3,33.0,8.9,48.0
2025,4,6,7,1.29,4.3,22.0,10.2,40.0
2025,4,6,8,1.17,4.2,33.0,9.1,39.0
2025,4,6,9,1.13,4.3,33.0,10.3,37.0
2025,4,6,10,1.29,4.2,33.0,10.4,38.0
2025,4,6,11,1.22,4.2,33.0,10.5,38.0
2025,4,6,13,1.34,4.5,22.0,10.7,37.0
2025,4,6,14,1.41,4.6,33.0,11.3,32.0
2025,4,6,15,1.64,4.8,22.0,11.4,33.0
2025,4,6,16,1.49,4.7,22.0,11.0,36.0
2025,4,6,17,1.78,5.4,22.0,11.2,36.0
2025,4,6,18,1.76,4.9,22.0,11.7,41.0
2025,4,6,20,2.13,5.4,22.0,12.4,42.0
2025,4,6,21,1.61,5.1,33.0,9.8,47.0
2025,4,6,22,1.65,5.1,33.0,9.8,49.0
2025,4,6,23,1.48,5.0,33.0,7.8,53.0
2025,4,7,1,1.15,5.2,22.0,3.6,58.0
2025,4,7,2,1.13,5.2,33.0,2.4,63.0
2025,4,7,3,1.37,5.4,22.0,1.9,75.0
2025,4,7,4,1.25,5.2,22.0,1.2,96.0
2025,4,7,6,1.27,5.5,33.0,1.7,93.0
2025,4,7,7,1.12,5.3,11.0,1.8,80.0
2025,4,7,8,1.11,5.3,22.0,1.3,69.0
2025,4,7,14,1.09,5.1,0.0,1.9,342.0
2025,4,7,15,0.93,4.8,0.0,2.8,3.0
2025,4,7,16,1.02,5.0,348.0,4.6,349.0
2025,4,7,17,1.24,5.1,0.0,4.4,356.0
2025,4,7,18,1.24,4.8,337.0,3.8,9.0
2025,4,7,19,1.27,5.0,0.0,3.1,2.0
2025,4,7,20,1.23,5.0,348.0,1.2,4.0
2025,4,7,21,1.33,5.1,0.0,1.2,321.0
2025,4,7,23,1.0,4.7,348.0,1.5,289.0
2025,4,8,0,0.93,4.9,0.0,1.7,303.0
2025,4,8,1,0.76,4.6,0.0,1.9,294.0
2025,4,8,2,0.75,4.6,11.0,2.4,297.0
2025,4,8,3,0.73,4.5,348.0,1.4,282.0
2025,4,8,4,0.69,4.7,0.0,2.1,327.0
2025,4,8,5,0.7,4.5,11.0,2.8,340.0
2025,4,8,6,0.65,4.3,11.0,2.8,3.0
2025,4,8,7,0.65,4.1,22.0,3.0,12.0
2025,4,8,8,0.77,4.2,11.0,4.3,12.0
2025,4,8,9,0.7,4.3,0.0,3.9,31.0
2025,4,8,10,0.77,4.2,22.0,3.3,20.0
2025,4,8,11,0.75,4.3,11.0,2.9,21.0
2025,4,8,12,0.78,4.4,0.0,3.8,4.0
2025,4,8,14,0.64,4.0,348.0,4.0,31.0
2025,4,8,15,0.63,4.0,11.0,4.6,29.0
2025,4,8,16,0.66,4.0,11.0,4.0,36.0
2025,4,8,17,0.65,4.2,0.0,3.9,26.0
2025,4,8,18,0.67,4.1,11.0,2.3,26.0
2025,4,8,19,0.6,4.2,11.0,2.6,29.0
2025,4,8,20,0.49,4.1,22.0,2.1,26.0
2025,4,8,21,0.53,4.2,22.0,1.9,12.0
2025,4,8,22,0.47,4.0,22.0,2.1,25.0
2025,4,9,0,0.44,4.5,22.0,1.7,9.0
2025,4,9,2,0.37,4.4,22.0,1.5,139.0
2025,4,9,3,0.34,4.1,22.0,1.8,146.0
2025,4,9,4,0.35,4.5,22.0,2.1,155.0
2025,4,9,8,0.33,4.2,33.0,2.8,144.0
2025,4,9,9,0.31,4.3,45.0,1.9,154.0
2025,4,9,11,0.3,4.4,33.0,1.1,268.0
2025,4,9,12,0.28,4.2,22.0,1.5,274.0
2025,4,9,13,0.29,4.4,11.0,1.2,279.0
2025,4,9,14,0.26,4.1,33.0,1.1,287.0
2025,4,9,15,0.25,4.2,281.0,2.0,271.0
2025,4,9,16,0.26,4.1,236.0,4.5,260.0
2025,4,9,17,0.32,4.7,22.0,4.3,259.0
2025,4,9,18,0.36,4.3,247.0,5.5,256.0
2025,4,9,19,0.28,3.9,33.0,5.5,243.0
2025,4,9,20,0.32,3.9,22.0,3.9,210.0
2025,4,9,21,0.25,3.6,0.0,3.4,207.0
2025,4,9,22,0.27,3.4,258.0,2.9,211.0
2025,4,9,23,0.26,3.7,22.0,2.6,203.0
2025,4,10,0,0.23,3.8,11.0,2.3,191.0
2025,4,10,1,0.23,3.7,22.0,3.7,187.0
2025,4,10,2,0.27,3.4,292.0,3.5,176.0
2025,4,10,3,0.26,3.4,270.0,3.9,175.0
2025,4,10,4,0.27,3.7,292.0,4.2,176.0
2025,4,10,5,0.29,3.6,11.0,4.5,185.0
2025,4,10,6,0.25,3.7,292.0,6.8,189.0
2025,4,10,7,0.24,3.7,11.0,4.9,199.0
2025,4,10,8,0.3,4.2,22.0,6.8,194.0
2025,4,10,9,0.45,3.2,292.0,10.4,252.0
2025,4,10,10,0.75,3.4,258.0,7.9,230.0
2025,4,10,11,0.61,3.3,258.0,8.0,246.0
2025,4,10,12,0.68,3.5,258.0,7.6,236.0
2025,4,10,13,0.72,3.5,270.0,6.9,239.0
2025,4,10,14,0.63,3.4,270.0,5.1,252.0
2025,4,10,15,0.59,3.5,270.0,5.2,264.0
2025,4,10,16,0.54,3.5,281.0,2.7,338.0
2025,4,10,17,0.53,3.5,270.0,2.9,339.0
2025,4,10,19,0.44,3.4,270.0,1.7,54.0
2025,4,10,20,0.43,3.5,303.0,1.4,89.0
2025,4,11,3,0.29,3.9,33.0,3.3,136.0
2025,4,11,4,0.23,3.9,45.0,2.0,146.0
2025,4,11,5,0.22,3.9,247.0,2.4,163.0
2025,4,11,6,0.22,4.0,236.0,1.6,123.0
2025,4,11,7,0.23,4.0,45.0,1.9,113.0
2025,4,11,11,0.22,3.9,11.0,2.3,261.0
2025,4,11,12,0.23,4.0,11.0,1.8,257.0
2025,4,11,13,0.27,4.0,0.0,2.7,273.0
2025,4,11,14,0.27,4.4,0.0,4.0,274.0
2025,4,11,15,0.26,4.4,11.0,5.1,273.0
2025,4,11,16,0.25,4.5,11.0,4.4,282.0
2025,4,11,17,0.47,4.5,236.0,3.3,278.0
2025,4,11,19,0.31,4.5,22.0,2.1,208.0
2025,4,11,20,0.31,4.5,11.0,1.8,215.0
2025,4,11,21,0.23,4.1,11.0,2.7,191.0
2025,4,11,22,0.21,4.2,0.0,2.6,201.0
2025,4,11,23,0.24,4.0,348.0,3.4,211.0
2025,4,12,0,0.27,4.5,326.0,3.4,204.0
2025,4,12,3,0.36,3.1,258.0,5.6,186.0
2025,4,12,4,0.47,3.2,247.0,5.9,190.0
2025,4,12,5,0.61,3.5,247.0,7.5,195.0
2025,4,12,6,0.79,3.6,236.0,7.1,182.0
2025,4,12,7,0.75,3.7,247.0,8.6,193.0
2025,4,12,8,0.97,3.8,225.0,7.9,193.0
2025,4,12,9,1.01,3.8,236.0,9.4,206.0
2025,4,12,10,0.91,3.7,236.0,10.2,213.0
2025,4,12,11,0.95,3.8,236.0,9.8,228.0
2025,4,12,12,1.35,4.2,236.0,10.0,227.0
2025,4,12,13,1.07,4.0,225.0,10.7,218.0
2025,4,12,14,0.96,3.9,236.0,8.1,214.0
2025,4,12,15,0.85,3.8,247.0,8.2,212.0
2025,4,12,16,0.84,3.8,247.0,8.4,211.0
2025,4,12,17,0.86,3.7,236.0,8.5,200.0
2025,4,12,18,0.82,3.5,225.0,8.1,197.0
2025,4,12,19,0.78,3.6,225.0,9.3,192.0
2025,4,12,20,0.8,3.5,247.0,7.8,199.0
2025,4,12,21,0.74,3.5,247.0,8.3,208.0
2025,4,12,22,0.71,3.7,247.0,8.5,199.0
2025,4,12,23,0.72,3.5,247.0,12.9,30.0
2025,4,13,0,1.88,4.4,22.0,13.5,40.0
2025,4,13,1,2.6,5.2,22.0,16.0,38.0
2025,4,13,2,3.14,5.9,11.0,15.4,37.0
2025,4,13,3,2.58,5.7,22.0,15.5,38.0
2025,4,13,4,2.79,5.7,33.0,15.1,31.0
2025,4,13,5,2.43,5.4,22.0,14.4,42.0
2025,4,13,6,2.13,5.2,22.0,14.6,34.0
2025,4,13,7,2.54,5.9,22.0,15.8,46.0
2025,4,13,8,2.72,6.0,33.0,15.2,41.0
2025,4,13,9,2.51,5.7,22.0,15.9,40.0
2025,4,13,10,2.54,5.8,33.0,15.1,42.0
2025,4,13,11,2.89,5.8,33.0,14.6,44.0
2025,4,13,12,2.43,5.5,22.0,13.3,41.0
2025,4,13,13,2.17,5.3,22.0,12.2,36.0
2025,4,13,14,1.83,5.0,22.0,10.3,39.0
2025,4,13,15,1.63,5.1,22.0,9.3,35.0
2025,4,13,16,1.5,5.1,22.0,7.9,38.0
2025,4,13,17,1.17,4.9,22.0,7.0,43.0
2025,4,13,18,1.12,5.2,11.0,4.8,70.0
2025,4,13,19,1.04,5.2,11.0,3.5,70.0
2025,4,13,20,0.91,5.2,0.0,2.3,105.0
2025,4,13,21,0.93,5.4,11.0,3.1,159.0
2025,4,13,22,0.86,5.5,33.0,4.7,164.0
2025,4,13,23,0.88,5.6,33.0,4.1,170.0
2025,4,14,1,0.75,5.7,33.0,4.9,188.0
2025,4,14,2,0.71,5.8,22.0,3.7,220.0
2025,4,14,3,0.58,5.5,33.0,3.5,198.0
2025,4,14,4,0.52,5.3,11.0,2.9,193.0
2025,4,14,5,0.5,5.2,56.0,4.6,178.0
2025,4,14,6,0.48,5.6,0.0,4.1,182.0
2025,4,14,7,0.44,5.4,11.0,4.0,189.0
2025,4,14,8,0.47,5.1,0.0,3.9,186.0
2025,4,14,9,0.31,4.2,281.0,4.2,215.0
2025,4,14,10,0.41,4.9,11.0,4.4,227.0
2025,4,14,11,0.4,4.9,22.0,4.7,235.0
2025,4,14,12,0.44,4.5,22.0,5.6,245.0
2025,4,14,16,0.36,3.2,315.0,6.1,232.0
2025,4,14,18,0.5,3.2,315.0,6.0,246.0
2025,4,14,19,0.45,3.1,281.0,7.5,218.0
2025,4,14,20,0.46,3.0,236.0,8.2,211.0
2025,4,14,21,0.48,3.1,247.0,6.5,201.0
2025,4,14,22,0.42,3.1,281.0,5.3,201.0
2025,4,14,23,0.3,3.2,281.0,5.7,204.0
2025,4,15,0,0.34,3.3,292.0,4.2,196.0
2025,4,15,1,0.33,3.6,281.0,3.8,175.0
2025,4,15,2,0.32,3.7,292.0,3.5,154.0
2025,4,15,3,0.33,3.8,281.0,3.1,151.0
2025,4,15,4,0.3,3.8,292.0,3.5,148.0
2025,4,15,5,0.37,4.0,270.0,3.4,149.0
2025,4,15,6,0.37,3.9,292.0,2.1,68.0
2025,4,15,7,0.34,3.8,281.0,2.5,59.0
2025,4,15,8,0.42,4.0,315.0,3.9,46.0
2025,4,15,9,0.36,3.6,303.0,5.2,40.0
2025,4,15,11,0.72,3.7,22.0,7.1,18.0
2025,4,15,12,0.96,3.8,22.0,7.8,24.0
2025,4,15,13,0.83,3.9,33.0,7.2,25.0
2025,4,15,15,0.8,3.9,33.0,7.9,16.0
2025,4,15,16,0.93,4.0,11.0,7.0,18.0
2025,4,15,17,0.98,4.0,22.0,7.7,28.0
2025,4,15,18,1.21,4.6,22.0,7.7,29.0
2025,4,15,19,1.11,4.6,22.0,7.6,37.0
2025,4,15,20,1.18,4.6,22.0,7.2,41.0
2025,4,15,21,1.08,4.9,22.0,5.6,53.0
2025,4,15,22,0.98,4.6,22.0,4.3,70.0
2025,4,15,23,0.9,4.9,22.0,2.6,106.0
2025,4,16,0,0.94,4.8,22.0,5.0,152.0
2025,4,16,1,0.91,5.1,33.0,4.9,158.0
2025,4,16,2,0.7,4.9,22.0,4.9,164.0
2025,4,16,3,0.67,5.0,45.0,5.1,155.0
2025,4,16,4,0.65,5.0,22.0,1.6,143.0
2025,4,16,5,0.59,5.2,33.0,3.2,146.0
2025,4,16,6,0.51,4.7,11.0,2.3,148.0
2025,4,16,7,0.53,4.7,33.0,3.9,153.0
2025,4,16,8,0.59,4.7,11.0,4.0,157.0
2025,4,16,9,0.52,4.5,11.0,3.0,188.0
2025,4,16,10,0.49,4.4,11.0,3.3,262.0
2025,4,16,11,0.56,4.2,22.0,2.4,268.0
2025,4,16,13,0.46,3.9,56.0,1.3,353.0
2025,4,16,14,0.52,4.4,11.0,3.1,280.0
2025,4,16,16,0.4,4.4,337.0,4.5,275.0
2025,4,16,17,0.39,4.3,348.0,4.7,273.0
2025,4,16,18,0.35,4.2,22.0,2.7,268.0
2025,4,16,20,0.3,4.3,11.0,2.3,140.0
2025,4,16,21,0.32,4.4,0.0,2.0,157.0
2025,4,16,22,0.32,4.6,11.0,1.6,202.0
2025,4,16,23,0.27,4.3,22.0,1.4,188.0
2025,4,17,0,0.3,4.7,11.0,2.1,145.0
2025,4,17,1,0.31,4.6,33.0,2.1,148.0
2025,4,17,2,0.3,4.4,258.0,1.4,162.0
2025,4,17,4,0.26,4.7,33.0,2.7,161.0
2025,4,17,5,0.32,4.7,281.0,3.9,158.0
2025,4,17,6,0.22,4.6,270.0,4.2,153.0
2025,4,17,7,0.23,4.7,90.0,4.4,147.0
2025,4,17,8,0.31,4.5,33.0,3.4,157.0
2025,4,17,9,0.24,4.5,236.0,3.7,159.0
2025,4,17,10,0.27,4.4,270.0,1.2,174.0
2025,4,17,11,0.31,4.5,236.0,2.0,314.0
2025,4,17,12,0.28,4.3,247.0,3.4,320.0
2025,4,17,13,0.31,4.3,270.0,4.3,322.0
2025,4,17,14,0.31,4.4,11.0,4.8,332.0
2025,4,17,15,0.25,4.1,258.0,3.1,11.0
2025,4,17,16,0.24,4.3,258.0,2.0,31.0
2025,4,17,19,0.26,4.1,281.0,1.3,212.0
2025,4,17,20,0.24,4.7,292.0,2.1,237.0
2025,4,17,21,0.22,4.4,303.0,2.4,234.0
2025,4,17,22,0.23,4.2,281.0,2.3,230.0
2025,4,17,23,0.22,4.2,270.0,2.6,201.0
2025,4,18,0,0.22,4.5,270.0,2.8,219.0
2025,4,18,1,0.23,4.4,270.0,2.9,205.0
2025,4,18,2,0.22,4.8,281.0,2.7,199.0
2025,4,18,7,0.22,4.5,56.0,3.3,160.0
2025,4,18,8,0.25,4.6,0.0,5.4,207.0
2025,4,18,9,0.24,4.2,22.0,5.1,242.0
2025,4,18,10,0.21,3.7,270.0,6.4,247.0
2025,4,18,11,0.22,3.4,281.0,5.6,247.0
2025,4,18,13,0.32,3.2,270.0,5.3,250.0
2025,4,18,14,0.34,3.2,258.0,4.6,247.0
2025,4,18,15,0.31,3.5,303.0,5.0,251.0
2025,4,18,16,0.27,3.4,303.0,5.2,241.0
2025,4,18,17,0.27,3.6,292.0,5.1,216.0
2025,4,18,18,0.31,3.7,236.0,4.5,224.0
2025,4,18,19,0.29,3.3,281.0,4.5,224.0
2025,4,18,20,0.37,3.4,281.0,4.3,208.0
2025,4,18,21,0.36,3.2,258.0,4.9,209.0
2025,4,18,22,0.34,3.3,258.0,3.5,188.0
2025,4,18,23,0.35,3.2,258.0,4.0,193.0
2025,4,19,0,0.37,3.3,258.0,3.5,195.0
2025,4,19,1,0.35,3.3,270.0,3.5,179.0
2025,4,19,2,0.33,3.2,281.0,3.2,185.0
2025,4,19,3,0.28,3.4,281.0,4.5,189.0
2025,4,19,4,0.3,3.5,270.0,4.0,170.0
2025,4,19,5,0.27,3.5,292.0,4.2,170.0
2025,4,19,6,0.3,3.6,67.0,4.3,158.0
2025,4,19,7,0.33,3.6,22.0,3.4,182.0
2025,4,19,8,0.37,3.9,22.0,3.9,202.0
2025,4,19,9,0.29,3.7,292.0,4.0,218.0
2025,4,19,10,0.27,3.9,33.0,5.2,223.0
2025,4,19,11,0.28,3.8,22.0,5.9,211.0
2025,4,19,12,0.27,3.5,22.0,5.6,231.0
2025,4,19,13,0.28,3.5,281.0,5.9,230.0
2025,4,19,14,0.31,3.2,258.0,6.6,233.0
2025,4,19,15,0.39,3.2,258.0,6.4,221.0
2025,4,19,16,0.41,3.1,247.0,7.3,228.0
2025,4,19,17,0.54,3.2,247.0,6.8,228.0
2025,4,19,18,0.51,3.3,247.0,6.1,227.0
2025,4,19,19,0.55,3.4,236.0,5.9,229.0
2025,4,19,20,0.55,3.4,258.0,5.8,222.0
2025,4,19,21,0.65,3.5,247.0,6.3,216.0
2025,4,19,22,0.67,3.4,247.0,5.7,217.0
2025,4,19,23,0.74,3.5,247.0,3.3,211.0
2025,4,20,0,0.61,3.5,247.0,3.2,359.0
2025,4,20,1,0.58,3.5,258.0,2.0,77.0
2025,4,20,2,0.51,3.4,258.0,4.4,140.0
2025,4,20,3,0.35,3.3,247.0,6.6,185.0
2025,4,20,4,0.3,3.3,258.0,5.9,214.0
2025,4,20,5,0.31,3.3,281.0,6.1,225.0
2025,4,20,6,0.34,3.2,270.0,5.1,224.0
2025,4,20,7,0.31,3.2,292.0,3.9,220.0
2025,4,20,8,0.45,3.6,270.0,4.0,247.0
2025,4,20,9,0.34,3.3,270.0,3.9,235.0
2025,4,20,10,0.3,3.3,270.0,3.9,246.0
2025,4,20,11,0.33,3.4,270.0,4.4,257.0
2025,4,20,12,0.35,3.4,270.0,4.0,259.0
2025,4,20,13,0.29,3.3,281.0,4.4,257.0
2025,4,20,14,0.31,3.4,315.0,6.6,268.0
2025,4,20,15,0.31,3.1,281.0,6.3,290.0
2025,4,20,16,0.33,3.0,270.0,5.0,313.0
2025,4,20,17,0.32,3.3,315.0,3.6,26.0
2025,4,20,18,0.34,3.9,247.0,2.8,67.0
2025,4,20,20,0.26,4.0,22.0,1.9,336.0
2025,4,20,22,0.22,3.8,281.0,3.8,8.0
2025,4,20,23,0.21,4.0,247.0,3.5,28.0
2025,4,21,0,0.23,3.3,33.0,3.6,50.0
2025,4,21,2,0.22,3.3,33.0,3.0,53.0
2025,4,21,3,0.26,3.5,11.0,2.3,29.0
2025,4,21,4,0.22,3.4,22.0,3.1,25.0
2025,4,21,5,0.24,3.6,11.0,3.3,41.0
2025,4,21,6,0.23,3.6,33.0,3.4,43.0
2025,4,21,7,0.21,3.5,337.0,3.3,83.0
2025,4,21,8,0.37,4.7,45.0,1.6,87.0
2025,4,21,11,0.24,4.3,303.0,3.8,231.0
2025,4,21,12,0.22,4.4,11.0,5.8,242.0
2025,4,21,13,0.23,4.4,0.0,6.4,254.0
2025,4,21,14,0.24,3.9,337.0,5.3,256.0
2025,4,21,15,0.29,3.8,236.0,6.0,254.0
2025,4,21,16,0.31,3.8,22.0,5.2,259.0
2025,4,21,17,0.25,4.0,22.0,4.1,254.0
2025,4,21,19,0.31,4.3,22.0,5.0,230.0
2025,4,21,20,0.25,3.7,303.0,5.6,221.0
2025,4,21,21,0.33,3.6,11.0,6.1,224.0
2025,4,21,22,0.43,3.4,33.0,6.6,211.0
2025,4,21,23,0.42,3.5,0.0,6.5,186.0
2025,4,22,0,0.44,3.6,270.0,7.6,195.0
2025,4,22,1,0.47,3.4,33.0,6.6,200.0
2025,4,22,2,0.41,3.3,258.0,6.7,191.0
2025,4,22,3,0.43,3.3,258.0,4.9,189.0
2025,4,22,4,0.42,3.4,247.0,5.1,195.0
2025,4,22,5,0.4,3.4,258.0,6.0,187.0
2025,4,22,6,0.37,3.4,281.0,6.9,185.0
2025,4,22,7,0.35,3.4,303.0,7.4,187.0
2025,4,22,8,0.36,3.2,236.0,7.0,194.0
2025,4,22,10,0.55,3.2,258.0,8.7,220.0
2025,4,22,11,0.7,3.4,258.0,8.4,235.0
2025,4,22,12,0.86,3.6,247.0,8.9,237.0
2025,4,22,13,0.98,3.7,258.0,8.9,230.0
2025,4,22,14,0.87,3.6,236.0,8.9,234.0
2025,4,22,15,0.89,3.6,236.0,8.7,231.0
2025,4,22,16,0.98,3.7,247.0,8.2,220.0
2025,4,22,17,0.88,3.6,247.0,8.8,206.0
2025,4,22,18,0.88,3.7,247.0,8.1,214.0
2025,4,22,19,0.84,3.6,270.0,6.9,212.0
2025,4,22,20,0.83,3.8,258.0,7.7,219.0
2025,4,22,21,0.83,3.8,270.0,8.3,209.0
2025,4,22,22,0.76,3.8,270.0,6.8,196.0
2025,4,22,23,0.78,3.8,270.0,6.3,202.0
2025,4,23,0,0.73,3.9,247.0,6.0,183.0
2025,4,23,1,0.65,3.9,270.0,5.8,174.0
2025,4,23,2,0.74,4.0,258.0,6.0,181.0
2025,4,23,4,0.75,3.8,270.0,7.4,190.0
2025,4,23,5,0.73,3.9,247.0,8.0,190.0
2025,4,23,6,0.69,3.9,247.0,7.8,190.0
2025,4,23,7,0.66,3.9,270.0,7.8,196.0
2025,4,23,8,0.69,4.0,270.0,3.1,220.0
2025,4,23,9,0.68,4.0,281.0,2.4,115.0
2025,4,23,10,0.61,4.1,270.0,4.1,130.0
2025,4,23,11,0.56,4.3,281.0,2.0,183.0
2025,4,23,12,0.54,4.4,270.0,4.8,223.0
2025,4,23,13,0.54,4.3,281.0,6.0,237.0
2025,4,23,14,0.46,3.8,270.0,6.5,246.0
2025,4,23,15,0.6,3.8,270.0,6.1,243.0
2025,4,23,16,0.62,3.7,247.0,4.6,249.0
2025,4,23,17,0.6,3.8,247.0,4.1,239.0
2025,4,23,18,0.53,3.9,258.0,3.2,274.0
2025,4,23,19,0.51,3.9,247.0,5.3,5.0
2025,4,23,20,0.52,3.5,0.0,5.4,14.0
2025,4,23,21,0.86,4.3,326.0,5.1,28.0
2025,4,23,23,1.03,4.7,11.0,4.7,45.0
2025,4,24,0,0.94,4.9,11.0,3.7,34.0
2025,4,24,1,0.85,4.9,348.0,4.3,23.0
2025,4,24,2,0.95,4.8,11.0,4.7,29.0
2025,4,24,3,0.89,4.8,0.0,4.6,54.0
2025,4,24,4,0.92,4.9,11.0,4.1,54.0
2025,4,24,5,0.99,5.0,22.0,3.9,48.0
2025,4,24,6,1.09,5.2,22.0,3.9,41.0
2025,4,24,7,1.06,5.4,22.0,3.8,42.0
2025,4,24,8,1.08,5.3,22.0,2.7,47.0
2025,4,24,9,1.22,5.5,22.0,2.5,31.0
2025,4,24,12,1.03,5.4,11.0,1.5,274.0
2025,4,24,13,0.75,5.2,0.0,1.9,302.0
2025,4,24,14,0.74,5.0,0.0,1.7,319.0
2025,4,24,15,0.62,5.0,33.0,6.5,243.0
2025,4,24,16,0.84,4.0,22.0,6.6,249.0
2025,4,24,17,0.88,4.4,11.0,8.0,253.0
2025,4,24,18,0.84,4.0,11.0,6.8,240.0
2025,4,24,19,0.71,4.0,11.0,5.3,231.0
2025,4,24,20,0.74,4.3,22.0,5.1,231.0
2025,4,24,21,0.81,4.8,22.0,5.0,247.0
2025,4,24,22,0.57,4.3,0.0,5.2,256.0
2025,4,24,23,0.61,4.4,11.0,3.4,230.0
2025,4,25,0,0.58,4.7,33.0,6.8,179.0
2025,4,25,1,0.55,4.5,33.0,5.4,197.0
2025,4,25,2,0.54,4.4,11.0,5.6,192.0
2025,4,25,3,0.53,4.3,11.0,5.8,188.0
2025,4,25,4,0.49,4.2,22.0,4.7,327.0
2025,4,25,5,0.69,4.0,11.0,6.9,3.0
2025,4,25,6,0.98,4.4,11.0,5.8,12.0
2025,4,25,7,1.52,5.3,348.0,7.0,344.0
2025,4,25,8,1.79,5.3,348.0,9.9,8.0
2025,4,25,9,2.06,5.4,0.0,10.8,17.0
2025,4,25,10,2.67,5.7,11.0,11.8,29.0
2025,4,25,11,2.88,5.9,22.0,11.7,29.0
2025,4,25,12,2.6,6.1,22.0,12.2,33.0
2025,4,25,13,2.28,5.8,22.0,12.0,34.0
2025,4,25,14,2.58,6.0,11.0,12.7,34.0
2025,4,25,15,2.52,5.8,22.0,12.2,37.0
2025,4,25,16,2.76,6.1,11.0,11.9,38.0
2025,4,25,19,2.52,5.9,11.0,13.3,41.0
2025,4,25,20,2.9,6.4,11.0,12.5,41.0
2025,4,25,23,2.94,6.4,22.0,11.5,38.0
2025,4,26,0,2.52,6.1,22.0,11.0,43.0
2025,4,26,1,2.38,5.9,22.0,10.2,43.0
2025,4,26,2,2.13,5.8,11.0,9.4,34.0
2025,4,26,3,1.9,5.7,22.0,9.7,42.0
2025,4,26,4,2.09,5.8,22.0,9.4,40.0
2025,4,26,7,2.15,6.1,11.0,7.7,37.0
2025,4,26,8,1.72,5.8,22.0,6.4,34.0
2025,4,26,9,1.87,6.0,22.0,5.4,45.0
2025,4,26,11,1.76,6.2,22.0,4.8,52.0
2025,4,26,12,1.67,6.0,22.0,4.9,54.0
2025,4,26,13,1.54,5.7,22.0,3.8,32.0
2025,4,26,15,1.32,5.3,11.0,6.7,28.0
2025,4,26,17,1.65,5.5,11.0,8.5,33.0
2025,4,26,21,2.31,6.1,11.0,9.4,40.0
2025,4,26,23,2.11,5.6,22.0,7.7,24.0
2025,4,27,0,1.45,5.3,11.0,8.6,21.0
2025,4,27,1,1.62,5.7,11.0,7.8,23.0
2025,4,27,2,1.69,5.5,22.0,7.5,36.0
2025,4,27,3,1.45,5.7,22.0,5.2,69.0
2025,4,27,4,1.48,5.6,0.0,3.6,73.0
2025,4,27,5,1.34,6.0,0.0,4.1,64.0
2025,4,27,6,1.31,5.8,11.0,4.4,58.0
2025,4,27,7,1.41,5.8,11.0,7.1,337.0
2025,4,27,9,1.49,5.4,0.0,6.6,6.0
2025,4,27,11,1.61,5.6,22.0,5.0,7.0
2025,4,27,12,1.13,5.0,11.0,5.9,358.0
2025,4,27,15,0.89,4.6,11.0,5.7,352.0
2025,4,27,17,0.94,5.0,0.0,3.6,354.0
2025,4,27,20,0.77,4.9,11.0,2.5,315.0
2025,4,27,21,0.72,4.9,11.0,1.4,305.0
2025,4,28,0,0.61,4.7,33.0,1.5,177.0
2025,4,28,1,0.57,5.0,33.0,3.4,169.0
2025,4,28,2,0.51,5.0,22.0,2.7,240.0
2025,4,28,3,0.56,5.0,33.0,1.5,214.0
2025,4,28,4,0.48,5.0,11.0,2.5,299.0
2025,4,28,6,0.47,5.1,0.0,1.1,319.0
2025,4,28,7,0.44,4.8,11.0,1.4,115.0
2025,4,28,9,0.38,4.6,11.0,2.8,140.0
2025,4,28,10,0.36,4.6,11.0,3.4,152.0
2025,4,28,11,0.31,4.4,11.0,3.2,162.0
2025,4,28,13,0.4,4.3,22.0,3.5,46.0
2025,4,28,14,0.44,3.8,33.0,7.0,35.0
2025,4,28,15,0.63,3.6,22.0,8.8,30.0
2025,4,28,16,0.87,4.0,45.0,10.4,36.0
2025,4,28,17,1.02,4.2,33.0,11.0,47.0
2025,4,28,18,1.31,4.5,22.0,11.6,40.0
2025,4,28,19,1.49,4.9,33.0,12.0,35.0
2025,4,28,20,1.64,5.1,22.0,11.1,35.0
2025,4,28,23,1.7,5.3,22.0,9.5,38.0
2025,4,29,0,1.73,5.1,33.0,11.7,39.0
2025,4,29,1,1.71,5.3,33.0,8.3,56.0
2025,4,29,2,1.62,5.1,22.0,9.8,45.0
2025,4,29,3,1.83,5.1,11.0,12.4,40.0
2025,4,29,4,1.62,5.3,22.0,9.9,49.0
2025,4,29,5,1.81,5.6,22.0,8.3,59.0
2025,4,29,6,2.03,5.8,22.0,9.3,55.0
2025,4,29,7,2.02,5.6,11.0,10.5,34.0
2025,4,29,8,1.92,5.6,11.0,10.4,32.0
2025,4,29,9,2.33,6.0,22.0,10.8,42.0
2025,4,29,10,2.08,5.8,11.0,10.9,37.0
2025,4,29,11,2.21,5.7,22.0,11.7,33.0
2025,4,29,12,2.15,5.4,22.0,10.8,31.0
2025,4,29,13,1.91,5.4,22.0,11.2,26.0
2025,4,29,14,2.08,5.4,11.0,11.5,26.0
2025,4,29,15,2.3,5.7,22.0,10.9,29.0
2025,4,29,16,1.97,5.4,22.0,10.6,30.0
2025,4,29,17,1.99,5.4,11.0,10.1,31.0
2025,4,29,18,1.81,5.4,22.0,10.1,20.0
2025,4,29,19,1.67,5.4,0.0,10.0,21.0
2025,4,29,20,1.8,5.6,11.0,9.8,19.0
2025,4,29,21,1.52,5.5,11.0,8.0,33.0
2025,4,29,22,1.58,5.8,11.0,6.7,43.0
2025,4,29,23,1.6,5.6,22.0,4.0,50.0
2025,4,30,0,1.52,5.7,22.0,2.1,147.0
2025,4,30,2,1.37,5.6,22.0,1.6,218.0
2025,4,30,3,0.99,5.4,22.0,2.2,178.0
2025,4,30,4,0.93,5.5,33.0,2.4,173.0
2025,4,30,5,0.8,5.3,33.0,2.6,172.0
2025,4,30,6,0.66,4.9,22.0,3.8,166.0
2025,4,30,7,0.61,4.9,11.0,3.6,150.0
2025,4,30,8,0.66,5.0,22.0,2.0,154.0
2025,4,30,9,0.61,4.6,22.0,2.1,206.0
2025,4,30,10,0.65,4.7,348.0,1.8,253.0
2025,4,30,11,0.7,4.5,0.0,2.7,289.0
2025,4,30,12,0.72,4.6,11.0,4.0,300.0
2025,4,30,13,0.79,4.7,0.0,4.7,331.0
2025,4,30,14,0.94,4.6,0.0,3.1,336.0
2025,4,30,15,0.69,4.4,0.0,4.3,333.0
2025,4,30,16,0.66,4.3,11.0,3.6,357.0
2025,4,30,17,0.7,4.6,348.0,3.3,7.0
2025,4,30,18,0.6,4.4,348.0,3.1,13.0
2025,4,30,19,0.62,4.5,11.0,2.9,50.0
2025,4,30,20,0.54,4.5,11.0,1.7,63.0
2025,4,30,21,0.52,4.4,22.0,2.0,178.0
2025,4,30,22,0.54,4.5,22.0,3.6,198.0
2025,4,30,23,0.47,4.6,11.0,4.1,204.0
2025,5,1,0,0.47,4.5,22.0,4.5,213.0
2025,5,1,1,0.45,4.5,33.0,4.2,204.0
2025,5,1,2,0.4,4.6,33.0,3.7,192.0
2025,5,1,3,0.38,4.6,22.0,4.4,191.0
2025,5,1,4,0.33,4.5,11.0,3.8,175.0
2025,5,1,5,0.31,4.6,33.0,5.1,169.0
2025,5,1,6,0.32,4.9,11.0,5.0,176.0
2025,5,1,7,0.26,4.4,11.0,5.4,175.0
2025,5,1,8,0.3,4.6,348.0,5.0,181.0
2025,5,1,9,0.25,4.8,0.0,5.1,201.0
2025,5,1,10,0.28,4.5,11.0,5.0,222.0
2025,5,1,11,0.25,4.6,22.0,4.7,239.0
2025,5,1,12,0.23,4.2,33.0,4.4,241.0
2025,5,1,13,0.24,4.3,292.0,3.8,246.0
2025,5,1,14,0.24,4.1,303.0,2.5,274.0
2025,5,1,15,0.26,4.1,270.0,1.7,199.0
2025,5,1,17,0.25,4.2,348.0,4.4,179.0
2025,5,1,18,0.22,4.2,270.0,3.1,225.0
2025,5,1,19,0.22,3.9,56.0,3.3,238.0
2025,5,1,20,0.22,3.8,303.0,3.8,276.0
2025,5,1,21,0.24,3.6,281.0,3.0,271.0
2025,5,2,1,0.26,4.0,11.0,1.8,32.0
2025,5,2,2,0.24,3.7,348.0,1.8,11.0
2025,5,2,3,0.25,4.2,22.0,2.7,43.0
2025,5,2,4,0.23,3.8,45.0,3.0,56.0
2025,5,2,5,0.21,4.0,45.0,2.8,65.0
2025,5,2,8,0.27,3.4,22.0,4.4,22.0
2025,5,2,9,0.33,3.3,22.0,4.8,22.0
2025,5,2,10,0.41,3.4,33.0,5.4,9.0
2025,5,2,11,0.45,3.5,33.0,5.0,4.0
2025,5,2,12,0.44,3.6,33.0,5.5,349.0
2025,5,2,13,0.5,3.7,22.0,5.5,343.0
2025,5,2,14,0.62,3.7,22.0,6.2,334.0
2025,5,2,15,0.69,3.8,11.0,6.6,331.0
2025,5,2,16,0.79,4.1,11.0,6.6,332.0
2025,5,2,17,0.95,4.4,0.0,5.6,336.0
2025,5,2,18,0.99,4.6,337.0,3.8,339.0
2025,5,2,19,1.06,4.9,326.0,2.5,332.0
2025,5,2,22,0.86,4.7,11.0,1.5,254.0
2025,5,2,23,0.71,4.6,33.0,2.1,213.0
2025,5,3,0,0.8,4.7,348.0,2.8,223.0
2025,5,3,1,0.75,4.6,0.0,3.0,228.0
2025,5,3,2,0.61,4.5,11.0,2.7,244.0
2025,5,3,3,0.58,4.4,0.0,1.8,256.0
2025,5,3,5,0.58,4.4,11.0,1.4,198.0
2025,5,3,7,0.42,4.2,22.0,1.1,158.0
2025,5,3,10,0.4,4.2,0.0,2.7,16.0
2025,5,3,11,0.38,4.3,22.0,3.0,19.0
2025,5,3,12,0.32,4.2,11.0,3.5,20.0
2025,5,3,13,0.35,4.2,11.0,3.5,6.0
2025,5,3,14,0.33,4.1,22.0,2.9,25.0
2025,5,3,15,0.37,4.0,0.0,3.6,16.0
2025,5,3,16,0.31,4.1,348.0,2.1,13.0
2025,5,3,17,0.35,4.2,22.0,2.0,18.0
2025,5,3,18,0.29,4.5,0.0,2.0,351.0
2025,5,3,19,0.27,4.4,45.0,1.6,4.0
2025,5,3,20,0.28,4.3,0.0,1.4,26.0
2025,5,3,23,0.26,5.1,22.0,1.3,20.0
2025,5,4,0,0.22,4.3,22.0,1.1,338.0
2025,5,4,1,0.22,4.2,11.0,2.4,359.0
2025,5,4,2,0.22,4.1,348.0,2.1,26.0
2025,5,4,4,0.22,4.2,22.0,5.6,32.0
2025,5,4,5,0.28,3.5,33.0,6.2,27.0
2025,5,4,6,0.37,3.4,45.0,6.3,21.0
2025,5,4,7,0.44,3.4,33.0,6.4,27.0
2025,5,4,8,0.5,3.6,33.0,7.0,13.0
2025,5,4,10,0.82,3.8,11.0,8.7,3.0
2025,5,4,11,0.98,4.0,22.0,9.0,19.0
2025,5,4,12,1.37,4.5,0.0,10.5,10.0
2025,5,4,13,1.87,5.2,348.0,11.1,15.0
2025,5,4,14,2.07,5.4,0.0,10.4,13.0
2025,5,4,15,2.18,5.3,0.0,11.3,15.0
2025,5,4,16,2.13,5.4,11.0,10.8,20.0
2025,5,4,17,2.53,5.9,11.0,10.3,20.0
2025,5,4,18,2.16,5.8,11.0,9.7,20.0
2025,5,4,19,1.94,5.5,11.0,8.9,23.0
2025,5,4,20,1.8,5.6,11.0,7.5,28.0
2025,5,4,21,1.75,5.6,11.0,7.1,22.0
2025,5,4,22,1.57,5.6,0.0,6.4,14.0
2025,5,4,23,1.64,5.9,0.0,5.7,7.0
2025,5,5,0,1.49,5.9,348.0,5.0,16.0
2025,5,5,1,1.38,5.7,11.0,3.7,31.0
2025,5,5,2,1.41,5.9,0.0,4.3,2.0
2025,5,5,3,1.49,5.8,11.0,2.9,353.0
2025,5,5,4,1.38,5.8,11.0,3.1,330.0
2025,5,5,5,1.46,5.9,11.0,4.5,344.0
2025,5,5,6,1.39,5.5,33.0,2.0,360.0
2025,5,5,8,1.45,5.7,11.0,2.0,293.0
2025,5,5,9,1.24,5.5,0.0,1.2,281.0
2025,5,5,10,1.17,5.5,0.0,3.1,293.0
2025,5,5,11,0.99,5.4,0.0,5.0,322.0
2025,5,5,12,0.79,5.1,0.0,5.5,305.0
2025,5,5,13,0.94,5.6,11.0,2.5,307.0
2025,5,5,14,0.78,5.0,11.0,4.5,285.0
2025,5,5,15,0.79,5.0,11.0,2.6,279.0
2025,5,5,16,0.73,5.0,11.0,2.6,233.0
2025,5,5,17,0.74,4.9,11.0,1.1,211.0
2025,5,5,18,0.68,4.8,22.0,2.2,205.0
2025,5,5,19,0.68,4.7,11.0,4.1,206.0
2025,5,5,20,0.62,4.7,22.0,5.0,208.0
2025,5,5,21,0.52,4.6,0.0,5.3,221.0
2025,5,5,22,0.49,4.7,22.0,5.0,233.0
2025,5,5,23,0.44,4.9,11.0,4.6,223.0
2025,5,6,0,0.38,4.8,33.0,5.8,209.0
2025,5,6,1,0.27,4.2,33.0,5.5,194.0
2025,5,6,2,0.24,4.0,11.0,4.6,208.0
2025,5,6,3,0.27,4.2,22.0,4.9,229.0
2025,5,6,4,0.26,4.0,22.0,4.7,216.0
2025,5,6,5,0.37,3.8,292.0,5.2,210.0
2025,5,6,6,0.34,3.5,258.0,5.0,215.0
2025,5,6,7,0.28,3.5,0.0,4.2,209.0
2025,5,6,8,0.4,4.2,45.0,4.2,209.0
2025,5,6,9,0.24,3.6,11.0,4.1,204.0
2025,5,6,10,0.23,3.5,292.0,4.2,216.0
2025,5,6,11,0.23,3.5,292.0,4.4,258.0
2025,5,6,13,0.24,3.7,292.0,4.7,294.0
2025,5,6,14,0.35,3.8,258.0,3.5,292.0
2025,5,6,15,0.22,3.5,292.0,4.3,329.0
2025,5,6,16,0.24,3.6,292.0,4.8,344.0
2025,5,6,17,0.35,3.8,315.0,4.4,30.0
2025,5,6,18,0.36,3.5,303.0,3.2,17.0
2025,5,6,19,0.38,3.8,348.0,4.5,1.0
2025,5,6,20,0.39,3.7,22.0,4.8,14.0
2025,5,6,21,0.39,3.4,22.0,4.2,349.0
2025,5,6,22,0.34,3.5,33.0,4.6,344.0
2025,5,6,23,0.36,3.4,33.0,3.3,328.0
2025,5,7,2,0.31,3.9,22.0,4.6,183.0
2025,5,7,3,0.29,3.8,22.0,4.6,185.0
2025,5,7,4,0.34,4.3,22.0,3.2,208.0
2025,5,7,5,0.48,4.4,11.0,7.2,348.0
2025,5,7,6,0.86,4.3,22.0,8.2,7.0
2025,5,7,7,1.15,4.4,11.0,10.0,9.0
2025,5,7,8,1.34,4.4,11.0,9.0,17.0
2025,5,7,9,1.31,4.5,11.0,9.7,18.0
2025,5,7,10,1.25,4.4,22.0,7.8,40.0
2025,5,7,11,1.04,4.7,33.0,5.3,52.0
2025,5,7,12,1.04,4.6,22.0,5.8,19.0
2025,5,7,13,1.04,4.8,22.0,6.3,12.0
2025,5,7,14,1.0,4.8,22.0,7.1,20.0
2025,5,7,15,1.05,4.9,22.0,6.7,26.0
2025,5,7,16,1.02,5.0,22.0,6.5,49.0
2025,5,7,17,0.87,4.7,22.0,6.0,40.0
2025,5,7,18,0.81,4.8,22.0,5.3,29.0
2025,5,7,19,0.84,4.9,22.0,4.1,43.0
2025,5,7,20,0.85,5.0,22.0,3.4,7.0
2025,5,7,21,0.84,5.0,11.0,3.3,3.0
2025,5,7,22,0.79,5.0,22.0,1.8,3.0
2025,5,7,23,0.75,4.9,11.0,2.4,322.0
2025,5,8,0,0.77,5.1,11.0,2.4,326.0
2025,5,8,3,0.78,5.5,22.0,2.2,286.0
2025,5,8,4,0.72,5.3,22.0,1.9,271.0
2025,5,8,5,0.71,5.2,11.0,1.3,263.0
2025,5,8,7,0.76,5.5,22.0,2.5,218.0
2025,5,8,8,0.65,4.9,0.0,1.8,222.0
2025,5,8,9,0.59,4.9,326.0,2.4,216.0
2025,5,8,10,0.65,4.9,348.0,3.5,256.0
2025,5,8,11,0.48,4.4,0.0,4.4,280.0
2025,5,8,12,0.59,4.8,11.0,5.6,294.0
2025,5,8,13,0.52,4.5,0.0,4.2,301.0
2025,5,8,14,0.52,4.4,337.0,4.4,315.0
2025,5,8,15,0.58,4.5,0.0,3.0,317.0
2025,5,8,16,0.47,4.3,11.0,2.3,307.0
2025,5,8,17,0.54,4.3,0.0,2.0,294.0
2025,5,8,18,0.57,4.5,0.0,1.9,335.0
2025,5,8,19,0.53,4.3,22.0,1.1,24.0
2025,5,9,1,0.41,4.9,11.0,1.6,166.0
2025,5,9,2,0.35,4.7,326.0,3.6,169.0
2025,5,9,3,0.35,5.1,11.0,3.5,179.0
2025,5,9,4,0.37,5.1,33.0,4.2,195.0
2025,5,9,5,0.28,4.9,22.0,4.8,198.0
2025,5,9,6,0.28,5.0,22.0,4.6,197.0
2025,5,9,7,0.36,4.9,247.0,4.8,200.0
2025,5,9,8,0.5,4.6,236.0,4.1,196.0
2025,5,9,9,0.5,4.3,236.0,4.7,216.0
2025,5,9,10,0.48,3.7,247.0,7.9,213.0
2025,5,9,11,0.56,3.6,247.0,6.0,215.0
2025,5,9,12,0.64,3.8,247.0,6.0,246.0
2025,5,9,13,0.73,3.7,247.0,7.9,244.0
2025,5,9,14,0.79,3.8,247.0,8.4,247.0
2025,5,9,15,0.83,3.7,247.0,8.2,249.0
2025,5,9,16,0.87,3.8,247.0,8.2,242.0
2025,5,9,17,0.82,3.8,247.0,7.3,241.0
2025,5,9,18,0.89,3.9,236.0,6.2,225.0
2025,5,9,19,0.8,3.9,236.0,7.5,225.0
2025,5,9,20,0.69,3.7,247.0,6.7,237.0
2025,5,9,21,0.67,3.7,247.0,3.9,189.0
2025,5,9,22,0.52,3.8,247.0,5.4,217.0
2025,5,9,23,0.43,3.7,270.0,4.8,214.0
2025,5,10,1,0.36,3.6,292.0,3.1,180.0
2025,5,10,3,0.36,3.7,281.0,4.4,340.0
2025,5,10,4,0.36,3.7,281.0,4.0,352.0
2025,5,10,5,0.39,3.6,281.0,2.9,345.0
2025,5,10,6,0.39,3.8,281.0,2.5,360.0
2025,5,10,7,0.35,3.5,22.0,2.0,345.0
2025,5,10,8,0.4,4.2,348.0,2.7,328.0
2025,5,10,9,0.37,4.1,348.0,3.1,297.0
2025,5,10,10,0.32,3.7,0.0,9.0,349.0
2025,5,10,11,0.63,3.3,348.0,8.9,26.0
2025,5,10,12,0.7,3.4,0.0,6.7,81.0
2025,5,10,14,0.52,3.7,0.0,5.3,55.0
2025,5,10,16,0.6,3.7,11.0,7.0,45.0
2025,5,10,17,0.81,4.1,11.0,8.2,50.0
2025,5,10,18,0.96,4.2,11.0,8.3,53.0
2025,5,10,19,0.93,4.3,11.0,8.0,43.0
2025,5,10,20,1.17,4.6,11.0,7.6,43.0
2025,5,10,21,1.22,4.8,33.0,7.5,45.0
2025,5,10,23,0.96,4.8,22.0,4.5,38.0
2025,5,11,0,1.06,5.1,22.0,5.3,9.0
2025,5,11,2,1.31,4.5,11.0,11.2,22.0
2025,5,11,3,1.73,4.9,22.0,11.1,14.0
2025,5,11,4,1.62,4.9,11.0,7.1,47.0
2025,5,11,5,1.62,5.2,11.0,10.1,29.0
2025,5,11,6,1.59,5.3,11.0,4.9,72.0
2025,5,11,7,1.77,5.5,11.0,8.6,24.0
2025,5,11,8,2.0,5.4,11.0,11.7,27.0
2025,5,11,9,2.19,5.6,0.0,12.7,10.0
2025,5,11,10,2.25,5.4,11.0,12.1,12.0
2025,5,11,11,2.55,5.7,11.0,12.3,11.0
2025,5,11,12,2.34,5.6,22.0,10.7,34.0
2025,5,11,13,1.77,5.5,33.0,9.2,54.0
2025,5,11,14,1.57,5.3,33.0,10.3,47.0
2025,5,11,15,1.37,4.9,33.0,10.0,49.0
2025,5,11,16,1.36,4.9,22.0,10.2,35.0
2025,5,11,17,1.32,4.6,22.0,11.2,41.0
2025,5,11,18,1.58,5.0,11.0,10.9,34.0
2025,5,11,19,1.73,5.2,11.0,11.8,38.0
2025,5,11,20,2.11,5.6,11.0,11.8,36.0
2025,5,11,21,2.04,5.6,11.0,12.3,39.0
2025,5,11,22,1.87,5.3,22.0,11.3,53.0
2025,5,11,23,1.85,5.4,33.0,10.2,48.0
2025,5,12,0,1.65,5.2,33.0,9.8,54.0
2025,5,12,1,1.58,5.6,22.0,7.5,43.0
2025,5,12,3,1.11,4.9,22.0,5.1,61.0
2025,5,12,4,0.99,4.9,33.0,4.7,43.0
2025,5,12,5,1.11,5.1,33.0,5.1,50.0
2025,5,12,6,1.07,4.9,33.0,6.0,47.0
2025,5,12,7,1.28,5.2,22.0,7.1,32.0
2025,5,12,8,1.41,5.5,22.0,6.1,37.0
2025,5,12,9,1.23,5.2,22.0,3.4,52.0
2025,5,12,10,1.33,5.4,33.0,2.1,25.0
2025,5,12,11,1.46,5.7,22.0,3.3,26.0
2025,5,12,12,1.48,5.7,33.0,2.7,30.0
2025,5,12,13,1.33,5.8,22.0,2.0,8.0
2025,5,12,14,1.17,5.5,11.0,2.5,340.0
2025,5,12,15,1.1,5.3,11.0,3.0,340.0
2025,5,12,16,1.14,5.8,11.0,3.3,348.0
2025,5,12,17,1.17,5.4,11.0,3.2,21.0
2025,5,12,18,1.18,5.4,33.0,3.6,24.0
2025,5,12,19,1.24,5.6,22.0,1.4,49.0
2025,5,13,0,1.28,5.3,22.0,1.2,108.0
2025,5,13,1,1.19,5.1,11.0,2.1,186.0
2025,5,13,2,1.01,5.0,22.0,2.1,162.0
2025,5,13,3,0.85,4.9,11.0,2.5,173.0
2025,5,13,4,0.67,4.7,11.0,3.8,163.0
2025,5,13,5,0.7,4.9,22.0,3.6,165.0
2025,5,13,6,0.67,5.0,56.0,3.4,178.0
2025,5,13,7,0.6,4.9,11.0,2.5,161.0
2025,5,13,8,0.55,4.8,33.0,2.6,182.0
2025,5,13,9,0.7,5.0,22.0,1.7,224.0
2025,5,13,10,0.61,4.8,22.0,1.8,296.0
2025,5,13,11,0.58,4.5,348.0,3.1,309.0
2025,5,13,12,0.7,4.7,348.0,3.7,321.0
2025,5,13,13,0.81,4.6,337.0,4.4,326.0
2025,5,13,14,0.72,4.4,337.0,4.1,344.0
2025,5,13,15,0.71,4.4,337.0,3.6,359.0
2025,5,13,16,0.86,4.7,348.0,3.8,346.0
2025,5,13,17,0.78,4.6,348.0,3.5,349.0
2025,5,13,18,0.75,4.4,0.0,3.9,12.0
2025,5,13,19,0.67,4.5,348.0,3.7,17.0
2025,5,13,20,0.6,4.6,0.0,3.0,29.0
2025,5,13,21,0.67,4.6,11.0,1.9,32.0
2025,5,13,22,0.53,4.2,33.0,1.5,65.0
2025,5,13,23,0.58,4.4,22.0,1.1,115.0
2025,5,14,3,0.48,4.3,0.0,3.6,31.0
2025,5,14,4,0.44,4.1,11.0,4.7,15.0
2025,5,14,5,0.43,4.1,11.0,4.3,22.0
2025,5,14,6,0.45,4.1,0.0,3.1,50.0
2025,5,14,7,0.45,4.0,22.0,3.1,44.0
2025,5,14,8,0.44,3.9,11.0,3.7,48.0
2025,5,14,9,0.41,3.8,33.0,4.2,33.0
2025,5,14,10,0.41,4.0,11.0,3.9,25.0
2025,5,14,11,0.38,3.9,11.0,4.3,7.0
2025,5,14,12,0.35,3.8,11.0,5.0,8.0
2025,5,14,13,0.43,3.7,0.0,5.5,6.0
2025,5,14,14,0.41,3.6,22.0,5.0,360.0
2025,5,14,15,0.43,3.6,22.0,5.6,346.0
2025,5,14,16,0.47,3.8,33.0,5.4,348.0
2025,5,14,17,0.42,3.6,22.0,4.4,16.0
2025,5,14,18,0.42,4.3,225.0,3.7,29.0
2025,5,14,19,0.32,4.0,0.0,3.9,32.0
2025,5,14,20,0.37,4.2,56.0,3.5,41.0
2025,5,14,21,0.34,4.3,292.0,3.7,43.0
2025,5,14,22,0.3,3.9,33.0,3.5,63.0
2025,5,14,23,0.27,4.0,22.0,3.0,58.0
2025,5,15,0,0.3,4.0,22.0,1.1,74.0
2025,5,15,4,0.26,4.4,56.0,1.6,178.0
2025,5,15,5,0.27,4.3,56.0,2.1,148.0
2025,5,15,6,0.28,4.2,348.0,1.6,149.0
2025,5,15,8,0.31,4.7,22.0,2.0,347.0
2025,5,15,9,0.26,4.4,22.0,2.6,24.0
2025,5,15,10,0.27,4.3,11.0,4.1,359.0
2025,5,15,12,0.3,3.5,11.0,5.2,5.0
2025,5,15,13,0.36,3.4,22.0,5.5,359.0
2025,5,15,14,0.37,3.4,45.0,5.0,360.0
2025,5,15,15,0.39,3.5,22.0,4.0,11.0
2025,5,15,16,0.36,3.5,11.0,3.6,2.0
2025,5,15,17,0.35,3.9,11.0,3.1,17.0
2025,5,15,18,0.29,4.0,33.0,4.4,3.0
2025,5,15,19,0.35,3.8,247.0,4.9,37.0
2025,5,15,20,0.27,3.5,22.0,4.7,36.0
2025,5,15,21,0.25,3.4,33.0,4.0,48.0
2025,5,15,22,0.28,3.4,45.0,3.1,55.0
2025,5,15,23,0.24,3.6,33.0,2.1,67.0
2025,5,16,0,0.26,4.1,22.0,2.1,40.0
2025,5,16,1,0.23,4.1,33.0,2.2,51.0
2025,5,16,2,0.24,4.1,22.0,1.4,103.0
2025,5,16,3,0.23,4.1,22.0,3.2,156.0
2025,5,16,4,0.21,4.1,0.0,1.9,165.0
2025,5,16,6,0.25,4.2,348.0,2.5,165.0
2025,5,16,7,0.23,4.4,258.0,2.5,163.0
2025,5,16,8,0.3,4.6,33.0,1.6,203.0
2025,5,16,9,0.25,4.3,22.0,2.4,276.0
2025,5,16,10,0.28,4.4,33.0,2.3,327.0
2025,5,16,11,0.24,4.2,0.0,3.4,339.0
2025,5,16,12,0.35,4.4,236.0,2.6,343.0
2025,5,16,13,0.26,4.2,22.0,2.9,319.0
2025,5,16,14,0.23,4.4,11.0,2.2,316.0
2025,5,16,16,0.27,4.2,281.0,2.9,294.0
2025,5,16,17,0.21,4.3,315.0,2.2,294.0
2025,5,16,18,0.23,4.3,337.0,1.1,291.0
2025,5,16,23,0.21,4.1,337.0,1.3,205.0
2025,5,17,0,0.21,3.9,236.0,2.2,214.0
2025,5,17,3,0.21,4.6,247.0,3.6,179.0
2025,5,17,6,0.21,4.5,315.0,3.4,165.0
2025,5,17,7,0.22,4.2,247.0,2.8,162.0
2025,5,17,8,0.34,4.6,45.0,3.6,196.0
2025,5,17,11,0.24,4.1,247.0,3.8,261.0
2025,5,17,12,0.23,3.7,236.0,4.0,261.0
2025,5,17,13,0.24,3.8,258.0,4.0,267.0
2025,5,17,14,0.25,3.9,236.0,4.9,269.0
2025,5,17,15,0.23,3.9,247.0,4.5,281.0
2025,5,17,16,0.24,4.0,292.0,3.6,289.0
2025,5,17,18,0.35,4.5,202.0,1.4,216.0
2025,5,17,21,0.27,3.7,22.0,2.2,251.0
2025,5,17,22,0.24,3.4,236.0,3.1,222.0
2025,5,17,23,0.23,3.5,247.0,2.5,215.0
2025,5,18,0,0.24,3.6,236.0,2.8,235.0
2025,5,18,1,0.23,3.6,236.0,2.1,147.0
2025,5,18,5,0.24,4.6,33.0,4.2,162.0
2025,5,18,8,0.27,4.7,56.0,5.3,199.0
2025,5,18,9,0.3,4.2,45.0,5.4,219.0
2025,5,18,10,0.27,3.2,247.0,5.7,263.0
2025,5,18,11,0.37,3.3,247.0,5.0,263.0
2025,5,18,12,0.35,3.3,247.0,5.1,278.0
2025,5,18,13,0.35,3.5,236.0,4.8,258.0
2025,5,18,14,0.34,3.6,236.0,4.5,285.0
2025,5,18,15,0.31,3.5,236.0,2.6,283.0
2025,5,18,16,0.3,3.5,236.0,1.1,199.0
2025,5,18,17,0.26,3.6,258.0,1.9,217.0
2025,5,18,18,0.31,4.2,202.0,1.9,213.0
2025,5,18,19,0.26,3.9,33.0,2.4,223.0
2025,5,18,20,0.24,3.7,270.0,2.1,204.0
2025,5,18,21,0.23,3.4,247.0,2.3,202.0
2025,5,18,22,0.21,3.7,247.0,3.3,193.0
2025,5,19,1,0.21,3.5,281.0,3.7,198.0
2025,5,19,2,0.22,3.3,281.0,3.5,208.0
2025,5,19,4,0.21,3.7,348.0,3.1,210.0
2025,5,19,5,0.21,3.9,56.0,2.8,172.0
2025,5,19,7,0.22,4.2,292.0,3.3,176.0
2025,5,19,8,0.31,4.8,22.0,4.0,208.0
2025,5,19,9,0.43,5.4,326.0,4.6,237.0
2025,5,19,10,0.41,5.4,337.0,4.9,249.0
2025,5,19,11,0.46,5.1,348.0,5.1,256.0
2025,5,19,12,0.52,5.1,0.0,5.3,257.0
2025,5,19,13,0.59,5.1,348.0,5.8,265.0
2025,5,19,14,0.66,4.9,0.0,5.3,270.0
2025,5,19,15,0.57,4.7,0.0,3.7,275.0
2025,5,19,16,0.57,4.7,22.0,2.3,280.0
2025,5,19,17,0.62,4.9,22.0,1.1,289.0
2025,5,19,19,0.53,4.5,0.0,2.0,211.0
2025,5,19,20,0.48,4.4,11.0,2.6,203.0
2025,5,19,21,0.49,4.6,22.0,3.6,214.0
2025,5,19,22,0.44,4.8,22.0,4.2,203.0
2025,5,19,23,0.43,4.6,22.0,4.1,225.0
2025,5,20,0,0.38,4.0,22.0,4.5,210.0
2025,5,20,1,0.39,4.0,22.0,3.7,199.0
2025,5,20,2,0.42,4.2,11.0,4.4,207.0
2025,5,20,3,0.36,4.1,22.0,4.8,208.0
2025,5,20,4,0.35,4.3,33.0,4.8,215.0
2025,5,20,5,0.35,4.0,11.0,4.1,184.0
2025,5,20,6,0.27,4.3,33.0,4.1,194.0
2025,5,20,7,0.28,4.4,11.0,4.1,196.0
2025,5,20,8,0.37,4.4,22.0,3.9,199.0
2025,5,20,9,0.29,3.8,292.0,4.1,226.0
2025,5,20,10,0.28,3.5,292.0,5.0,244.0
2025,5,20,11,0.3,3.4,0.0,5.4,238.0
2025,5,20,12,0.31,3.4,0.0,5.0,247.0
2025,5,20,13,0.29,3.2,281.0,5.7,257.0
2025,5,20,14,0.31,3.4,236.0,5.8,258.0
2025,5,20,15,0.28,3.3,236.0,4.9,263.0
2025,5,20,16,0.3,3.2,247.0,4.2,258.0
2025,5,20,17,0.26,3.4,292.0,2.4,254.0
2025,5,20,18,0.25,3.9,236.0,2.4,227.0
2025,5,20,19,0.23,3.9,348.0,2.5,214.0
2025,5,20,20,0.21,3.9,56.0,2.9,216.0
2025,5,21,1,0.21,3.6,315.0,4.4,199.0
2025,5,21,7,0.28,4.8,56.0,5.6,204.0
2025,5,21,8,0.32,4.4,11.0,5.5,210.0
2025,5,21,9,0.21,3.2,247.0,7.1,217.0
2025,5,21,10,0.23,3.0,258.0,4.9,242.0
2025,5,21,11,0.29,3.9,292.0,4.9,252.0
2025,5,21,12,0.22,3.2,247.0,4.8,254.0
2025,5,21,14,0.24,3.5,247.0,4.9,253.0
2025,5,21,16,0.26,3.1,270.0,4.5,252.0
2025,5,21,17,0.33,3.4,258.0,3.8,208.0
2025,5,21,18,0.28,3.3,236.0,3.3,225.0
2025,5,21,19,0.24,3.4,326.0,3.7,217.0
2025,5,21,20,0.24,3.6,22.0,3.8,193.0
2025,5,22,2,0.22,3.8,315.0,3.7,192.0
2025,5,22,4,0.21,3.7,258.0,2.5,196.0
2025,5,22,5,0.28,3.9,225.0,4.1,196.0
2025,5,22,14,0.23,3.4,281.0,6.8,248.0
2025,5,22,15,0.43,3.1,236.0,7.5,244.0
2025,5,22,16,0.47,3.0,225.0,7.0,249.0
2025,5,22,17,0.53,3.1,247.0,6.1,238.0
2025,5,22,18,0.48,3.2,258.0,5.5,238.0
2025,5,22,19,0.47,3.2,247.0,4.9,233.0
2025,5,22,20,0.39,3.3,270.0,4.5,202.0
2025,5,22,21,0.31,3.3,270.0,3.7,187.0
2025,5,22,22,0.26,3.4,270.0,3.1,186.0
2025,5,22,23,0.23,3.3,281.0,3.8,196.0
2025,5,23,0,0.21,3.3,281.0,4.8,201.0
2025,5,23,1,0.22,3.3,270.0,5.1,205.0
2025,5,23,2,0.24,3.4,270.0,4.7,205.0
2025,5,23,3,0.28,3.4,45.0,4.6,201.0
2025,5,23,4,0.24,3.5,292.0,5.5,194.0
2025,5,23,5,0.28,3.7,225.0,5.5,204.0
2025,5,23,6,0.3,3.4,281.0,4.7,188.0
2025,5,23,7,0.37,3.2,270.0,6.2,168.0
2025,5,23,8,0.42,3.5,270.0,5.7,176.0
2025,5,23,9,0.33,3.3,281.0,6.2,208.0
2025,5,23,10,0.38,3.1,236.0,7.6,226.0
2025,5,23,11,0.51,3.3,236.0,9.1,232.0
2025,5,23,12,0.66,3.4,247.0,8.0,228.0
2025,5,23,13,0.69,3.6,236.0,8.2,222.0
2025,5,23,14,0.82,3.6,225.0,7.5,225.0
2025,5,23,15,0.74,3.6,247.0,7.4,232.0
2025,5,23,16,0.81,3.5,236.0,6.8,223.0
2025,5,23,17,0.75,3.5,236.0,6.3,212.0
2025,5,23,18,0.69,3.6,236.0,6.8,213.0
2025,5,23,19,0.67,3.6,292.0,6.8,213.0
2025,5,23,20,0.56,3.4,292.0,7.4,211.0
2025,5,23,21,0.63,3.7,270.0,7.5,217.0
2025,5,23,22,0.64,3.5,292.0,6.5,210.0
2025,5,23,23,0.57,3.8,292.0,6.0,186.0
2025,5,24,0,0.51,3.7,281.0,5.7,181.0
2025,5,24,1,0.55,3.8,292.0,6.6,190.0
2025,5,24,2,0.56,3.9,270.0,6.7,193.0
2025,5,24,3,0.56,3.7,281.0,7.2,189.0
2025,5,24,4,0.62,3.8,281.0,7.0,190.0
2025,5,24,5,0.61,3.8,292.0,6.5,172.0
2025,5,24,6,0.51,3.7,281.0,5.6,188.0
2025,5,24,7,0.48,3.7,303.0,5.5,177.0
2025,5,24,8,0.59,4.0,292.0,4.7,193.0
2025,5,24,9,0.48,3.6,292.0,6.2,201.0
2025,5,24,10,0.45,3.4,281.0,6.0,196.0
2025,5,24,11,0.47,3.3,292.0,7.7,294.0
2025,5,24,13,0.6,3.5,337.0,2.9,66.0
2025,5,24,14,0.81,4.0,348.0,8.7,34.0
2025,5,24,16,1.69,5.1,11.0,10.0,39.0
2025,5,24,18,1.93,5.7,11.0,11.7,25.0
2025,5,24,19,1.99,5.7,22.0,12.4,36.0
2025,5,24,20,2.37,6.0,33.0,12.3,38.0
2025,5,24,21,2.43,5.9,22.0,12.4,38.0
2025,5,24,22,2.58,6.2,22.0,12.4,40.0
2025,5,24,23,2.26,5.7,33.0,12.7,41.0
2025,5,25,0,1.7,4.8,22.0,12.4,40.0
2025,5,25,1,1.9,5.1,33.0,14.6,42.0
2025,5,25,2,2.07,5.2,22.0,14.4,40.0
2025,5,25,3,1.94,5.2,22.0,13.5,50.0
2025,5,25,4,2.1,5.6,22.0,12.8,47.0
2025,5,25,5,2.08,5.6,22.0,12.5,40.0
2025,5,25,6,2.5,6.0,22.0,14.5,39.0
2025,5,25,7,2.59,6.0,33.0,15.2,39.0
2025,5,25,8,2.49,5.8,22.0,15.3,40.0
2025,5,25,9,3.02,6.5,22.0,14.4,42.0
2025,5,25,10,2.88,6.1,22.0,15.9,40.0
2025,5,25,11,2.6,5.7,33.0,14.7,37.0
2025,5,25,12,2.63,5.6,22.0,15.0,41.0
2025,5,25,14,2.62,5.7,11.0,13.7,39.0
2025,5,25,15,2.38,5.6,22.0,14.2,34.0
2025,5,25,18,2.66,5.9,11.0,15.0,37.0
2025,5,25,21,2.19,5.4,33.0,13.7,43.0
2025,5,25,22,2.5,5.5,33.0,12.5,40.0
2025,5,25,23,2.32,5.3,22.0,12.9,45.0
2025,5,26,1,2.21,5.2,22.0,12.8,38.0
2025,5,26,2,1.97,5.1,22.0,13.3,40.0
2025,5,26,3,2.37,5.3,22.0,12.8,43.0
2025,5,26,4,2.12,5.4,22.0,13.0,47.0
2025,5,26,5,2.07,5.6,22.0,12.9,39.0
2025,5,26,7,2.28,5.8,11.0,12.3,34.0
2025,5,26,10,1.58,5.2,33.0,10.3,34.0
2025,5,26,12,1.35,4.6,22.0,9.6,31.0
2025,5,26,13,1.44,4.5,22.0,10.3,34.0
2025,5,26,15,1.36,4.6,22.0,10.2,37.0
2025,5,26,16,1.54,4.8,22.0,10.9,35.0
2025,5,26,17,1.42,4.9,22.0,9.5,60.0
2025,5,26,20,1.46,4.8,22.0,11.1,28.0
2025,5,26,22,1.58,5.1,33.0,9.3,44.0
2025,5,26,23,1.5,5.0,33.0,8.5,44.0
2025,5,27,0,1.33,4.8,22.0,9.1,31.0
2025,5,27,1,1.37,4.9,22.0,7.8,31.0
2025,5,27,2,1.45,4.8,22.0,6.5,64.0
2025,5,27,3,1.17,4.9,33.0,7.0,51.0
2025,5,27,4,1.07,4.6,11.0,6.4,52.0
2025,5,27,5,1.18,4.8,22.0,8.6,42.0
2025,5,27,6,1.17,4.7,22.0,9.4,32.0
2025,5,27,7,1.18,4.6,22.0,9.6,50.0
2025,5,27,8,1.27,4.7,11.0,8.9,31.0
2025,5,27,9,1.24,4.8,22.0,7.4,31.0
2025,5,27,12,1.28,4.8,22.0,8.1,20.0
2025,5,27,13,1.16,4.5,22.0,8.9,21.0
2025,5,27,15,1.64,4.8,22.0,9.6,24.0
2025,5,27,16,1.68,5.1,22.0,9.6,22.0
2025,5,27,17,1.57,5.0,0.0,8.8,23.0
2025,5,27,18,1.66,5.4,11.0,9.7,19.0
2025,5,27,22,1.67,5.4,11.0,6.5,13.0
2025,5,28,0,1.68,5.2,22.0,8.2,41.0
2025,5,28,1,1.25,4.8,11.0,5.9,59.0
2025,5,28,2,1.16,5.1,22.0,5.1,58.0
2025,5,28,3,1.1,5.1,22.0,3.8,359.0
2025,5,28,4,1.05,4.9,22.0,5.4,25.0
2025,5,28,5,0.87,4.9,22.0,5.4,50.0
2025,5,28,6,1.07,5.2,22.0,3.5,77.0
2025,5,28,7,0.95,5.2,11.0,1.2,142.0
2025,5,28,10,0.98,5.1,22.0,2.5,275.0
2025,5,28,11,0.84,5.0,11.0,2.8,305.0
2025,5,28,12,0.85,5.0,11.0,4.3,335.0
2025,5,28,14,0.84,4.4,11.0,5.7,348.0
2025,5,28,15,0.77,4.5,0.0,5.5,24.0
2025,5,28,16,0.79,4.6,11.0,6.4,28.0
2025,5,28,17,0.83,4.3,348.0,5.8,41.0
2025,5,28,19,0.85,4.7,0.0,5.3,11.0
2025,5,28,20,0.8,4.5,0.0,6.1,18.0
2025,5,28,21,1.03,4.7,11.0,6.0,25.0
2025,5,28,22,0.89,4.3,348.0,7.2,14.0
2025,5,28,23,1.03,4.3,0.0,7.7,20.0
2025,5,29,0,1.18,4.5,11.0,8.4,357.0
2025,5,29,1,1.04,4.2,0.0,8.0,340.0
2025,5,29,2,1.02,4.6,33.0,3.4,28.0
2025,5,29,3,0.97,4.8,11.0,3.4,36.0
2025,5,29,4,0.87,5.0,11.0,4.3,84.0
2025,5,29,5,1.08,5.6,11.0,2.7,72.0
2025,5,29,6,0.9,5.1,0.0,1.1,98.0
2025,5,29,7,0.93,5.5,0.0,1.1,7.0
2025,5,29,8,1.11,5.2,0.0,2.4,353.0
2025,5,29,9,1.11,5.3,11.0,3.9,17.0
2025,5,29,10,1.41,5.4,348.0,5.5,10.0
2025,5,29,11,1.61,5.6,0.0,6.4,355.0
2025,5,29,12,1.34,5.1,0.0,7.1,3.0
2025,5,29,16,2.13,6.1,11.0,9.4,43.0
2025,5,29,17,1.75,5.8,11.0,9.5,49.0
2025,5,29,18,1.71,5.7,11.0,8.3,56.0
2025,5,29,19,1.45,5.6,11.0,9.8,33.0
2025,5,29,20,1.66,5.5,0.0,9.1,48.0
2025,5,29,21,1.73,5.8,348.0,8.4,50.0
2025,5,29,22,1.88,5.7,11.0,9.4,37.0
2025,5,29,23,1.85,5.5,22.0,10.2,43.0
2025,5,30,0,1.69,5.4,22.0,11.6,54.0
2025,5,30,1,1.92,5.1,22.0,10.9,50.0
2025,5,30,2,1.57,5.1,22.0,9.4,53.0
2025,5,30,3,1.44,5.2,22.0,8.6,43.0
2025,5,30,4,1.21,4.8,22.0,9.7,43.0
2025,5,30,5,1.24,5.1,22.0,9.9,47.0
2025,5,30,6,1.29,4.9,22.0,9.2,49.0
2025,5,30,7,1.44,4.6,22.0,12.3,45.0
2025,5,30,9,1.84,5.1,22.0,12.5,38.0
2025,5,30,11,1.61,5.0,11.0,10.6,30.0
2025,5,30,15,1.99,5.2,22.0,11.3,27.0
2025,5,30,16,2.18,5.6,33.0,12.2,30.0
2025,5,30,17,2.15,5.7,22.0,11.0,30.0
2025,5,30,18,1.91,5.2,22.0,11.0,21.0
2025,5,30,20,1.71,5.3,11.0,9.1,23.0
2025,5,30,22,1.24,5.3,11.0,6.3,15.0
2025,5,31,0,1.34,5.4,11.0,1.6,73.0
2025,5,31,3,1.11,5.2,11.0,2.4,25.0
2025,5,31,6,0.83,4.7,0.0,2.5,133.0
2025,5,31,12,0.81,4.9,11.0,2.9,336.0
2025,5,31,16,0.84,4.6,11.0,4.9,22.0
2025,5,31,18,0.79,4.5,348.0,4.6,4.0
2025,5,31,22,0.74,4.7,11.0,2.2,12.0
2025,6,1,0,0.6,4.4,11.0,2.4,4.0
2025,6,1,1,0.64,4.7,22.0,2.7,357.0
2025,6,1,2,0.61,4.5,22.0,2.8,14.0
2025,6,1,3,0.6,4.4,22.0,2.4,1.0
2025,6,1,4,0.64,4.3,213.0,1.9,6.0
2025,6,1,6,0.51,4.4,0.0,1.2,163.0
2025,6,1,7,0.46,4.3,0.0,1.2,136.0
2025,6,1,11,0.43,4.5,0.0,2.4,296.0
2025,6,1,12,0.42,4.5,337.0,3.4,271.0
2025,6,1,13,0.48,4.9,292.0,3.5,263.0
2025,6,1,14,0.45,4.8,303.0,3.4,257.0
2025,6,1,15,0.41,4.6,348.0,4.6,248.0
2025,6,1,16,0.43,4.8,303.0,4.4,238.0
2025,6,1,17,0.36,4.9,0.0,3.6,209.0
2025,6,1,18,0.38,4.7,0.0,3.3,232.0
2025,6,1,19,0.33,4.8,292.0,4.9,235.0
2025,6,1,20,0.34,4.8,247.0,6.5,212.0
2025,6,1,21,0.47,3.9,236.0,6.1,198.0
2025,6,1,22,0.56,3.7,225.0,7.1,217.0
2025,6,1,23,0.66,3.8,225.0,7.2,207.0
2025,6,2,0,0.73,3.7,236.0,8.9,205.0
2025,6,2,2,0.92,3.7,236.0,9.9,209.0
2025,6,2,3,1.04,4.0,247.0,10.1,214.0
2025,6,2,4,1.03,4.1,236.0,8.8,232.0
2025,6,2,5,0.87,4.1,236.0,6.7,227.0
2025,6,2,6,0.72,4.2,236.0,6.7,217.0
2025,6,2,7,0.77,4.3,225.0,5.5,195.0
2025,6,2,8,0.65,4.2,247.0,4.9,206.0
2025,6,2,9,0.6,4.0,247.0,6.2,220.0
2025,6,2,10,0.55,3.9,247.0,6.9,216.0
2025,6,2,11,0.56,3.9,258.0,6.4,221.0
2025,6,2,12,0.59,3.7,258.0,6.3,222.0
2025,6,2,13,0.56,3.8,258.0,6.7,222.0
2025,6,2,14,0.51,4.0,258.0,7.6,222.0
2025,6,2,15,0.6,3.7,247.0,6.8,218.0
2025,6,2,16,0.63,3.4,236.0,6.7,215.0
2025,6,2,17,0.69,3.5,225.0,6.9,222.0
2025,6,2,18,0.63,3.5,247.0,7.4,216.0
2025,6,2,19,0.59,3.7,236.0,7.5,221.0
2025,6,2,20,0.64,3.5,247.0,8.1,218.0
2025,6,2,21,0.65,3.6,247.0,7.0,201.0
2025,6,2,22,0.63,3.7,247.0,6.0,194.0
2025,6,2,23,0.56,3.7,247.0,7.4,200.0
2025,6,3,0,0.66,3.7,247.0,7.1,192.0
2025,6,3,1,0.68,3.7,247.0,6.8,197.0
2025,6,3,2,0.73,3.7,236.0,6.2,210.0
2025,6,3,3,0.69,3.9,236.0,6.7,207.0
2025,6,3,4,0.68,3.7,247.0,5.5,193.0
2025,6,3,5,0.64,3.8,247.0,5.2,184.0
2025,6,3,6,0.66,4.2,258.0,6.7,184.0
2025,6,3,7,0.54,4.0,247.0,7.0,174.0
2025,6,3,8,0.61,4.1,247.0,5.6,175.0
2025,6,3,9,0.52,4.2,281.0,7.0,168.0
2025,6,3,10,0.52,4.0,270.0,6.4,174.0
2025,6,3,11,0.49,4.2,258.0,6.8,169.0
2025,6,3,12,0.55,4.3,270.0,5.6,166.0
2025,6,3,13,0.51,4.2,33.0,7.8,329.0
2025,6,3,14,0.56,4.0,270.0,4.7,9.0
2025,6,3,15,0.53,4.5,258.0,3.8,95.0
2025,6,3,16,0.63,4.4,247.0,3.8,141.0
2025,6,3,18,1.8,5.3,0.0,10.0,33.0
2025,6,3,19,2.06,5.7,11.0,9.1,33.0
2025,6,3,20,1.97,5.8,11.0,8.0,30.0
2025,6,3,21,1.76,5.5,0.0,8.6,33.0
2025,6,3,22,1.49,5.1,11.0,8.5,33.0
2025,6,3,23,1.56,5.5,22.0,7.2,41.0
2025,6,4,0,1.39,5.4,0.0,7.2,37.0
2025,6,4,1,1.43,5.4,11.0,7.9,42.0
2025,6,4,3,1.58,5.6,22.0,8.4,38.0
2025,6,4,5,1.46,5.0,33.0,9.4,44.0
2025,6,4,6,1.36,4.8,22.0,9.3,50.0
2025,6,4,7,1.6,5.0,33.0,11.0,47.0
2025,6,4,8,1.7,5.1,11.0,10.0,40.0
2025,6,4,9,1.49,4.8,22.0,9.7,43.0
2025,6,4,10,1.35,5.1,22.0,8.7,37.0
2025,6,4,11,1.39,4.8,33.0,9.3,31.0
2025,6,4,13,1.54,5.3,11.0,10.4,19.0
2025,6,4,14,1.66,5.1,11.0,10.5,17.0
2025,6,4,15,1.74,5.1,0.0,11.0,23.0
2025,6,4,16,1.85,5.4,11.0,10.6,25.0
2025,6,4,17,1.88,5.7,22.0,9.7,34.0
2025,6,4,19,2.02,5.9,22.0,6.5,26.0
2025,6,4,20,1.47,5.5,22.0,5.7,31.0
2025,6,4,21,1.2,5.3,33.0,6.0,27.0
2025,6,4,22,1.19,5.2,33.0,4.4,40.0
2025,6,4,23,1.34,5.7,33.0,3.5,64.0
2025,6,5,0,1.23,5.5,33.0,4.0,46.0
2025,6,5,1,1.15,5.6,33.0,1.9,66.0
2025,6,5,3,1.12,5.5,22.0,1.3,31.0
2025,6,5,4,1.15,5.4,33.0,1.3,118.0
2025,6,5,5,0.91,5.2,45.0,1.8,134.0
2025,6,5,7,0.93,5.3,22.0,1.3,21.0
2025,6,5,8,1.12,5.5,22.0,3.3,37.0
2025,6,5,9,0.94,5.1,22.0,3.4,7.0
2025,6,5,10,1.01,5.1,22.0,5.6,12.0
2025,6,5,11,1.06,5.2,33.0,3.9,356.0
2025,6,5,12,0.96,5.2,11.0,2.3,297.0
2025,6,5,13,0.88,5.1,11.0,1.1,255.0
2025,6,5,14,0.91,5.2,33.0,1.8,306.0
2025,6,5,16,0.91,4.9,11.0,1.4,276.0
2025,6,5,17,1.03,5.0,22.0,1.1,206.0
2025,6,5,18,0.96,4.7,0.0,2.4,210.0
2025,6,5,19,1.02,5.3,22.0,2.8,197.0
2025,6,5,20,1.06,5.2,22.0,1.8,180.0
2025,6,5,21,0.99,5.5,22.0,2.7,197.0
2025,6,5,22,0.81,5.1,22.0,2.4,201.0
2025,6,5,23,0.9,5.2,33.0,1.4,166.0
2025,6,6,0,0.87,4.9,45.0,2.2,155.0
2025,6,6,1,0.68,5.0,33.0,2.4,167.0
2025,6,6,2,0.74,5.1,22.0,2.5,191.0
2025,6,6,3,0.68,4.9,33.0,2.7,190.0
2025,6,6,5,0.64,4.8,22.0,2.5,202.0
2025,6,6,6,0.74,4.9,0.0,1.2,145.0
2025,6,6,7,0.74,4.6,11.0,2.0,179.0
2025,6,6,9,0.67,4.5,11.0,3.7,347.0
2025,6,6,10,0.64,4.5,22.0,3.6,357.0
2025,6,6,11,0.55,4.3,0.0,4.4,347.0
2025,6,6,12,0.62,4.4,11.0,4.6,352.0
2025,6,6,13,0.55,4.3,0.0,2.2,38.0
2025,6,6,14,0.52,4.2,22.0,1.1,54.0
2025,6,6,15,0.52,4.2,22.0,1.1,333.0
2025,6,6,16,0.62,4.5,225.0,1.2,284.0
2025,6,6,20,0.46,4.2,22.0,1.5,253.0
2025,6,6,22,0.45,4.6,0.0,1.3,38.0
2025,6,6,23,0.45,4.7,22.0,1.6,44.0
2025,6,7,3,0.32,4.7,270.0,1.7,151.0
2025,6,7,4,0.3,4.7,258.0,2.1,164.0
2025,6,7,5,0.31,4.7,258.0,2.6,163.0
2025,6,7,6,0.36,5.0,236.0,2.8,153.0
2025,6,7,7,0.37,4.7,22.0,2.8,152.0
2025,6,7,8,0.47,5.1,45.0,2.3,177.0
2025,6,7,9,0.32,4.6,270.0,4.0,222.0
2025,6,7,10,0.28,4.3,292.0,4.4,225.0
2025,6,7,11,0.3,4.6,315.0,5.7,228.0
2025,6,7,12,0.27,4.6,292.0,5.8,243.0
2025,6,7,13,0.3,4.7,247.0,6.7,243.0
2025,6,7,14,0.44,3.1,270.0,7.0,252.0
2025,6,7,15,0.55,3.2,236.0,7.2,241.0
2025,6,7,16,0.58,3.3,247.0,5.9,239.0
2025,6,7,17,0.53,3.4,225.0,4.7,236.0
2025,6,7,18,0.57,3.4,236.0,4.6,238.0
2025,6,7,19,0.63,3.4,236.0,3.6,243.0
2025,6,7,20,0.58,3.5,213.0,3.4,209.0
2025,6,7,21,0.47,3.3,258.0,4.4,188.0
2025,6,7,22,0.34,3.3,270.0,3.4,185.0
2025,6,7,23,0.3,3.4,270.0,4.8,198.0
2025,6,8,0,0.29,3.6,292.0,4.7,204.0
2025,6,8,1,0.25,3.6,281.0,4.3,196.0
2025,6,8,2,0.25,3.8,292.0,3.8,205.0
2025,6,8,3,0.22,3.9,22.0,4.3,191.0
2025,6,8,4,0.21,3.6,258.0,3.9,194.0
2025,6,8,5,0.29,4.0,236.0,3.1,182.0
2025,6,8,6,0.26,3.5,281.0,5.4,185.0
2025,6,8,7,0.24,3.5,258.0,4.2,202.0
2025,6,8,8,0.23,3.4,281.0,4.6,203.0
2025,6,8,9,0.27,3.6,258.0,3.8,224.0
2025,6,8,11,0.3,3.5,258.0,5.6,251.0
2025,6,8,12,0.28,3.5,258.0,5.2,243.0
2025,6,8,13,0.27,3.3,258.0,5.0,248.0
2025,6,8,14,0.3,3.5,258.0,4.8,253.0
2025,6,8,15,0.24,3.3,236.0,4.3,252.0
2025,6,8,16,0.27,3.4,213.0,4.9,245.0
2025,6,8,17,0.34,3.8,236.0,4.2,249.0
2025,6,8,18,0.26,3.3,236.0,2.7,226.0
2025,6,8,19,0.33,3.5,258.0,3.1,212.0
2025,6,8,20,0.42,3.6,56.0,4.0,216.0
2025,6,8,21,0.29,3.2,225.0,3.2,226.0
2025,6,8,22,0.29,3.3,292.0,2.9,228.0
2025,6,8,23,0.23,3.2,11.0,2.4,234.0
2025,6,9,2,0.22,3.9,348.0,2.6,255.0
2025,6,9,3,0.21,3.8,326.0,2.4,246.0
2025,6,9,5,0.24,4.4,225.0,2.7,223.0
2025,6,9,8,0.31,4.4,22.0,3.0,199.0
2025,6,9,9,0.23,4.4,22.0,2.3,233.0
2025,6,9,11,0.26,4.4,0.0,2.3,250.0
2025,6,9,21,0.26,3.9,236.0,1.7,152.0
2025,6,9,22,0.21,4.0,258.0,1.7,152.0
2025,6,10,0,0.23,4.3,281.0,1.3,334.0
2025,6,10,5,0.28,5.1,225.0,3.7,14.0
2025,6,10,6,0.22,5.2,11.0,3.5,23.0
2025,6,10,8,0.29,4.8,11.0,3.8,23.0
2025,6,10,9,0.35,5.0,11.0,3.4,6.0
2025,6,10,10,0.27,4.6,0.0,4.6,357.0
2025,6,10,11,0.29,4.3,11.0,4.2,343.0
2025,6,10,12,0.33,4.2,0.0,5.3,347.0
2025,6,10,13,0.39,4.6,11.0,5.0,351.0
2025,6,10,14,0.37,4.2,11.0,5.7,352.0
2025,6,10,16,0.34,3.7,22.0,4.8,347.0
2025,6,10,17,0.39,4.2,225.0,4.3,356.0
2025,6,10,18,0.34,4.1,22.0,4.5,17.0
2025,6,10,19,0.35,4.0,22.0,5.7,2.0
2025,6,10,21,0.36,3.9,22.0,3.9,28.0
2025,6,10,22,0.39,4.1,22.0,3.3,31.0
2025,6,10,23,0.33,3.8,33.0,4.1,8.0
2025,6,11,0,0.35,3.9,33.0,4.2,351.0
2025,6,11,1,0.37,3.8,22.0,2.8,347.0
2025,6,11,2,0.34,4.1,33.0,3.3,350.0
2025,6,11,3,0.3,3.9,33.0,3.8,17.0
2025,6,11,4,0.35,4.2,22.0,2.5,22.0
2025,6,11,5,0.39,4.6,33.0,3.1,10.0
2025,6,11,6,0.34,4.2,11.0,4.1,19.0
2025,6,11,7,0.34,4.3,236.0,5.2,23.0
2025,6,11,8,0.44,3.8,22.0,6.4,23.0
2025,6,11,9,0.5,3.7,45.0,6.0,21.0
2025,6,11,10,0.55,3.6,22.0,6.3,13.0
2025,6,11,11,0.5,3.7,22.0,5.8,354.0
2025,6,11,12,0.58,3.7,11.0,6.5,354.0
2025,6,11,13,0.55,3.8,0.0,5.2,340.0
2025,6,11,16,1.01,4.3,337.0,6.9,11.0
2025,6,11,17,1.1,4.5,348.0,6.7,9.0
2025,6,11,18,1.18,4.7,337.0,6.2,15.0
2025,6,11,19,0.99,4.7,348.0,5.8,8.0
2025,6,11,20,1.22,5.0,348.0,5.4,15.0
2025,6,11,21,1.35,5.2,348.0,5.1,356.0
2025,6,12,2,1.12,5.3,11.0,2.2,285.0
2025,6,12,3,1.48,6.3,11.0,1.3,290.0
2025,6,12,4,1.35,5.9,0.0,2.2,295.0
2025,6,12,5,1.14,5.7,348.0,1.9,11.0
2025,6,12,7,0.92,5.7,11.0,1.5,123.0
2025,6,12,9,1.17,5.9,348.0,1.6,319.0
2025,6,12,10,1.51,6.5,0.0,5.1,333.0
2025,6,12,11,1.37,6.0,11.0,4.0,329.0
2025,6,12,12,1.54,6.8,348.0,4.6,340.0
2025,6,12,13,1.36,5.8,348.0,5.5,330.0
2025,6,12,14,1.24,5.7,348.0,4.2,312.0
2025,6,12,15,1.2,5.8,348.0,3.0,299.0
2025,6,12,16,1.02,5.6,348.0,2.6,291.0
2025,6,12,17,1.05,5.7,0.0,3.7,229.0
2025,6,12,18,0.93,5.6,11.0,5.2,231.0
2025,6,12,19,1.0,5.6,45.0,7.2,228.0
2025,6,12,20,1.0,5.8,11.0,7.3,226.0
2025,6,12,21,1.15,5.5,11.0,7.4,190.0
2025,6,12,22,1.1,5.5,11.0,8.1,196.0
2025,6,12,23,1.19,5.5,22.0,7.5,191.0
2025,6,13,0,1.25,6.0,33.0,7.6,192.0
2025,6,13,1,1.01,5.5,11.0,8.5,197.0
2025,6,13,2,1.17,4.6,0.0,10.9,210.0
2025,6,13,3,1.01,4.4,11.0,10.6,211.0
2025,6,13,4,0.87,4.2,247.0,8.1,203.0
2025,6,13,5,0.98,4.4,22.0,8.7,199.0
2025,6,13,6,0.93,4.0,247.0,8.8,191.0
2025,6,13,7,0.92,4.1,247.0,9.7,200.0
2025,6,13,8,0.95,3.9,236.0,10.6,185.0
2025,6,13,9,0.96,4.1,236.0,9.7,179.0
2025,6,13,10,0.88,3.7,236.0,9.7,186.0
2025,6,13,11,0.76,3.7,247.0,10.3,190.0
2025,6,13,12,0.96,3.6,213.0,13.2,191.0
2025,6,13,13,1.07,3.8,236.0,10.3,195.0
2025,6,13,14,1.06,4.5,236.0,10.3,187.0
2025,6,13,16,0.97,4.1,247.0,9.2,199.0
2025,6,13,17,1.06,4.2,236.0,10.8,194.0
2025,6,13,18,0.95,4.2,236.0,10.6,183.0
2025,6,13,19,0.9,4.1,247.0,9.8,183.0
2025,6,13,20,1.1,4.2,225.0,10.1,195.0
2025,6,13,21,0.89,4.2,236.0,8.4,190.0
2025,6,13,22,1.09,4.4,258.0,6.7,189.0
2025,6,13,23,0.99,4.6,236.0,9.0,196.0
2025,6,14,0,1.06,4.2,236.0,8.9,198.0
2025,6,14,1,1.14,4.4,236.0,10.9,202.0
2025,6,14,2,1.01,4.7,247.0,9.6,195.0
2025,6,14,3,0.81,4.4,247.0,9.1,194.0
2025,6,14,4,0.96,4.6,247.0,8.4,194.0
2025,6,14,5,0.91,4.1,258.0,10.4,200.0
2025,6,14,6,0.94,3.9,236.0,10.9,202.0
2025,6,14,7,0.89,4.1,247.0,9.1,205.0
2025,6,14,8,0.85,4.1,247.0,9.9,210.0
2025,6,14,9,0.97,4.0,247.0,8.7,197.0
2025,6,14,10,0.87,4.2,247.0,8.2,197.0
2025,6,14,11,0.69,4.3,236.0,8.4,216.0
2025,6,14,12,0.73,4.5,236.0,6.2,224.0
2025,6,14,13,0.7,4.2,236.0,5.6,233.0
2025,6,14,14,0.67,4.1,247.0,6.2,225.0
2025,6,14,15,0.69,4.3,236.0,6.6,228.0
2025,6,14,16,0.64,4.4,258.0,8.5,234.0
2025,6,14,17,0.66,3.9,236.0,9.4,228.0
2025,6,14,18,0.73,4.0,236.0,8.5,227.0
2025,6,14,19,0.73,3.8,247.0,8.7,230.0
2025,6,14,20,0.8,3.9,236.0,7.6,223.0
2025,6,14,21,0.82,4.4,258.0,6.0,197.0
2025,6,14,22,0.83,4.1,247.0,5.0,173.0
2025,6,14,23,0.78,4.4,258.0,4.9,193.0
2025,6,15,0,0.66,4.7,258.0,5.0,213.0
2025,6,15,1,0.67,4.5,247.0,5.3,206.0
2025,6,15,2,0.57,4.4,258.0,4.4,176.0
2025,6,15,3,0.6,4.5,247.0,5.8,175.0
2025,6,15,4,0.64,4.2,270.0,6.2,174.0
2025,6,15,5,0.61,4.0,270.0,7.3,189.0
2025,6,15,6,0.63,4.2,247.0,7.6,195.0
2025,6,15,7,0.56,3.8,258.0,7.2,192.0
2025,6,15,8,0.7,3.8,247.0,8.0,206.0
2025,6,15,9,0.84,3.9,258.0,9.4,211.0
2025,6,15,10,0.94,4.0,236.0,8.7,215.0
2025,6,15,11,0.83,3.9,236.0,8.2,226.0
2025,6,15,12,0.98,3.9,247.0,9.6,228.0
2025,6,15,13,1.06,4.2,236.0,10.5,225.0
2025,6,15,14,1.1,3.8,236.0,10.2,224.0
2025,6,15,15,1.12,4.0,236.0,10.2,220.0
2025,6,15,16,1.21,4.0,236.0,10.3,215.0
2025,6,15,18,0.96,4.1,247.0,8.9,226.0
2025,6,15,19,1.08,4.3,247.0,8.9,217.0
2025,6,15,20,1.2,4.1,247.0,10.2,225.0
2025,6,15,21,1.15,4.2,236.0,10.4,219.0
2025,6,15,22,1.2,4.0,225.0,10.1,216.0
2025,6,15,23,1.08,4.0,236.0,9.3,209.0
2025,6,16,0,1.13,4.1,247.0,9.3,205.0
2025,6,16,1,1.12,4.1,236.0,9.7,214.0
2025,6,16,2,1.01,4.0,247.0,10.2,202.0
2025,6,16,3,1.04,4.1,247.0,9.4,215.0
2025,6,16,4,1.14,4.2,247.0,9.4,226.0
2025,6,16,5,1.02,4.1,247.0,11.6,221.0
2025,6,16,6,1.12,4.0,247.0,13.0,201.0
2025,6,16,7,0.89,4.0,236.0,8.9,195.0
2025,6,16,8,0.81,4.0,247.0,9.3,198.0
2025,6,16,9,0.89,4.1,247.0,10.2,203.0
2025,6,16,10,0.86,4.2,258.0,8.3,189.0
2025,6,16,11,0.76,4.0,247.0,7.3,176.0
2025,6,16,12,0.85,4.3,258.0,6.4,201.0
2025,6,16,13,0.7,4.1,258.0,7.2,215.0
2025,6,16,15,0.65,3.8,247.0,7.1,227.0
2025,6,16,16,0.66,3.8,270.0,7.7,227.0
2025,6,16,17,0.61,3.8,281.0,7.9,232.0
2025,6,16,18,0.62,3.6,258.0,8.1,242.0
2025,6,16,19,0.66,3.7,236.0,7.3,230.0
2025,6,16,20,0.73,3.8,247.0,6.4,226.0
2025,6,16,21,0.65,3.8,258.0,5.5,217.0
2025,6,16,22,0.65,3.9,247.0,5.3,187.0
2025,6,16,23,0.69,4.0,270.0,4.6,185.0
2025,6,17,0,0.58,4.2,270.0,5.9,194.0
2025,6,17,1,0.47,4.0,247.0,6.8,192.0
2025,6,17,2,0.42,4.4,270.0,6.5,200.0
2025,6,17,3,0.4,4.3,281.0,6.5,171.0
2025,6,17,4,0.44,4.1,281.0,6.2,180.0
2025,6,17,5,0.43,4.2,270.0,6.2,174.0
2025,6,17,6,0.44,4.3,292.0,5.9,170.0
2025,6,17,7,0.39,3.9,258.0,4.2,191.0
2025,6,17,8,0.49,4.3,270.0,5.0,218.0
2025,6,17,9,0.45,4.0,258.0,4.5,213.0
2025,6,17,10,0.47,4.2,56.0,4.1,240.0
2025,6,17,12,0.51,3.9,270.0,6.0,299.0
2025,6,17,13,0.56,3.8,270.0,1.6,272.0
2025,6,17,15,0.46,4.1,270.0,2.5,191.0
2025,6,17,16,0.36,4.1,270.0,2.1,195.0
2025,6,17,17,0.41,4.4,258.0,2.1,272.0
2025,6,17,18,0.34,4.5,258.0,2.5,282.0
2025,6,17,19,0.35,4.6,258.0,2.7,303.0
2025,6,17,20,0.32,4.3,281.0,4.3,27.0
2025,6,17,21,0.27,4.4,281.0,2.5,67.0
2025,6,17,22,0.32,4.4,270.0,1.1,352.0
2025,6,18,0,0.28,4.3,258.0,2.7,144.0
2025,6,18,1,0.36,4.5,270.0,4.6,154.0
2025,6,18,2,0.32,4.5,258.0,2.3,173.0
2025,6,18,4,0.25,4.5,258.0,1.4,158.0
2025,6,18,5,0.25,4.6,270.0,2.7,179.0
2025,6,18,6,0.29,4.7,292.0,3.3,160.0
2025,6,18,7,0.23,4.7,270.0,2.6,158.0
2025,6,18,8,0.28,4.7,67.0,2.9,170.0
2025,6,18,9,0.23,4.7,258.0,1.3,192.0
2025,6,18,10,0.22,4.3,258.0,2.0,272.0
2025,6,18,11,0.24,4.7,270.0,2.2,290.0
2025,6,18,12,0.25,4.6,247.0,3.0,321.0
2025,6,18,13,0.3,4.8,281.0,2.8,328.0
2025,6,18,14,0.35,4.6,236.0,2.8,344.0
2025,6,18,15,0.31,4.3,247.0,2.8,312.0
2025,6,18,16,0.26,4.5,258.0,1.7,281.0
2025,6,18,17,0.24,4.6,270.0,5.8,204.0
2025,6,18,18,0.35,4.4,247.0,4.0,143.0
2025,6,18,19,0.36,4.1,281.0,1.8,195.0
2025,6,18,20,0.29,4.2,281.0,4.2,230.0
2025,6,18,21,0.24,4.1,281.0,3.3,173.0
2025,6,18,22,0.28,4.0,270.0,3.1,175.0
2025,6,18,23,0.23,3.9,236.0,2.7,187.0
2025,6,19,0,0.25,3.9,247.0,1.3,123.0
2025,6,19,1,0.24,4.0,270.0,1.8,115.0
2025,6,19,2,0.28,4.7,258.0,1.7,141.0
2025,6,19,4,0.28,4.4,247.0,1.9,116.0
2025,6,19,6,0.24,4.5,270.0,1.4,123.0
2025,6,19,7,0.27,4.9,247.0,1.8,70.0
2025,6,19,8,0.37,5.1,281.0,2.1,40.0
2025,6,19,9,0.25,4.6,247.0,2.9,21.0
2025,6,19,10,0.37,4.8,213.0,3.4,17.0
2025,6,19,11,0.29,4.8,247.0,3.9,342.0
2025,6,19,12,0.26,4.1,247.0,6.1,346.0
2025,6,19,13,0.43,3.7,33.0,5.9,342.0
2025,6,19,14,0.45,3.5,33.0,5.8,339.0
2025,6,19,15,0.49,3.8,45.0,5.4,350.0
2025,6,19,16,0.52,4.1,247.0,5.0,360.0
2025,6,19,17,0.5,4.1,236.0,4.4,356.0
2025,6,19,18,0.5,4.2,45.0,2.6,6.0
2025,6,19,19,0.47,4.5,258.0,2.2,37.0
2025,6,19,20,0.43,4.6,78.0,3.3,41.0
2025,6,19,21,0.42,4.6,247.0,2.9,22.0
2025,6,19,22,0.39,4.7,236.0,4.3,19.0
2025,6,19,23,0.34,4.6,247.0,2.9,57.0
2025,6,20,0,0.39,4.8,258.0,3.1,57.0
2025,6,20,1,0.36,4.7,258.0,3.2,62.0
2025,6,20,2,0.44,4.9,247.0,3.0,54.0
2025,6,20,3,0.44,4.7,236.0,3.3,69.0
2025,6,20,4,0.48,4.8,258.0,2.7,53.0
2025,6,20,5,0.51,5.0,247.0,2.7,69.0
2025,6,20,6,0.45,4.7,258.0,3.0,66.0
2025,6,20,7,0.32,4.5,247.0,3.8,60.0
2025,6,20,8,0.38,4.7,258.0,2.9,71.0
2025,6,20,9,0.4,4.7,270.0,2.5,36.0
2025,6,20,10,0.28,4.5,258.0,1.9,21.0
2025,6,20,11,0.35,4.5,258.0,2.1,345.0
2025,6,20,12,0.27,4.4,270.0,4.2,301.0
2025,6,20,13,0.3,4.6,247.0,4.4,305.0
2025,6,20,14,0.3,4.3,236.0,4.1,288.0
2025,6,20,15,0.36,4.2,247.0,6.5,279.0
2025,6,20,16,0.45,4.4,236.0,6.8,260.0
2025,6,20,17,0.42,4.4,236.0,5.9,241.0
2025,6,20,18,0.4,4.2,225.0,5.8,228.0
2025,6,20,19,0.42,4.0,270.0,5.0,223.0
2025,6,20,20,0.39,4.2,258.0,3.9,158.0
2025,6,20,21,0.36,4.0,258.0,3.1,147.0
2025,6,20,22,0.35,4.4,258.0,3.2,154.0
2025,6,20,23,0.36,4.3,247.0,2.9,170.0
2025,6,21,0,0.34,4.2,258.0,3.5,152.0
2025,6,21,1,0.35,4.1,281.0,2.8,154.0
2025,6,21,2,0.33,3.8,247.0,3.3,176.0
2025,6,21,3,0.38,4.1,247.0,4.4,199.0
2025,6,21,4,0.41,4.0,236.0,4.7,184.0
2025,6,21,5,0.35,4.0,270.0,3.8,173.0
2025,6,21,6,0.33,4.1,258.0,3.4,157.0
2025,6,21,7,0.39,4.2,22.0,3.5,177.0
2025,6,21,8,0.39,4.5,67.0,4.3,202.0
2025,6,21,9,0.33,4.4,56.0,4.1,206.0
2025,6,21,10,0.28,4.3,78.0,4.5,222.0
2025,6,21,11,0.24,4.2,258.0,5.3,230.0
2025,6,21,12,0.27,4.1,270.0,6.1,254.0
2025,6,21,13,0.22,3.9,281.0,5.4,257.0
2025,6,21,14,0.29,3.7,258.0,6.4,257.0
2025,6,21,15,0.35,3.1,281.0,7.8,262.0
2025,6,21,16,0.49,3.3,247.0,7.5,262.0
2025,6,21,17,0.5,3.3,270.0,4.9,252.0
2025,6,21,18,0.41,3.3,258.0,4.3,247.0
2025,6,21,19,0.43,3.2,236.0,4.2,242.0
2025,6,21,20,0.32,3.5,281.0,3.8,235.0
2025,6,21,21,0.26,3.4,281.0,4.7,214.0
2025,6,21,22,0.29,3.6,281.0,4.9,217.0
2025,6,21,23,0.24,3.5,270.0,5.0,217.0
2025,6,22,0,0.26,3.7,270.0,5.0,189.0
2025,6,22,1,0.28,3.4,303.0,4.8,184.0
2025,6,22,2,0.3,3.3,270.0,5.6,181.0
2025,6,22,3,0.27,3.5,292.0,5.3,181.0
2025,6,22,4,0.29,3.2,270.0,5.4,203.0
2025,6,22,5,0.27,3.3,270.0,5.3,193.0
2025,6,22,6,0.27,3.6,236.0,4.9,198.0
2025,6,22,7,0.29,3.5,292.0,5.8,194.0
2025,6,22,8,0.36,4.1,315.0,5.2,199.0
2025,6,22,9,0.27,3.5,281.0,5.1,212.0
2025,6,22,10,0.36,3.9,292.0,5.2,224.0
2025,6,22,11,0.29,3.4,303.0,5.5,230.0
2025,6,22,12,0.32,3.3,292.0,6.4,242.0
2025,6,22,14,0.45,3.3,247.0,7.4,255.0
2025,6,22,15,0.49,3.2,258.0,7.6,253.0
2025,6,22,16,0.59,3.3,247.0,7.2,241.0
2025,6,22,17,0.62,3.3,247.0,6.4,236.0
2025,6,22,18,0.57,3.5,292.0,5.7,217.0
2025,6,22,19,0.48,3.4,292.0,5.2,214.0
2025,6,22,20,0.45,3.7,281.0,5.4,218.0
2025,6,22,21,0.39,3.6,303.0,5.0,187.0
2025,6,22,22,0.38,3.6,303.0,5.0,178.0
2025,6,22,23,0.37,3.5,292.0,6.3,200.0
2025,6,23,0,0.37,3.9,270.0,5.5,211.0
2025,6,23,1,0.46,3.7,292.0,5.6,215.0
2025,6,23,2,0.43,3.7,281.0,6.8,217.0
2025,6,23,3,0.44,3.7,292.0,6.3,213.0
2025,6,23,4,0.44,3.6,281.0,5.6,170.0
2025,6,23,5,0.52,3.7,292.0,5.4,172.0
2025,6,23,6,0.52,3.7,281.0,5.5,179.0
2025,6,23,7,0.54,3.7,292.0,6.1,175.0
2025,6,23,8,0.58,3.9,281.0,6.7,198.0
2025,6,23,9,0.52,3.9,292.0,7.7,207.0
2025,6,23,10,0.44,3.7,292.0,8.1,219.0
2025,6,23,11,0.55,3.4,236.0,8.1,232.0
2025,6,23,12,0.67,3.5,236.0,8.1,231.0
2025,6,23,13,0.71,3.6,236.0,7.7,233.0
2025,6,23,14,0.79,3.7,247.0,7.7,229.0
2025,6,23,15,0.73,3.7,270.0,7.6,239.0
2025,6,23,16,0.72,3.8,292.0,7.6,245.0
2025,6,23,17,0.89,3.7,258.0,6.6,229.0
2025,6,23,18,0.75,3.6,247.0,5.8,226.0
2025,6,23,19,0.63,3.5,236.0,5.7,209.0
2025,6,23,20,0.57,3.8,303.0,5.6,205.0
2025,6,23,21,0.53,3.7,281.0,4.8,184.0
2025,6,23,22,0.48,3.7,292.0,5.5,183.0
2025,6,23,23,0.55,4.0,281.0,6.0,203.0
2025,6,24,0,0.46,3.8,281.0,5.2,208.0
2025,6,24,1,0.43,3.7,270.0,5.9,217.0
2025,6,24,2,0.48,3.7,281.0,5.9,228.0
2025,6,24,3,0.51,3.5,270.0,6.7,213.0
2025,6,24,4,0.57,3.7,281.0,5.4,174.0
2025,6,24,6,0.56,3.7,292.0,5.2,176.0
2025,6,24,7,0.53,3.8,281.0,4.9,175.0
2025,6,24,8,0.66,4.0,303.0,3.8,183.0
2025,6,24,9,0.52,3.9,292.0,4.1,227.0
2025,6,24,10,0.54,4.2,78.0,3.9,232.0
2025,6,24,11,0.4,4.1,281.0,4.5,234.0
2025,6,24,12,0.36,4.2,281.0,4.8,235.0
2025,6,24,13,0.4,4.1,270.0,5.2,249.0
2025,6,24,14,0.35,4.0,270.0,5.5,251.0
2025,6,24,15,0.35,3.8,270.0,6.0,252.0
2025,6,24,16,0.47,3.5,281.0,5.0,240.0
2025,6,24,17,0.47,3.8,281.0,4.1,246.0
2025,6,24,18,0.47,3.9,236.0,3.9,233.0
2025,6,24,19,0.42,3.7,270.0,3.5,241.0
2025,6,24,20,0.45,3.8,292.0,2.8,225.0
2025,6,24,21,0.4,3.8,281.0,3.5,222.0
2025,6,24,22,0.32,3.8,281.0,3.7,225.0
2025,6,24,23,0.34,3.9,292.0,4.5,225.0
2025,6,25,0,0.28,3.9,270.0,4.2,224.0
2025,6,25,1,0.29,3.8,303.0,3.3,198.0
2025,6,25,2,0.29,3.8,303.0,3.9,190.0
2025,6,25,3,0.27,3.9,303.0,3.3,174.0
2025,6,25,4,0.3,3.9,281.0,4.2,179.0
2025,6,25,5,0.34,3.7,303.0,3.9,168.0
2025,6,25,6,0.3,3.9,281.0,2.9,171.0
2025,6,25,11,0.29,4.1,22.0,2.1,300.0
2025,6,25,12,0.23,3.9,270.0,2.1,283.0
2025,6,25,13,0.25,3.9,270.0,3.0,282.0
2025,6,25,15,0.24,4.2,258.0,2.8,284.0
2025,6,25,16,0.21,4.1,236.0,1.9,298.0
2025,6,25,17,0.26,4.3,236.0,1.5,282.0
2025,6,25,19,0.28,4.1,22.0,1.1,202.0
2025,6,25,20,0.26,3.9,303.0,4.1,148.0
2025,6,25,21,0.24,3.9,90.0,4.5,145.0
2025,6,25,22,0.22,3.9,326.0,2.4,149.0
2025,6,25,23,0.26,4.2,315.0,1.9,175.0
2025,6,26,0,0.22,4.1,247.0,3.3,163.0
2025,6,26,1,0.25,4.3,270.0,3.5,162.0
2025,6,26,2,0.22,4.3,270.0,4.2,148.0
2025,6,26,3,0.22,4.7,236.0,4.2,154.0
2025,6,26,5,0.3,4.8,247.0,4.5,140.0
2025,6,26,6,0.21,4.3,236.0,4.5,154.0
2025,6,26,8,0.3,4.7,45.0,1.5,159.0
2025,6,26,10,0.28,4.4,236.0,2.0,344.0
2025,6,26,11,0.31,4.6,247.0,3.5,352.0
2025,6,26,12,0.27,4.4,247.0,3.0,356.0
2025,6,26,13,0.31,4.5,258.0,3.0,341.0
2025,6,26,14,0.29,4.5,292.0,3.1,348.0
2025,6,26,15,0.28,4.6,337.0,3.9,347.0
2025,6,26,16,0.29,4.5,258.0,3.7,345.0
2025,6,26,17,0.26,4.6,247.0,3.2,347.0
2025,6,26,18,0.25,4.3,247.0,2.7,332.0
2025,6,26,19,0.28,4.5,247.0,1.8,281.0
2025,6,26,20,0.33,4.7,0.0,3.2,218.0
2025,6,26,21,0.3,4.0,247.0,7.6,141.0
2025,6,26,22,0.4,3.2,112.0,6.7,131.0
2025,6,26,23,0.27,4.8,247.0,7.9,168.0
2025,6,27,0,0.31,4.4,236.0,4.9,171.0
2025,6,27,1,0.26,4.8,258.0,3.8,168.0
2025,6,27,5,0.33,5.4,225.0,5.1,154.0
2025,6,27,6,0.23,5.1,258.0,4.1,150.0
2025,6,27,7,0.21,4.7,258.0,3.4,170.0
2025,6,27,8,0.36,5.1,33.0,3.3,167.0
2025,6,27,11,0.31,4.6,270.0,2.4,342.0
2025,6,27,12,0.27,4.4,258.0,2.6,319.0
2025,6,27,13,0.3,4.7,45.0,3.3,315.0
2025,6,27,14,0.3,4.3,270.0,3.4,321.0
2025,6,27,15,0.24,4.6,292.0,3.3,312.0
2025,6,27,16,0.24,4.7,270.0,2.4,4.0
2025,6,27,17,0.26,4.3,270.0,2.5,87.0
2025,6,27,19,0.32,4.6,236.0,2.4,163.0
2025,6,27,20,0.24,4.4,258.0,1.2,216.0
2025,6,27,21,0.27,4.3,281.0,1.5,100.0
2025,6,27,23,0.23,4.6,270.0,2.6,149.0
2025,6,28,0,0.22,4.8,258.0,5.8,154.0
2025,6,28,1,0.26,5.1,258.0,4.2,162.0
2025,6,28,2,0.24,4.9,247.0,5.1,174.0
2025,6,28,3,0.26,5.4,236.0,4.3,159.0
2025,6,28,5,0.24,4.9,236.0,4.2,150.0
2025,6,28,7,0.22,4.6,258.0,1.6,174.0
2025,6,28,10,0.25,4.4,258.0,2.2,22.0
2025,6,28,11,0.27,4.0,247.0,4.3,324.0
2025,6,28,12,0.31,4.1,270.0,4.2,322.0
2025,6,28,13,0.28,4.2,45.0,4.5,320.0
2025,6,28,14,0.31,4.2,202.0,5.5,307.0
2025,6,28,15,0.23,4.0,281.0,4.8,301.0
2025,6,28,16,0.25,3.9,258.0,4.4,316.0
2025,6,28,17,0.21,3.9,303.0,3.5,321.0
2025,6,28,18,0.26,4.5,236.0,3.0,338.0
2025,6,28,19,0.24,4.2,292.0,1.9,353.0
2025,6,28,21,0.24,4.4,258.0,1.4,38.0
2025,6,28,22,0.22,4.0,281.0,1.4,17.0
2025,6,28,23,0.28,4.4,45.0,1.4,33.0
2025,6,29,0,0.23,4.3,247.0,1.8,28.0
2025,6,29,2,0.25,4.8,258.0,1.4,33.0
2025,6,29,3,0.21,4.4,258.0,2.1,61.0
2025,6,29,4,0.21,4.8,270.0,1.5,30.0
2025,6,29,8,0.38,4.7,11.0,2.6,52.0
2025,6,29,9,0.3,5.4,22.0,2.2,44.0
2025,6,29,10,0.23,4.7,258.0,2.5,23.0
2025,6,29,11,0.24,4.6,247.0,3.3,350.0
2025,6,29,12,0.24,4.5,270.0,4.0,342.0
2025,6,29,13,0.26,4.3,281.0,5.6,343.0
2025,6,29,14,0.29,3.5,11.0,6.5,335.0
2025,6,29,15,0.41,3.3,0.0,6.2,340.0
2025,6,29,16,0.39,3.2,0.0,5.3,340.0
2025,6,29,17,0.42,3.3,11.0,4.0,332.0
2025,6,29,18,0.33,3.3,22.0,3.4,3.0
2025,6,29,19,0.33,3.6,45.0,3.2,23.0
2025,6,29,20,0.36,4.5,45.0,3.9,69.0
2025,6,29,21,0.22,3.8,33.0,1.7,50.0
2025,6,29,22,0.26,3.9,56.0,1.4,110.0
2025,6,29,23,0.25,4.1,258.0,1.7,163.0
2025,6,30,0,0.3,3.9,45.0,1.4,150.0
2025,6,30,1,0.27,4.1,45.0,3.2,150.0
2025,6,30,2,0.25,4.0,33.0,2.8,160.0
2025,6,30,3,0.29,4.0,33.0,2.6,160.0
2025,6,30,4,0.3,4.4,270.0,3.1,167.0
2025,6,30,5,0.37,4.7,22.0,3.1,159.0
2025,6,30,6,0.35,4.4,22.0,2.5,161.0
2025,6,30,7,0.28,4.3,33.0,2.6,183.0
2025,6,30,8,0.33,4.4,67.0,1.9,184.0
2025,6,30,10,0.32,4.0,0.0,1.7,312.0
2025,6,30,11,0.29,3.9,33.0,1.5,275.0
2025,6,30,12,0.33,3.9,270.0,3.3,325.0
2025,6,30,13,0.31,3.8,258.0,4.0,323.0
2025,6,30,14,0.35,3.7,247.0,5.0,317.0
2025,6,30,15,0.36,3.5,11.0,5.2,317.0
2025,6,30,16,0.36,3.4,337.0,5.0,320.0
2025,6,30,17,0.38,3.8,270.0,4.8,334.0
2025,6,30,18,0.31,3.6,281.0,3.1,353.0
2025,6,30,19,0.32,3.8,236.0,2.2,25.0
2025,6,30,20,0.28,3.6,56.0,1.4,347.0
2025,6,30,21,0.33,4.1,236.0,1.1,294.0
2025,6,30,23,0.31,3.8,348.0,2.7,263.0
2025,7,1,0,0.34,3.8,348.0,2.9,267.0
2025,7,1,1,0.35,3.8,22.0,1.8,264.0
2025,7,1,4,0.29,3.9,247.0,2.4,225.0
2025,7,1,5,0.34,4.1,11.0,2.9,193.0
2025,7,1,6,0.3,4.2,11.0,2.4,188.0
2025,7,1,7,0.28,4.2,33.0,2.4,189.0
2025,7,1,9,0.34,4.2,33.0,1.8,305.0
2025,7,1,10,0.38,4.3,236.0,2.8,300.0
2025,7,1,11,0.3,4.3,11.0,3.5,303.0
2025,7,1,12,0.29,4.1,0.0,4.2,297.0
2025,7,1,13,0.31,4.2,11.0,4.8,315.0
2025,7,1,14,0.33,4.2,337.0,4.8,316.0
2025,7,1,15,0.41,4.4,247.0,4.3,331.0
2025,7,1,16,0.32,4.2,337.0,4.0,348.0
2025,7,1,17,0.31,4.3,326.0,3.7,347.0
2025,7,1,18,0.31,4.0,22.0,2.9,9.0
2025,7,1,19,0.39,4.2,225.0,3.1,22.0
2025,7,1,20,0.33,4.3,247.0,1.9,357.0
2025,7,1,21,0.3,4.2,11.0,1.4,324.0
2025,7,1,22,0.3,4.0,11.0,2.5,265.0
2025,7,1,23,0.33,4.0,0.0,3.5,253.0
2025,7,2,0,0.34,4.0,11.0,2.9,267.0
2025,7,2,1,0.37,4.0,0.0,1.1,274.0
2025,7,2,2,0.34,3.9,22.0,1.4,297.0
2025,7,2,4,0.37,4.2,22.0,3.0,169.0
2025,7,2,5,0.47,4.6,258.0,2.7,160.0
2025,7,2,6,0.54,4.7,33.0,2.9,161.0
2025,7,2,7,0.56,4.9,11.0,2.6,163.0
2025,7,2,9,0.49,4.5,22.0,1.1,166.0
2025,7,2,10,0.45,4.5,0.0,2.5,301.0
2025,7,2,11,0.45,4.4,22.0,4.6,327.0
2025,7,2,12,0.46,4.4,0.0,4.9,327.0
2025,7,2,14,0.44,4.1,0.0,4.4,328.0
2025,7,2,15,0.46,4.1,11.0,3.7,312.0
2025,7,2,16,0.45,4.0,11.0,3.6,328.0
2025,7,2,17,0.52,4.2,337.0,2.8,306.0
2025,7,2,18,1.0,5.4,11.0,2.5,326.0
2025,7,2,20,0.95,5.2,348.0,2.0,197.0
2025,7,2,21,0.91,5.3,11.0,4.6,200.0
2025,7,2,22,1.08,5.4,22.0,5.5,181.0
2025,7,2,23,1.07,5.6,22.0,3.9,196.0
2025,7,3,0,0.93,5.4,11.0,3.0,194.0
2025,7,3,1,0.92,5.4,11.0,3.0,197.0
2025,7,3,2,0.93,5.3,0.0,3.7,193.0
2025,7,3,3,0.98,5.3,11.0,4.2,193.0
2025,7,3,4,1.09,5.4,11.0,4.0,181.0
2025,7,3,5,0.94,5.4,11.0,3.3,161.0
2025,7,3,6,0.88,5.3,22.0,3.1,162.0
2025,7,3,7,0.69,5.0,22.0,3.2,168.0
2025,7,3,8,0.63,4.9,11.0,2.5,167.0
2025,7,3,10,0.54,4.7,11.0,1.7,303.0
2025,7,3,11,0.53,4.7,22.0,3.6,317.0
2025,7,3,12,0.57,4.7,22.0,4.9,327.0
2025,7,3,14,0.59,4.2,0.0,6.4,353.0
2025,7,3,15,0.76,4.3,11.0,6.8,359.0
2025,7,3,16,0.89,4.3,11.0,6.6,2.0
2025,7,3,17,0.77,4.2,0.0,6.1,350.0
2025,7,3,18,0.88,4.3,22.0,4.8,348.0
2025,7,3,19,0.91,4.6,11.0,4.4,338.0
2025,7,3,20,0.94,5.0,0.0,3.3,344.0
2025,7,3,22,0.99,5.1,11.0,1.4,269.0
2025,7,3,23,1.02,5.2,11.0,1.3,264.0
2025,7,4,0,1.06,5.2,33.0,5.0,207.0
2025,7,4,1,0.88,5.1,11.0,5.4,200.0
2025,7,4,2,0.93,5.3,22.0,5.0,186.0
2025,7,4,3,0.87,5.4,11.0,5.4,170.0
2025,7,4,4,0.81,5.4,33.0,5.2,167.0
2025,7,4,5,0.75,5.4,11.0,5.7,179.0
2025,7,4,6,0.77,5.3,0.0,5.9,185.0
2025,7,4,7,0.75,5.3,0.0,5.4,189.0
2025,7,4,8,0.64,5.0,0.0,4.7,194.0
2025,7,4,9,0.5,4.7,348.0,4.2,218.0
2025,7,4,10,0.55,4.9,0.0,4.7,249.0
2025,7,4,11,0.49,4.6,11.0,5.0,252.0
2025,7,4,12,0.5,4.9,22.0,4.8,262.0
2025,7,4,13,0.51,4.7,326.0,5.6,258.0
2025,7,4,14,0.47,4.7,348.0,4.9,268.0
2025,7,4,15,0.51,4.7,348.0,4.5,276.0
2025,7,4,16,0.48,4.5,0.0,4.7,276.0
2025,7,4,19,0.47,4.0,258.0,10.1,203.0
2025,7,4,20,0.65,3.5,225.0,6.9,183.0
2025,7,4,21,0.58,3.7,225.0,3.5,153.0
2025,7,4,22,0.61,4.4,11.0,2.4,124.0
2025,7,4,23,0.55,4.6,258.0,2.4,162.0
2025,7,5,0,0.6,4.9,303.0,3.4,167.0
2025,7,5,1,0.65,5.1,258.0,4.1,156.0
2025,7,5,2,0.6,5.0,247.0,4.0,152.0
2025,7,5,3,0.61,5.0,33.0,4.1,161.0
2025,7,5,4,0.69,5.3,303.0,3.9,148.0
2025,7,5,5,0.79,5.3,247.0,2.3,131.0
2025,7,5,6,0.69,5.3,258.0,1.8,27.0
2025,7,5,7,0.75,5.8,258.0,1.6,61.0
2025,7,5,8,0.73,5.6,258.0,1.9,30.0
2025,7,5,9,0.57,5.4,258.0,2.2,7.0
2025,7,5,10,0.5,5.4,258.0,3.3,11.0
2025,7,5,11,0.4,5.1,270.0,4.7,2.0
2025,7,5,12,0.55,4.7,270.0,5.9,359.0
2025,7,5,13,0.52,4.7,258.0,6.0,342.0
2025,7,5,14,0.61,4.5,247.0,6.6,340.0
2025,7,5,15,0.66,4.2,247.0,6.9,355.0
2025,7,5,16,0.76,3.9,33.0,7.2,356.0
2025,7,5,17,0.76,4.0,258.0,6.4,350.0
2025,7,5,18,0.82,4.4,258.0,3.7,310.0
2025,7,5,20,0.78,4.6,258.0,2.8,324.0
2025,7,5,22,0.72,4.8,247.0,3.3,129.0
2025,7,5,23,0.71,5.2,247.0,3.3,150.0
2025,7,6,0,0.71,5.8,247.0,3.3,145.0
2025,7,6,1,0.57,5.6,247.0,2.5,126.0
2025,7,6,2,0.61,5.6,258.0,2.8,33.0
2025,7,6,3,0.6,6.0,258.0,2.5,42.0
2025,7,6,4,0.52,5.7,258.0,3.8,57.0
2025,7,6,5,0.65,5.9,258.0,4.2,44.0
2025,7,6,6,0.64,5.4,247.0,5.1,39.0
2025,7,6,7,0.7,5.1,247.0,4.9,25.0
2025,7,6,8,0.73,5.0,247.0,3.9,21.0
2025,7,6,9,0.68,5.5,247.0,1.7,16.0
2025,7,6,10,0.62,5.5,258.0,3.6,19.0
2025,7,6,11,0.52,5.3,258.0,3.9,27.0
2025,7,6,12,0.6,5.8,247.0,2.8,23.0
2025,7,6,13,0.5,5.6,247.0,1.8,54.0
2025,7,6,14,0.43,4.9,258.0,4.1,33.0
2025,7,6,15,0.5,5.3,258.0,4.5,354.0
2025,7,6,16,0.51,4.8,258.0,5.3,12.0
2025,7,6,17,0.58,4.4,270.0,5.0,358.0
2025,7,6,18,0.68,4.9,270.0,6.3,9.0
2025,7,6,19,0.72,4.6,270.0,5.8,26.0
2025,7,6,20,0.75,4.2,22.0,8.1,28.0
2025,7,6,21,0.89,4.1,11.0,6.7,17.0
2025,7,6,22,0.75,4.1,0.0,2.5,90.0
2025,7,6,23,0.86,4.7,0.0,7.7,10.0
2025,7,7,0,1.11,4.7,348.0,8.4,23.0
2025,7,7,1,1.4,4.6,0.0,8.7,22.0
2025,7,7,2,1.74,5.3,0.0,12.8,334.0
2025,7,7,3,1.82,5.1,0.0,11.2,305.0
2025,7,7,4,1.82,5.3,11.0,7.3,289.0
2025,7,7,5,1.55,5.1,11.0,8.8,277.0
2025,7,7,6,1.48,4.7,11.0,11.7,277.0
2025,7,7,7,1.68,4.7,348.0,10.5,295.0
2025,7,7,8,1.68,4.8,337.0,8.4,273.0
2025,7,7,9,1.65,4.9,348.0,10.2,191.0
2025,7,7,10,1.45,4.5,337.0,10.6,195.0
2025,7,7,11,1.32,4.6,303.0,8.5,196.0
2025,7,7,12,1.34,4.8,348.0,8.6,205.0
2025,7,7,13,1.22,4.7,337.0,9.7,211.0
2025,7,7,14,1.12,4.4,258.0,9.7,216.0
2025,7,7,15,1.15,4.4,270.0,9.2,216.0
2025,7,7,16,1.1,4.3,258.0,8.2,223.0
2025,7,7,17,0.99,4.2,247.0,7.9,200.0
2025,7,7,18,0.98,4.5,270.0,8.1,197.0
2025,7,7,19,0.92,4.6,258.0,8.0,198.0
2025,7,7,20,1.03,4.4,247.0,9.1,204.0
2025,7,7,21,1.12,4.4,247.0,8.8,194.0
2025,7,7,22,0.92,4.4,247.0,8.6,199.0
2025,7,7,23,0.89,4.3,247.0,8.4,198.0
2025,7,8,0,0.95,4.2,247.0,8.9,197.0
2025,7,8,1,0.94,4.2,247.0,8.9,198.0
2025,7,8,2,0.93,4.3,247.0,9.3,189.0
2025,7,8,3,0.84,4.5,258.0,9.6,191.0
2025,7,8,4,0.8,4.2,258.0,10.0,192.0
2025,7,8,5,0.78,4.1,247.0,9.6,195.0
2025,7,8,6,0.9,4.3,270.0,7.9,191.0
2025,7,8,7,0.82,4.3,258.0,8.2,178.0
2025,7,8,8,0.83,4.3,258.0,7.8,169.0
2025,7,8,9,1.05,4.1,258.0,6.3,216.0
2025,7,8,10,0.83,4.1,270.0,10.9,161.0
2025,7,8,11,0.77,4.1,258.0,8.8,156.0
2025,7,8,12,0.89,4.1,270.0,10.9,161.0
2025,7,8,13,0.86,4.4,258.0,9.5,159.0
2025,7,8,14,0.78,4.9,270.0,8.0,156.0
2025,7,8,15,0.77,5.1,270.0,9.6,155.0
2025,7,8,16,0.86,4.9,270.0,8.1,174.0
2025,7,8,17,0.7,4.4,270.0,9.1,182.0
2025,7,8,18,0.73,4.6,270.0,8.5,192.0
2025,7,8,19,0.77,4.3,258.0,10.3,191.0
2025,7,8,20,0.83,4.2,258.0,9.2,194.0
2025,7,8,21,0.81,4.3,270.0,9.1,193.0
2025,7,8,22,0.79,4.0,258.0,9.2,194.0
2025,7,8,23,0.83,4.2,258.0,9.1,183.0
2025,7,9,0,0.87,4.1,247.0,9.7,187.0
2025,7,9,1,0.91,4.1,247.0,9.1,187.0
2025,7,9,2,0.98,4.5,270.0,8.4,173.0
2025,7,9,3,1.0,5.1,258.0,4.6,87.0
2025,7,9,4,1.28,5.0,292.0,6.8,140.0
2025,7,9,5,1.19,4.4,270.0,10.6,176.0
2025,7,9,6,1.18,4.0,270.0,12.0,183.0
2025,7,9,7,1.2,4.4,270.0,7.4,163.0
2025,7,9,8,1.18,4.4,247.0,10.2,192.0
2025,7,9,9,1.27,4.3,258.0,9.2,153.0
2025,7,9,10,0.94,4.3,258.0,10.1,153.0
2025,7,9,11,0.99,4.2,247.0,11.0,149.0
2025,7,9,12,0.92,4.4,258.0,10.1,155.0
2025,7,9,13,0.85,4.8,258.0,10.7,150.0
2025,7,9,14,0.83,5.7,270.0,10.3,143.0
2025,7,9,15,0.77,5.7,270.0,11.7,154.0
2025,7,9,16,0.92,5.8,258.0,11.5,155.0
2025,7,9,17,1.01,5.4,258.0,9.1,148.0
2025,7,9,18,0.98,5.1,270.0,7.9,54.0
2025,7,9,19,1.67,5.2,270.0,9.5,86.0
2025,7,9,20,1.23,4.8,45.0,8.4,73.0
2025,7,9,21,1.02,4.9,247.0,4.4,97.0
2025,7,9,22,0.92,5.1,247.0,4.2,114.0
2025,7,9,23,0.82,5.3,236.0,5.7,155.0
2025,7,10,0,0.89,5.1,236.0,4.4,142.0
2025,7,10,1,0.71,4.8,247.0,3.5,154.0
2025,7,10,2,0.71,5.1,258.0,2.3,35.0
2025,7,10,3,0.67,5.4,247.0,4.4,62.0
2025,7,10,4,0.53,4.8,247.0,3.0,92.0
2025,7,10,5,0.52,4.9,247.0,1.7,124.0
2025,7,10,6,0.55,5.1,67.0,2.8,110.0
2025,7,10,7,0.55,4.9,258.0,2.2,144.0
2025,7,10,8,0.62,5.0,270.0,3.7,131.0
2025,7,10,9,0.63,5.1,247.0,5.4,151.0
2025,7,10,10,0.6,5.2,78.0,5.4,151.0
2025,7,10,11,0.61,4.8,348.0,5.8,150.0
2025,7,10,12,0.63,5.1,247.0,3.7,151.0
2025,7,10,13,0.57,5.0,247.0,3.2,159.0
2025,7,10,14,0.49,5.0,67.0,5.3,165.0
2025,7,10,15,0.48,4.8,236.0,2.3,138.0
2025,7,10,17,0.47,4.8,258.0,4.3,78.0
2025,7,10,18,0.45,4.8,56.0,5.3,54.0
2025,7,10,19,0.5,4.8,281.0,4.7,55.0
2025,7,10,20,0.51,4.7,258.0,4.7,42.0
2025,7,10,21,0.62,4.9,0.0,3.5,14.0
2025,7,10,22,0.71,5.2,270.0,3.4,49.0
2025,7,10,23,0.74,5.0,22.0,2.8,80.0
2025,7,11,0,0.71,5.2,22.0,1.5,124.0
2025,7,11,1,0.69,5.2,33.0,1.7,148.0
2025,7,11,2,0.61,5.4,22.0,2.0,145.0
2025,7,11,3,0.58,5.4,33.0,2.4,152.0
2025,7,11,4,0.55,5.4,67.0,5.4,165.0
2025,7,11,5,0.53,5.3,247.0,4.2,131.0
2025,7,11,6,0.54,5.5,258.0,3.1,149.0
2025,7,11,7,0.56,5.5,45.0,6.7,186.0
2025,7,11,8,0.55,5.6,45.0,2.9,123.0
2025,7,11,9,0.59,5.4,33.0,1.7,40.0
2025,7,11,10,0.65,5.4,11.0,2.4,357.0
2025,7,11,11,0.67,5.4,33.0,3.4,43.0
2025,7,11,12,0.69,5.6,33.0,5.9,60.0
2025,7,11,13,0.77,5.4,0.0,5.4,42.0
2025,7,11,14,0.64,5.4,258.0,2.5,47.0
2025,7,11,15,0.64,5.3,258.0,6.5,235.0
2025,7,11,16,0.66,5.3,270.0,1.9,274.0
2025,7,11,17,0.67,4.9,258.0,1.8,82.0
2025,7,11,18,0.68,5.2,22.0,4.0,76.0
2025,7,11,19,0.75,5.5,45.0,2.2,67.0
2025,7,11,20,0.79,5.2,22.0,1.9,111.0
2025,7,11,22,0.67,4.8,11.0,1.9,162.0
2025,7,11,23,0.7,5.1,348.0,2.4,168.0
2025,7,12,0,0.84,5.5,292.0,3.2,167.0
2025,7,12,1,0.73,5.4,45.0,3.8,169.0
2025,7,12,2,0.64,5.3,236.0,3.2,167.0
2025,7,12,3,0.69,5.4,45.0,4.0,164.0
2025,7,12,4,0.7,5.0,22.0,4.0,175.0
2025,7,12,5,0.75,5.3,281.0,4.4,198.0
2025,7,12,6,0.69,4.9,67.0,3.9,202.0
2025,7,12,7,0.85,5.2,281.0,2.4,142.0
2025,7,12,8,0.83,5.1,22.0,3.2,187.0
2025,7,12,9,0.94,4.9,348.0,4.3,209.0
2025,7,12,10,0.91,4.8,0.0,5.4,224.0
2025,7,12,11,0.85,5.0,22.0,7.5,239.0
2025,7,12,12,0.74,4.3,22.0,7.6,245.0
2025,7,12,13,0.84,4.8,11.0,8.2,243.0
2025,7,12,14,0.82,4.5,22.0,7.8,241.0
2025,7,12,15,0.79,4.2,22.0,8.0,237.0
2025,7,12,16,0.83,4.3,292.0,8.3,237.0
2025,7,12,17,0.87,4.2,247.0,8.0,238.0
2025,7,12,18,0.86,4.6,22.0,6.4,233.0
2025,7,12,19,0.93,4.6,33.0,6.4,241.0
2025,7,12,20,0.89,4.9,22.0,5.5,242.0
2025,7,12,21,0.87,4.3,33.0,4.3,234.0
2025,7,12,22,0.82,5.0,33.0,4.7,221.0
2025,7,12,23,0.78,5.3,0.0,4.5,208.0
2025,7,13,0,0.8,5.7,11.0,3.8,193.0
2025,7,13,1,0.87,6.2,11.0,4.4,187.0
2025,7,13,2,0.69,5.8,33.0,4.2,203.0
2025,7,13,3,0.66,5.8,281.0,4.8,196.0
2025,7,13,4,0.65,6.0,337.0,4.9,190.0
2025,7,13,5,0.68,6.2,337.0,5.1,180.0
2025,7,13,6,0.59,5.7,11.0,5.0,182.0
2025,7,13,7,0.47,5.1,270.0,5.5,192.0
2025,7,13,8,0.46,4.7,258.0,6.0,208.0
2025,7,13,9,0.59,5.1,270.0,6.2,220.0
2025,7,13,10,0.51,5.1,11.0,6.0,226.0
2025,7,13,11,0.54,5.0,45.0,7.3,236.0
2025,7,13,12,0.55,4.5,33.0,7.0,237.0
2025,7,13,13,0.63,4.7,45.0,7.0,239.0
2025,7,13,14,0.55,4.4,258.0,6.4,234.0
2025,7,13,15,0.53,4.3,258.0,6.7,227.0
2025,7,13,16,0.41,4.1,270.0,5.7,223.0
2025,7,13,17,0.46,4.1,258.0,6.2,230.0
2025,7,13,18,0.43,4.2,225.0,6.0,229.0
2025,7,13,19,0.43,4.4,258.0,5.6,222.0
2025,7,13,20,0.46,4.3,258.0,6.5,233.0
2025,7,13,21,0.49,3.6,247.0,7.3,220.0
2025,7,13,22,0.54,3.6,236.0,6.9,211.0
2025,7,13,23,0.49,3.7,270.0,7.3,214.0
2025,7,14,0,0.46,3.6,258.0,6.3,191.0
2025,7,14,1,0.47,4.0,270.0,6.4,209.0
2025,7,14,2,0.43,3.9,258.0,6.1,222.0
2025,7,14,3,0.44,4.1,270.0,4.8,196.0
2025,7,14,4,0.44,4.1,270.0,4.4,193.0
2025,7,14,5,0.42,3.9,281.0,4.1,177.0
2025,7,14,6,0.47,4.1,292.0,5.6,172.0
2025,7,14,7,0.47,4.0,281.0,6.0,177.0
2025,7,14,8,0.45,3.9,292.0,5.8,196.0
2025,7,14,9,0.44,4.1,270.0,6.3,202.0
2025,7,14,10,0.44,4.0,281.0,6.6,210.0
2025,7,14,11,0.54,4.4,22.0,6.6,220.0
2025,7,14,12,0.46,4.2,236.0,6.9,229.0
2025,7,14,13,0.49,4.7,247.0,8.1,231.0
2025,7,14,14,0.49,4.1,45.0,7.8,239.0
2025,7,14,15,0.59,3.4,247.0,7.8,237.0
2025,7,14,16,0.53,3.5,236.0,7.8,234.0
2025,7,14,17,0.54,3.6,247.0,8.2,231.0
2025,7,14,18,0.61,3.8,236.0,7.0,223.0
2025,7,14,19,0.66,3.6,236.0,7.0,220.0
2025,7,14,20,0.59,3.7,270.0,7.3,220.0
2025,7,14,21,0.6,3.5,247.0,6.9,217.0
2025,7,14,22,0.67,3.6,236.0,6.6,209.0
2025,7,14,23,0.56,3.7,247.0,5.8,191.0
2025,7,15,0,0.57,4.0,258.0,6.0,204.0
2025,7,15,1,0.56,3.8,270.0,5.6,192.0
2025,7,15,2,0.48,3.9,270.0,6.5,196.0
2025,7,15,3,0.47,4.2,56.0,6.8,199.0
2025,7,15,4,0.46,4.3,56.0,5.8,186.0
2025,7,15,5,0.49,3.9,292.0,7.2,160.0
2025,7,15,6,0.48,4.2,11.0,7.1,159.0
2025,7,15,7,0.58,4.1,258.0,7.0,169.0
2025,7,15,8,0.58,4.1,281.0,7.8,157.0
2025,7,15,9,0.54,3.9,258.0,6.4,169.0
2025,7,15,10,0.52,3.8,258.0,5.9,174.0
2025,7,15,11,0.6,4.0,258.0,6.4,194.0
2025,7,15,12,0.55,3.8,258.0,6.8,191.0
2025,7,15,13,0.51,4.0,258.0,6.2,207.0
2025,7,15,14,0.52,4.0,281.0,6.1,213.0
2025,7,15,15,0.4,3.8,270.0,6.3,217.0
2025,7,15,16,0.44,4.0,270.0,6.8,225.0
2025,7,15,17,0.5,3.4,247.0,7.5,226.0
2025,7,15,18,0.57,3.5,270.0,7.4,218.0
2025,7,15,19,0.66,3.7,247.0,7.5,216.0
2025,7,15,20,0.59,3.5,270.0,7.3,215.0
2025,7,15,21,0.61,3.5,270.0,6.0,213.0
2025,7,15,22,0.5,3.7,258.0,6.1,198.0
2025,7,15,23,0.69,3.6,247.0,6.2,190.0
2025,7,16,0,0.57,3.7,258.0,6.0,192.0
2025,7,16,1,0.51,3.8,270.0,6.5,192.0
2025,7,16,2,0.5,3.9,281.0,6.2,193.0
2025,7,16,3,0.49,4.0,270.0,6.1,188.0
2025,7,16,4,0.49,4.0,270.0,6.3,193.0
2025,7,16,5,0.44,4.0,270.0,6.5,195.0
2025,7,16,6,0.47,4.3,258.0,5.7,178.0
2025,7,16,7,0.45,4.4,270.0,5.2,193.0
2025,7,16,8,0.51,4.2,270.0,6.4,198.0
2025,7,16,9,0.5,4.0,270.0,6.5,194.0
2025,7,16,10,0.5,3.9,281.0,6.8,207.0
2025,7,16,11,0.48,3.8,270.0,6.4,218.0
2025,7,16,12,0.51,3.5,258.0,7.4,229.0
2025,7,16,13,0.5,3.5,258.0,7.5,227.0
2025,7,16,14,0.49,3.7,258.0,6.8,226.0
2025,7,16,15,0.57,3.9,247.0,7.7,228.0
2025,7,16,16,0.51,3.3,258.0,7.2,221.0
2025,7,16,17,0.58,3.7,236.0,6.2,223.0
2025,7,16,18,0.53,3.8,236.0,6.1,211.0
2025,7,16,19,0.54,3.8,258.0,4.7,193.0
2025,7,16,20,0.45,3.9,258.0,4.9,200.0
2025,7,16,21,0.38,3.8,270.0,4.6,197.0
2025,7,16,22,0.43,3.8,258.0,4.8,201.0
2025,7,16,23,0.41,3.8,270.0,5.7,209.0
2025,7,17,0,0.5,3.5,247.0,5.8,219.0
2025,7,17,1,0.46,3.7,270.0,4.9,195.0
2025,7,17,2,0.43,3.9,270.0,4.1,198.0
2025,7,17,3,0.45,3.9,270.0,3.7,164.0
2025,7,17,4,0.44,4.1,270.0,2.9,149.0
2025,7,17,5,0.41,4.2,270.0,5.2,161.0
2025,7,17,6,0.44,4.4,270.0,4.3,162.0
2025,7,17,7,0.4,4.3,270.0,3.0,177.0
2025,7,17,8,0.49,4.5,270.0,4.0,205.0
2025,7,17,10,0.38,4.2,281.0,4.8,245.0
2025,7,17,11,0.41,4.3,258.0,4.9,261.0
2025,7,17,12,0.37,4.0,270.0,5.8,270.0
2025,7,17,13,0.35,3.9,247.0,6.3,260.0
2025,7,17,14,0.38,3.9,281.0,6.2,260.0
2025,7,17,15,0.35,3.9,258.0,4.6,261.0
2025,7,17,16,0.32,4.0,258.0,3.7,275.0
2025,7,17,17,0.32,4.3,258.0,2.6,264.0
2025,7,17,18,0.35,4.6,236.0,2.5,260.0
2025,7,17,19,0.31,4.1,258.0,1.6,302.0
2025,7,17,20,0.36,4.5,270.0,1.3,306.0
2025,7,17,21,0.32,4.1,270.0,1.3,295.0
2025,7,17,22,0.27,4.1,281.0,1.1,236.0
2025,7,17,23,0.27,4.1,270.0,2.2,191.0
2025,7,18,0,0.34,4.0,258.0,4.0,173.0
2025,7,18,1,0.32,4.1,281.0,2.4,110.0
2025,7,18,2,0.29,3.8,247.0,2.1,202.0
2025,7,18,3,0.35,4.2,236.0,2.6,224.0
2025,7,18,4,0.25,3.9,258.0,1.4,244.0
2025,7,18,5,0.23,4.1,258.0,1.6,185.0
2025,7,18,6,0.23,4.3,236.0,2.6,131.0
2025,7,18,7,0.23,4.2,303.0,2.0,72.0
2025,7,18,8,0.38,4.9,67.0,1.9,68.0
2025,7,18,9,0.23,4.4,247.0,2.7,38.0
2025,7,18,10,0.23,4.2,270.0,2.6,6.0
2025,7,18,11,0.24,4.0,247.0,3.0,341.0
2025,7,18,12,0.24,4.3,258.0,3.1,312.0
2025,7,18,13,0.31,4.1,225.0,4.5,315.0
2025,7,18,14,0.32,4.0,270.0,5.1,341.0
2025,7,18,15,0.37,3.4,22.0,6.0,334.0
2025,7,18,16,0.48,3.5,348.0,4.7,303.0
2025,7,18,20,1.62,5.7,0.0,5.8,208.0
2025,7,18,21,1.33,5.7,11.0,6.6,201.0
2025,7,18,22,0.99,5.4,11.0,6.4,194.0
2025,7,18,23,1.05,5.7,33.0,4.9,156.0
2025,7,19,0,0.99,5.6,22.0,5.0,142.0
2025,7,19,1,1.08,6.0,33.0,4.1,165.0
2025,7,19,2,1.07,5.8,33.0,1.7,144.0
2025,7,19,3,1.11,5.9,33.0,1.5,30.0
2025,7,19,4,1.13,5.8,11.0,2.1,4.0
2025,7,19,5,1.1,5.7,11.0,3.9,348.0
2025,7,19,6,1.08,5.7,22.0,2.6,329.0
2025,7,19,7,0.88,5.3,11.0,4.4,358.0
2025,7,19,8,0.81,5.3,11.0,3.4,52.0
2025,7,19,9,0.95,5.6,22.0,2.9,50.0
2025,7,19,10,1.11,5.9,0.0,2.0,30.0
2025,7,19,11,1.31,6.3,22.0,1.9,306.0
2025,7,19,12,1.45,6.7,11.0,5.4,240.0
2025,7,19,13,1.75,7.2,33.0,9.8,226.0
2025,7,19,14,1.43,6.6,33.0,8.2,227.0
2025,7,19,15,1.67,6.3,33.0,6.4,231.0
2025,7,19,16,1.87,6.6,33.0,5.5,243.0
2025,7,19,17,1.26,5.6,22.0,5.0,251.0
2025,7,19,18,1.27,5.5,22.0,4.4,256.0
2025,7,19,19,1.09,5.3,337.0,2.4,257.0
2025,7,19,20,1.06,5.2,11.0,2.7,217.0
2025,7,19,21,1.2,5.8,0.0,4.9,207.0
2025,7,19,22,0.91,5.8,11.0,4.4,202.0
2025,7,19,23,1.01,5.9,45.0,5.3,199.0
2025,7,20,0,0.93,5.7,45.0,3.4,155.0
2025,7,20,3,1.39,6.8,33.0,3.0,51.0
2025,7,20,4,1.22,6.0,22.0,3.7,65.0
2025,7,20,5,1.46,6.1,0.0,4.2,49.0
2025,7,20,6,1.35,6.3,258.0,4.1,57.0
2025,7,20,7,1.07,5.8,258.0,1.7,62.0
2025,7,20,8,1.09,5.8,270.0,1.8,94.0
2025,7,20,9,1.0,5.8,22.0,3.1,204.0
2025,7,20,10,0.9,5.8,56.0,3.9,213.0
2025,7,20,11,0.92,6.0,11.0,3.4,227.0
2025,7,20,12,0.9,6.0,22.0,5.0,232.0
2025,7,20,13,0.79,5.7,11.0,5.0,236.0
2025,7,20,14,0.88,5.9,33.0,5.3,232.0
2025,7,20,15,0.78,5.4,258.0,4.5,220.0
2025,7,20,16,0.84,5.5,247.0,2.6,247.0
2025,7,20,17,0.88,5.5,270.0,2.5,255.0
2025,7,20,18,1.1,5.9,22.0,2.3,278.0
2025,7,20,19,1.0,5.9,11.0,1.6,55.0
2025,7,20,20,1.02,5.8,33.0,4.1,130.0
2025,7,20,21,0.92,6.0,22.0,3.5,144.0
2025,7,20,22,0.9,5.9,22.0,2.9,113.0
2025,7,20,23,0.8,6.0,258.0,3.6,122.0
2025,7,21,0,0.84,5.9,281.0,3.6,169.0
2025,7,21,1,0.69,5.7,292.0,3.6,158.0
2025,7,21,2,0.78,5.8,292.0,2.8,177.0
2025,7,21,3,0.85,6.0,247.0,2.8,129.0
2025,7,21,4,0.97,6.2,247.0,2.0,124.0
2025,7,21,6,1.01,5.4,247.0,1.1,182.0
2025,7,21,7,1.01,5.2,258.0,2.1,131.0
2025,7,21,8,0.9,5.0,258.0,2.3,61.0
2025,7,21,9,1.01,5.7,258.0,3.8,63.0
2025,7,21,10,0.89,5.3,281.0,2.5,47.0
2025,7,21,11,0.94,5.8,247.0,1.7,39.0
2025,7,21,14,0.83,5.1,258.0,4.3,347.0
2025,7,21,15,0.98,4.9,247.0,4.1,349.0
2025,7,21,16,1.02,5.0,247.0,1.3,97.0
2025,7,21,17,1.28,5.1,247.0,2.4,52.0
2025,7,21,18,1.07,5.3,247.0,4.2,30.0
2025,7,21,19,1.26,5.0,11.0,6.1,60.0
2025,7,21,20,1.05,5.0,258.0,4.6,62.0
2025,7,21,21,1.04,5.2,11.0,5.6,44.0
2025,7,21,22,0.86,4.9,33.0,4.1,40.0
2025,7,21,23,0.88,5.1,0.0,1.6,28.0
2025,7,22,1,0.74,5.1,11.0,2.4,350.0
2025,7,22,2,0.73,5.4,258.0,2.1,140.0
2025,7,22,3,0.74,5.3,270.0,2.3,158.0
2025,7,22,4,0.61,4.9,258.0,3.0,178.0
2025,7,22,5,0.65,4.7,247.0,3.0,158.0
2025,7,22,6,0.79,5.5,258.0,3.1,157.0
2025,7,22,7,0.68,5.2,303.0,3.3,162.0
2025,7,22,8,0.71,5.0,236.0,2.0,169.0
2025,7,22,9,0.72,5.4,258.0,1.7,165.0
2025,7,22,12,0.64,5.3,281.0,1.1,223.0
2025,7,22,13,0.63,5.3,11.0,1.7,287.0
2025,7,22,14,0.62,5.3,270.0,2.1,301.0
2025,7,22,15,0.67,5.8,270.0,1.9,322.0
2025,7,22,16,0.65,5.5,292.0,2.2,347.0
2025,7,22,17,0.59,5.2,337.0,2.3,347.0
2025,7,22,18,0.58,5.1,67.0,2.5,1.0
2025,7,22,19,0.67,5.2,258.0,2.3,16.0
2025,7,22,20,0.76,5.5,11.0,1.2,10.0
2025,7,22,21,0.86,5.7,11.0,1.4,9.0
2025,7,22,22,0.9,5.6,11.0,1.3,15.0
2025,7,23,2,0.81,5.3,45.0,2.9,156.0
2025,7,23,3,0.86,5.4,33.0,3.3,163.0
2025,7,23,4,0.92,5.5,56.0,2.4,160.0
2025,7,23,7,1.11,5.8,22.0,2.9,18.0
2025,7,23,8,1.24,5.8,22.0,2.6,50.0
2025,7,23,9,1.31,6.0,33.0,1.6,45.0
2025,7,23,10,1.07,5.5,0.0,1.6,273.0
2025,7,23,11,1.03,5.6,11.0,2.9,283.0
2025,7,23,13,1.08,5.6,11.0,1.6,273.0
2025,7,23,15,1.22,5.8,11.0,2.6,280.0
2025,7,23,16,1.52,6.6,22.0,3.8,300.0
2025,7,23,17,1.59,6.1,22.0,3.8,10.0
2025,7,23,18,1.93,6.4,22.0,6.2,20.0
2025,7,23,19,2.12,6.6,11.0,6.4,27.0
2025,7,23,20,2.22,6.2,22.0,5.5,34.0
2025,7,23,22,1.97,6.1,11.0,4.5,46.0
2025,7,23,23,1.88,5.9,11.0,2.9,78.0
2025,7,24,0,1.81,5.8,22.0,3.8,146.0
2025,7,24,1,1.59,5.7,22.0,4.1,177.0
2025,7,24,2,1.27,5.6,22.0,5.1,191.0
2025,7,24,3,1.45,6.0,11.0,3.0,163.0
2025,7,24,4,1.25,5.7,56.0,1.2,154.0
2025,7,24,6,1.27,5.7,22.0,2.9,347.0
2025,7,24,7,1.2,5.4,22.0,4.0,42.0
2025,7,24,8,1.41,5.5,22.0,4.0,30.0
2025,7,24,9,1.5,5.6,11.0,8.4,40.0
2025,7,24,11,2.03,6.2,11.0,12.2,17.0
2025,7,24,13,2.61,5.9,11.0,12.9,28.0
2025,7,24,17,2.95,6.1,11.0,14.8,22.0
2025,7,24,19,2.72,6.1,11.0,15.2,29.0
2025,7,24,20,2.63,5.9,22.0,14.1,31.0
2025,7,25,0,1.97,5.6,22.0,10.4,43.0
2025,7,25,1,1.74,5.2,22.0,9.9,48.0
2025,7,25,2,1.74,5.3,22.0,9.0,46.0
2025,7,25,6,1.19,4.9,11.0,8.8,27.0
2025,7,25,7,1.27,4.9,0.0,8.0,37.0
2025,7,25,8,1.22,5.1,11.0,8.1,28.0
2025,7,25,9,1.29,5.2,11.0,8.8,23.0
2025,7,25,10,1.42,5.1,11.0,9.7,21.0
2025,7,25,11,1.37,5.2,11.0,7.9,23.0
2025,7,25,12,1.52,5.2,11.0,8.0,23.0
2025,7,25,13,1.6,5.4,22.0,10.1,19.0
2025,7,25,14,1.58,5.0,11.0,10.4,22.0
2025,7,25,15,1.61,4.9,11.0,10.2,31.0
2025,7,25,16,1.28,4.7,22.0,8.6,42.0
2025,7,25,17,1.11,5.1,22.0,6.3,54.0
2025,7,25,18,1.2,5.4,11.0,8.5,40.0
2025,7,25,19,1.13,5.1,0.0,7.2,43.0
2025,7,25,20,1.05,5.2,0.0,8.5,24.0
2025,7,25,21,1.2,5.5,11.0,7.4,14.0
2025,7,25,22,1.5,5.7,11.0,6.2,30.0
2025,7,25,23,1.41,5.6,22.0,5.8,5.0
2025,7,26,0,1.36,5.6,22.0,5.0,30.0
2025,7,26,1,1.4,5.8,22.0,1.9,59.0
2025,7,26,3,1.28,6.3,22.0,1.4,189.0
2025,7,26,4,1.11,6.4,22.0,4.0,230.0
2025,7,26,5,1.17,6.5,33.0,6.1,197.0
2025,7,26,6,0.9,6.2,33.0,5.6,181.0
2025,7,26,7,0.89,6.0,22.0,7.6,172.0
2025,7,26,8,0.84,5.4,22.0,8.0,174.0
2025,7,26,9,0.92,4.6,22.0,8.8,175.0
2025,7,26,10,1.05,4.5,292.0,8.1,176.0
2025,7,26,11,0.96,4.5,281.0,8.1,174.0
2025,7,26,12,0.76,4.5,303.0,7.5,185.0
2025,7,26,13,0.86,4.9,270.0,8.9,193.0
2025,7,26,14,0.74,4.2,281.0,9.2,194.0
2025,7,26,15,0.72,4.0,270.0,10.2,190.0
2025,7,26,16,0.67,4.1,258.0,7.6,195.0
2025,7,26,17,0.74,4.0,258.0,6.9,195.0
2025,7,26,18,0.62,4.0,247.0,6.6,201.0
2025,7,26,19,0.64,4.2,247.0,6.5,202.0
2025,7,26,20,0.69,3.9,247.0,7.4,211.0
2025,7,26,21,0.72,4.0,247.0,7.3,206.0
2025,7,26,22,0.69,3.7,225.0,9.2,212.0
2025,7,26,23,0.67,3.8,258.0,8.9,216.0
2025,7,27,0,0.82,4.1,247.0,8.3,206.0
2025,7,27,1,0.9,4.1,236.0,9.5,209.0
2025,7,27,2,0.77,4.0,236.0,7.8,199.0
2025,7,27,3,0.72,4.0,247.0,7.5,197.0
2025,7,27,4,0.65,4.3,258.0,7.9,190.0
2025,7,27,5,0.66,4.0,247.0,8.5,181.0
2025,7,27,6,0.75,4.1,258.0,9.0,188.0
2025,7,27,7,0.7,4.0,258.0,8.9,188.0
2025,7,27,8,0.72,4.0,258.0,7.8,186.0
2025,7,27,9,0.87,4.1,236.0,8.6,183.0
2025,7,27,10,1.03,4.3,236.0,9.5,212.0
2025,7,27,11,1.01,4.0,236.0,9.6,217.0
2025,7,27,12,0.96,3.8,236.0,10.1,213.0
2025,7,27,13,1.01,4.1,247.0,9.5,216.0
2025,7,27,14,0.9,4.0,247.0,9.2,219.0
2025,7,27,15,0.98,4.4,247.0,8.5,214.0
2025,7,27,16,0.79,4.1,258.0,8.0,215.0
2025,7,27,17,0.78,4.4,270.0,8.4,221.0
2025,7,27,18,0.82,4.1,258.0,7.5,223.0
2025,7,27,19,0.85,4.2,258.0,7.9,217.0
2025,7,27,20,0.89,4.3,281.0,9.1,216.0
2025,7,27,21,0.94,4.1,247.0,8.4,210.0
2025,7,27,22,1.06,4.1,270.0,7.6,198.0
2025,7,27,23,0.81,4.0,258.0,9.6,182.0
2025,7,28,0,0.79,4.1,247.0,4.0,175.0
2025,7,28,2,0.82,4.3,258.0,6.2,173.0
2025,7,28,3,0.85,4.5,247.0,6.7,149.0
2025,7,28,4,0.77,4.8,258.0,7.5,159.0
2025,7,28,5,0.7,4.8,270.0,6.8,184.0
2025,7,28,6,0.76,4.9,258.0,7.3,175.0
2025,7,28,7,0.7,4.5,270.0,6.5,176.0
2025,7,28,8,0.68,4.7,270.0,5.3,178.0
2025,7,28,9,0.68,4.6,270.0,7.0,187.0
2025,7,28,10,0.58,4.3,258.0,6.8,194.0
2025,7,28,11,0.57,4.4,258.0,5.6,218.0
2025,7,28,12,0.6,4.5,270.0,6.6,216.0
2025,7,28,13,0.6,4.8,33.0,6.9,211.0
2025,7,28,14,0.59,4.8,258.0,6.3,219.0
2025,7,28,15,0.65,4.4,247.0,8.7,251.0
2025,7,28,16,0.71,4.0,292.0,8.9,223.0
2025,7,28,17,0.86,3.8,236.0,9.2,191.0
2025,7,28,18,0.78,4.2,247.0,6.6,191.0
2025,7,28,19,0.68,4.3,247.0,5.6,177.0
2025,7,28,20,0.71,4.3,236.0,5.0,191.0
2025,7,28,21,0.63,4.2,270.0,3.4,179.0
2025,7,28,22,0.72,4.3,258.0,3.3,169.0
2025,7,28,23,0.62,4.3,236.0,2.6,169.0
2025,7,29,0,0.66,5.2,258.0,4.3,179.0
2025,7,29,1,0.55,4.7,258.0,5.1,195.0
2025,7,29,2,0.59,5.5,281.0,6.3,200.0
2025,7,29,3,0.5,5.2,258.0,7.3,195.0
2025,7,29,4,0.53,4.9,78.0,5.0,180.0
2025,7,29,5,0.53,5.2,258.0,5.5,176.0
2025,7,29,6,0.56,5.3,0.0,5.2,166.0
2025,7,29,7,0.5,4.8,270.0,4.9,185.0
2025,7,29,8,0.54,5.3,11.0,5.1,189.0
2025,7,29,9,0.6,5.3,326.0,4.4,210.0
2025,7,29,10,0.65,5.0,0.0,5.3,232.0
2025,7,29,11,0.69,5.3,0.0,5.3,225.0
2025,7,29,12,0.65,4.6,22.0,5.5,237.0
2025,7,29,13,0.67,4.9,270.0,6.1,238.0
2025,7,29,14,0.78,5.8,337.0,4.6,250.0
2025,7,29,15,0.8,5.6,11.0,5.9,255.0
2025,7,29,16,0.71,5.6,337.0,5.2,258.0
2025,7,29,17,0.63,5.1,292.0,4.5,243.0
2025,7,29,18,0.74,5.3,315.0,5.6,248.0
2025,7,29,19,0.69,4.9,0.0,5.5,227.0
2025,7,29,20,0.72,4.7,337.0,5.5,211.0
2025,7,29,21,0.58,4.5,303.0,6.2,177.0
2025,7,29,22,0.6,4.6,0.0,7.1,196.0
2025,7,29,23,0.63,4.2,33.0,7.3,194.0
2025,7,30,0,0.8,4.5,292.0,6.5,182.0
2025,7,30,1,0.7,5.1,22.0,7.7,191.0
2025,7,30,2,0.85,5.6,315.0,8.6,179.0
2025,7,30,3,0.78,4.8,270.0,7.4,168.0
2025,7,30,4,0.81,4.8,258.0,6.1,200.0
2025,7,30,5,0.76,4.7,247.0,5.2,160.0
2025,7,30,6,0.82,4.6,247.0,4.8,162.0
2025,7,30,7,0.8,4.7,258.0,3.4,200.0
2025,7,30,8,0.8,4.5,258.0,5.0,157.0
2025,7,30,9,0.73,4.4,247.0,6.5,152.0
2025,7,30,10,0.77,4.6,270.0,7.1,154.0
2025,7,30,11,0.79,4.4,270.0,6.5,159.0
2025,7,30,12,0.83,4.6,270.0,6.2,159.0
2025,7,30,13,0.93,5.0,247.0,5.3,176.0
2025,7,30,14,0.96,5.3,270.0,5.7,160.0
2025,7,30,15,0.87,4.9,258.0,5.5,168.0
2025,7,30,16,0.76,4.7,270.0,5.7,154.0
2025,7,30,17,0.83,4.9,22.0,6.0,153.0
2025,7,30,18,0.76,4.8,0.0,6.2,146.0
2025,7,30,19,0.81,4.7,337.0,4.5,147.0
2025,7,30,20,0.77,4.4,270.0,7.6,194.0
2025,7,30,21,0.83,4.4,247.0,6.7,211.0
2025,7,30,23,0.75,4.2,258.0,7.8,206.0
2025,7,31,0,0.72,4.2,247.0,6.4,157.0
2025,7,31,1,0.85,4.3,270.0,7.4,139.0
2025,7,31,2,0.98,4.0,258.0,9.4,150.0
2025,7,31,3,0.94,4.7,270.0,8.2,134.0
2025,7,31,4,1.13,5.7,247.0,7.1,133.0
2025,7,31,5,0.99,5.0,225.0,7.7,131.0
2025,7,31,6,1.15,5.2,247.0,1.3,159.0
2025,7,31,11,1.13,5.0,258.0,6.0,145.0
2025,7,31,12,1.05,4.9,236.0,5.9,145.0
2025,7,31,14,0.92,4.7,247.0,7.5,149.0
2025,7,31,15,0.92,4.9,270.0,7.1,152.0
2025,7,31,16,0.78,5.3,281.0,7.7,142.0
2025,7,31,17,0.66,5.0,292.0,7.9,146.0
2025,7,31,18,0.73,5.0,247.0,9.5,146.0
2025,7,31,19,0.67,5.4,247.0,6.5,146.0
2025,7,31,20,0.62,5.0,258.0,5.6,156.0
2025,7,31,21,0.66,4.7,236.0,7.2,161.0
2025,7,31,22,0.78,4.7,247.0,7.4,140.0
2025,8,1,0,0.8,4.3,247.0,7.0,184.0
2025,8,1,1,0.91,4.5,258.0,5.9,175.0
2025,8,1,2,0.91,4.6,247.0,6.9,175.0
2025,8,1,3,0.86,4.5,247.0,5.8,170.0
2025,8,1,4,0.8,5.0,270.0,4.2,159.0
2025,8,1,5,0.69,4.9,270.0,6.6,161.0
2025,8,1,6,0.7,5.2,247.0,6.8,147.0
2025,8,1,7,0.66,4.9,258.0,7.6,147.0
2025,8,1,8,0.65,5.5,247.0,6.6,151.0
2025,8,1,9,0.63,5.0,258.0,5.2,148.0
2025,8,1,10,0.61,4.9,258.0,2.7,161.0
2025,8,1,11,0.57,4.7,270.0,5.9,203.0
2025,8,1,12,0.6,4.6,258.0,6.1,211.0
2025,8,1,13,0.68,4.8,270.0,7.4,207.0
2025,8,1,14,0.59,4.7,258.0,6.8,214.0
2025,8,1,15,0.78,4.6,258.0,8.5,210.0
2025,8,1,16,0.83,4.6,258.0,9.3,215.0
2025,8,1,17,0.77,4.2,270.0,7.7,197.0
2025,8,1,18,0.7,4.3,270.0,7.4,195.0
2025,8,1,19,0.7,4.5,258.0,7.0,187.0
2025,8,1,20,0.65,3.9,270.0,8.3,187.0
2025,8,1,21,0.73,4.2,270.0,8.7,192.0
2025,8,1,22,0.64,4.1,247.0,8.4,186.0
2025,8,1,23,0.65,4.0,247.0,9.1,186.0
2025,8,2,0,0.67,4.1,270.0,8.3,191.0
2025,8,2,1,0.6,4.3,247.0,8.4,188.0
2025,8,2,2,0.64,4.5,247.0,6.8,176.0
2025,8,2,3,0.63,4.6,258.0,5.9,172.0
2025,8,2,4,0.6,4.5,258.0,6.3,182.0
2025,8,2,5,0.66,5.0,258.0,6.0,189.0
2025,8,2,6,0.66,4.9,270.0,6.3,189.0
2025,8,2,7,0.6,5.0,270.0,9.0,187.0
2025,8,2,8,0.63,4.9,258.0,7.6,174.0
2025,8,2,9,0.64,3.8,236.0,9.4,187.0
2025,8,2,10,0.67,4.0,247.0,8.6,186.0
2025,8,2,11,0.55,4.1,281.0,9.4,185.0
2025,8,2,12,0.62,4.3,258.0,10.3,190.0
2025,8,2,13,0.62,4.3,270.0,8.5,182.0
2025,8,2,14,0.51,4.2,281.0,8.5,179.0
2025,8,2,15,0.56,4.4,258.0,9.5,168.0
2025,8,2,16,0.64,4.2,258.0,10.0,170.0
2025,8,2,17,0.63,4.5,270.0,8.2,171.0
2025,8,2,18,0.65,4.5,270.0,7.7,165.0
2025,8,2,19,0.72,4.8,270.0,8.3,161.0
2025,8,2,20,0.7,5.0,270.0,7.8,161.0
2025,8,2,21,0.69,4.7,270.0,7.0,186.0
2025,8,2,22,0.72,4.5,270.0,6.5,179.0
2025,8,2,23,0.71,4.7,258.0,7.3,165.0
2025,8,3,0,0.74,4.6,270.0,7.9,163.0
2025,8,3,1,0.63,4.9,270.0,7.3,176.0
2025,8,3,2,0.65,4.9,270.0,7.1,179.0
2025,8,3,3,0.68,4.6,281.0,8.4,202.0
2025,8,3,4,0.83,4.8,281.0,8.2,175.0
2025,8,3,5,0.75,4.8,281.0,6.8,162.0
2025,8,3,6,0.75,4.8,270.0,7.4,157.0
2025,8,3,7,0.71,5.1,270.0,7.3,144.0
2025,8,3,8,0.82,5.2,281.0,3.9,119.0
2025,8,3,9,0.81,5.3,270.0,5.0,147.0
2025,8,3,10,0.96,5.1,270.0,7.3,150.0
2025,8,3,11,0.83,4.7,270.0,9.2,151.0
2025,8,3,12,0.7,5.0,258.0,7.9,148.0
2025,8,3,13,0.69,5.2,270.0,8.0,152.0
2025,8,3,14,0.6,4.8,270.0,7.3,147.0
2025,8,3,15,0.63,4.5,258.0,6.2,214.0
2025,8,3,16,0.73,4.4,292.0,8.1,160.0
2025,8,3,17,0.71,4.3,270.0,9.2,160.0
2025,8,3,18,0.73,4.2,270.0,9.8,149.0
2025,8,3,19,0.77,5.1,270.0,6.4,173.0
2025,8,3,20,0.73,5.1,258.0,7.0,175.0
2025,8,3,21,0.81,4.8,270.0,9.5,207.0
2025,8,3,22,0.78,4.2,270.0,7.4,190.0
2025,8,3,23,0.75,4.3,270.0,6.8,167.0
2025,8,4,0,0.78,4.6,258.0,6.0,162.0
2025,8,4,1,0.64,4.4,247.0,6.4,166.0
2025,8,4,2,0.63,5.0,270.0,5.9,171.0
2025,8,4,3,0.59,4.4,258.0,5.9,162.0
2025,8,4,4,0.73,4.9,258.0,7.1,173.0
2025,8,4,5,0.78,4.9,258.0,8.8,195.0
2025,8,4,6,0.79,4.1,270.0,6.9,163.0
2025,8,4,7,0.77,4.7,247.0,6.0,150.0
2025,8,4,8,0.75,4.7,258.0,5.9,157.0
2025,8,4,9,0.64,4.8,270.0,6.5,168.0
2025,8,4,10,0.59,4.6,270.0,6.6,178.0
2025,8,4,11,0.52,4.4,270.0,6.2,194.0
2025,8,4,12,0.56,4.6,281.0,7.4,184.0
2025,8,4,13,0.59,4.6,236.0,8.0,186.0
2025,8,4,14,0.5,4.2,258.0,8.4,184.0
2025,8,4,16,0.57,3.8,270.0,8.0,196.0
2025,8,4,17,0.52,4.1,258.0,7.9,190.0
2025,8,4,18,0.53,4.2,258.0,8.1,195.0
2025,8,4,19,0.49,4.1,270.0,7.6,186.0
2025,8,4,20,0.54,4.0,270.0,7.8,179.0
2025,8,4,21,0.58,4.4,247.0,5.8,193.0
2025,8,4,22,0.51,4.8,258.0,5.3,184.0
2025,8,4,23,0.53,4.6,247.0,5.6,202.0
2025,8,5,0,0.56,5.0,236.0,6.0,174.0
2025,8,5,1,0.46,4.3,258.0,5.6,175.0
2025,8,5,2,0.48,4.5,270.0,5.5,178.0
2025,8,5,3,0.46,4.5,258.0,4.0,178.0
2025,8,5,4,0.55,4.8,270.0,5.3,201.0
2025,8,5,5,0.5,4.6,247.0,4.5,183.0
2025,8,5,6,0.61,5.1,258.0,4.9,181.0
2025,8,5,7,0.59,5.0,258.0,4.7,167.0
2025,8,5,8,0.62,4.6,270.0,5.2,184.0
2025,8,5,9,0.58,4.6,270.0,8.7,215.0
2025,8,5,10,0.74,3.9,270.0,8.9,207.0
2025,8,5,11,0.68,4.0,247.0,7.1,223.0
2025,8,5,12,0.74,4.4,258.0,6.5,224.0
2025,8,5,13,0.66,3.9,258.0,6.9,224.0
2025,8,5,14,0.62,4.0,270.0,5.4,213.0
2025,8,5,16,0.63,3.9,258.0,6.4,212.0
2025,8,5,17,0.56,3.6,258.0,8.7,216.0
2025,8,5,18,0.65,3.8,270.0,8.1,210.0
2025,8,5,19,0.67,4.1,258.0,6.4,216.0
2025,8,5,20,0.75,4.0,247.0,6.6,203.0
2025,8,5,21,0.69,3.8,236.0,7.8,204.0
2025,8,5,22,0.68,4.3,247.0,7.7,192.0
2025,8,5,23,0.73,4.4,270.0,6.8,194.0
2025,8,6,0,0.68,4.4,258.0,7.1,195.0
2025,8,6,1,0.68,4.1,258.0,6.4,194.0
2025,8,6,2,0.66,4.2,258.0,6.9,194.0
2025,8,6,3,0.64,4.3,247.0,6.5,192.0
2025,8,6,4,0.61,4.6,270.0,5.8,198.0
2025,8,6,5,0.62,4.3,247.0,6.6,190.0
2025,8,6,6,0.61,4.5,258.0,5.8,185.0
2025,8,6,7,0.61,4.5,270.0,5.5,202.0
2025,8,6,8,0.6,4.9,258.0,4.7,205.0
2025,8,6,9,0.54,4.6,258.0,5.3,223.0
2025,8,6,10,0.48,4.3,303.0,5.1,217.0
2025,8,6,11,0.49,4.4,270.0,5.1,223.0
2025,8,6,12,0.45,4.4,281.0,5.6,241.0
2025,8,6,13,0.46,4.6,258.0,6.0,246.0
2025,8,6,14,0.46,4.5,281.0,6.0,247.0
2025,8,6,15,0.45,4.3,281.0,5.8,246.0
2025,8,6,16,0.44,4.2,281.0,6.2,254.0
2025,8,6,17,0.42,4.2,270.0,5.2,244.0
2025,8,6,18,0.5,4.8,258.0,5.0,223.0
2025,8,6,19,0.43,4.5,258.0,5.7,231.0
2025,8,6,20,0.44,4.3,258.0,4.1,194.0
2025,8,6,21,0.49,4.5,303.0,4.4,225.0
2025,8,6,22,0.4,4.4,292.0,4.2,214.0
2025,8,6,23,0.43,4.8,270.0,4.4,224.0
2025,8,7,0,0.42,5.2,270.0,3.0,158.0
2025,8,7,1,0.47,5.7,258.0,3.7,153.0
2025,8,7,2,0.44,5.1,270.0,3.8,226.0
2025,8,7,3,0.44,4.7,281.0,3.1,214.0
2025,8,7,4,0.4,5.0,258.0,5.5,149.0
2025,8,7,5,0.4,4.8,247.0,3.9,150.0
2025,8,7,6,0.44,5.1,258.0,3.2,164.0
2025,8,7,7,0.41,4.7,258.0,3.5,159.0
2025,8,7,8,0.52,5.0,270.0,3.5,164.0
2025,8,7,9,0.48,5.0,258.0,2.9,199.0
2025,8,7,10,0.47,5.1,270.0,3.0,207.0
2025,8,7,11,0.39,4.6,247.0,3.7,257.0
2025,8,7,12,0.4,4.7,258.0,3.0,249.0
2025,8,7,13,0.35,4.8,258.0,3.0,263.0
2025,8,7,14,0.29,4.6,270.0,4.2,274.0
2025,8,7,15,0.35,5.2,258.0,5.3,273.0
2025,8,7,16,0.34,4.9,258.0,4.9,266.0
2025,8,7,17,0.32,4.5,270.0,4.5,270.0
2025,8,7,18,0.38,5.2,270.0,5.0,269.0
2025,8,7,19,0.36,4.6,236.0,3.8,266.0
2025,8,7,20,0.37,4.5,247.0,2.2,240.0
2025,8,7,21,0.36,4.7,258.0,3.5,232.0
2025,8,7,22,0.35,5.0,258.0,2.9,222.0
2025,8,7,23,0.31,4.6,258.0,3.6,201.0
2025,8,8,0,0.34,5.1,281.0,2.2,187.0
2025,8,8,1,0.3,4.8,270.0,2.5,193.0
2025,8,8,2,0.3,4.6,270.0,2.2,221.0
2025,8,8,3,0.26,4.7,247.0,1.4,210.0
2025,8,8,5,0.28,4.7,247.0,1.7,164.0
2025,8,8,6,0.28,4.4,258.0,2.7,135.0
2025,8,8,7,0.26,4.3,247.0,3.5,144.0
2025,8,8,8,0.41,4.6,258.0,1.7,181.0
2025,8,8,9,0.29,4.5,247.0,3.5,245.0
2025,8,8,10,0.3,4.5,258.0,4.9,247.0
2025,8,8,11,0.27,4.7,258.0,5.5,264.0
2025,8,8,12,0.27,4.8,270.0,4.8,255.0
2025,8,8,13,0.26,4.5,270.0,4.6,250.0
2025,8,8,14,0.26,4.5,281.0,5.5,253.0
2025,8,8,15,0.33,4.5,11.0,4.8,256.0
2025,8,8,16,0.3,4.3,236.0,4.4,248.0
2025,8,8,17,0.36,4.5,33.0,4.0,227.0
2025,8,8,18,0.3,4.1,270.0,3.7,209.0
2025,8,8,20,0.34,3.9,270.0,3.6,191.0
2025,8,8,21,0.33,3.8,270.0,4.5,201.0
2025,8,8,22,0.3,4.0,281.0,4.3,189.0
2025,8,8,23,0.27,4.0,270.0,4.4,200.0
2025,8,9,0,0.31,4.3,326.0,4.0,197.0
2025,8,9,1,0.25,4.5,270.0,3.1,201.0
2025,8,9,2,0.28,4.9,258.0,3.2,207.0
2025,8,9,3,0.26,4.6,270.0,3.1,189.0
2025,8,9,4,0.23,4.4,303.0,3.2,190.0
2025,8,9,5,0.27,4.4,258.0,3.6,163.0
2025,8,9,6,0.24,4.0,303.0,3.0,152.0
2025,8,9,7,0.26,3.9,292.0,3.5,159.0
2025,8,9,8,0.35,4.4,56.0,2.7,166.0
2025,8,9,9,0.3,4.1,45.0,3.1,215.0
2025,8,9,10,0.29,4.2,258.0,3.4,228.0
2025,8,9,11,0.29,4.2,258.0,3.1,252.0
2025,8,9,12,0.26,4.2,258.0,3.2,267.0
2025,8,9,13,0.24,4.3,281.0,4.7,266.0
2025,8,9,14,0.23,4.2,258.0,5.5,260.0
2025,8,9,15,0.21,4.1,281.0,7.3,262.0
2025,8,9,16,0.27,4.1,303.0,5.5,271.0
2025,8,9,17,0.31,4.1,270.0,4.5,256.0
2025,8,9,18,0.42,3.9,225.0,3.5,249.0
2025,8,9,19,0.37,3.5,247.0,3.4,246.0
2025,8,9,20,0.43,3.7,247.0,3.4,233.0
2025,8,9,21,0.29,3.4,247.0,3.6,222.0
2025,8,9,22,0.35,3.5,258.0,4.4,212.0
2025,8,9,23,0.28,3.6,247.0,5.2,228.0
2025,8,10,0,0.27,3.6,11.0,3.7,200.0
2025,8,10,1,0.26,3.9,270.0,4.2,186.0
2025,8,10,2,0.21,3.9,247.0,4.7,200.0
2025,8,10,5,0.22,4.0,247.0,4.9,196.0
2025,8,10,6,0.25,4.4,225.0,4.1,176.0
2025,8,10,7,0.21,3.8,315.0,3.7,194.0
2025,8,10,8,0.3,4.1,22.0,5.3,208.0
2025,8,10,9,0.28,3.7,56.0,5.6,213.0
2025,8,10,10,0.27,3.4,281.0,5.5,222.0
2025,8,10,11,0.28,3.7,56.0,4.4,233.0
2025,8,10,12,0.27,3.7,258.0,4.8,255.0
2025,8,10,13,0.24,3.7,247.0,3.9,252.0
2025,8,10,14,0.24,3.9,33.0,5.6,264.0
2025,8,10,15,0.21,3.8,270.0,5.6,257.0
2025,8,10,17,0.29,3.9,315.0,3.9,263.0
2025,8,10,18,0.34,3.7,213.0,3.2,240.0
2025,8,10,19,0.31,3.5,247.0,6.1,217.0
2025,8,10,20,0.31,3.4,247.0,5.5,188.0
2025,8,10,21,0.35,3.3,236.0,5.3,174.0
2025,8,10,22,0.3,3.5,236.0,5.3,153.0
2025,8,10,23,0.3,3.6,247.0,5.1,167.0
2025,8,11,0,0.34,3.6,236.0,5.4,174.0
2025,8,11,1,0.31,3.7,258.0,5.0,186.0
2025,8,11,2,0.3,3.8,258.0,6.2,188.0
2025,8,11,3,0.26,3.9,258.0,6.2,194.0
2025,8,11,4,0.26,3.8,258.0,6.4,193.0
2025,8,11,5,0.38,3.3,281.0,6.0,192.0
2025,8,11,6,0.46,3.5,270.0,6.1,192.0
2025,8,11,7,0.46,3.6,236.0,5.5,188.0
2025,8,11,8,0.45,3.7,236.0,5.8,196.0
2025,8,11,9,0.5,3.5,258.0,6.1,211.0
2025,8,11,10,0.49,3.5,247.0,6.2,242.0
2025,8,11,11,0.43,3.7,281.0,6.2,241.0
2025,8,11,12,0.41,3.8,45.0,7.7,244.0
2025,8,11,13,0.4,3.7,247.0,7.2,243.0
2025,8,11,14,0.39,3.4,258.0,7.3,249.0
2025,8,11,15,0.39,3.4,258.0,7.0,250.0
2025,8,11,16,0.4,3.5,281.0,6.6,241.0
2025,8,11,17,0.45,3.7,247.0,4.9,234.0
2025,8,11,18,0.42,3.4,236.0,5.1,220.0
2025,8,11,19,0.46,3.6,236.0,5.1,218.0
2025,8,11,20,0.48,3.7,236.0,3.8,213.0
2025,8,11,21,0.36,3.4,258.0,4.8,204.0
2025,8,11,22,0.37,3.3,236.0,4.9,208.0
2025,8,11,23,0.4,3.4,258.0,5.5,207.0
2025,8,12,0,0.32,3.6,258.0,5.0,202.0
2025,8,12,1,0.29,3.8,258.0,4.1,190.0
2025,8,12,2,0.26,3.8,258.0,3.6,173.0
2025,8,12,3,0.25,4.1,247.0,3.4,168.0
2025,8,12,4,0.22,4.3,247.0,4.6,146.0
2025,8,12,5,0.22,4.4,258.0,3.7,162.0
2025,8,12,6,0.27,4.3,270.0,4.1,160.0
2025,8,12,7,0.27,4.2,258.0,3.8,174.0
2025,8,12,8,0.22,3.9,292.0,3.4,191.0
2025,8,12,9,0.3,4.3,247.0,2.3,230.0
2025,8,12,10,0.33,4.2,258.0,3.2,255.0
2025,8,12,11,0.36,4.0,236.0,2.2,262.0
2025,8,12,12,0.35,4.1,258.0,2.0,267.0
2025,8,12,13,0.28,4.1,247.0,3.4,288.0
2025,8,12,14,0.35,4.1,258.0,3.4,308.0
2025,8,12,16,0.26,4.3,258.0,3.8,5.0
2025,8,12,17,0.32,4.0,0.0,5.1,5.0
2025,8,12,18,0.37,3.8,258.0,4.5,37.0
2025,8,12,19,0.43,3.7,258.0,5.2,34.0
2025,8,12,20,0.41,4.1,67.0,4.8,36.0
2025,8,12,21,0.38,3.9,11.0,4.6,35.0
2025,8,12,22,0.33,3.7,33.0,3.2,11.0
2025,8,12,23,0.31,3.8,45.0,5.0,1.0
2025,8,13,0,0.37,3.7,33.0,4.3,344.0
2025,8,13,1,0.37,3.9,22.0,3.3,334.0
2025,8,13,2,0.34,3.7,22.0,3.1,7.0
2025,8,13,3,0.37,3.9,11.0,3.0,344.0
2025,8,13,4,0.45,4.1,22.0,5.3,40.0
2025,8,13,5,0.87,4.9,33.0,5.0,41.0
2025,8,13,7,1.09,5.5,45.0,4.1,15.0
2025,8,13,8,1.09,5.6,22.0,3.3,23.0
2025,8,13,9,1.75,6.1,11.0,8.0,35.0
2025,8,13,11,2.2,6.3,11.0,7.9,39.0
2025,8,13,12,2.71,6.5,11.0,12.9,31.0
2025,8,13,13,2.58,6.3,0.0,8.4,36.0
2025,8,13,14,2.55,6.6,0.0,3.4,38.0
2025,8,13,15,2.36,6.3,11.0,4.5,35.0
2025,8,13,16,2.5,6.8,0.0,3.7,58.0
2025,8,13,18,1.89,6.2,11.0,8.0,216.0
2025,8,13,19,1.82,6.1,22.0,10.3,202.0
2025,8,13,20,1.71,5.0,22.0,13.2,196.0
2025,8,13,21,1.99,4.8,236.0,14.9,204.0
2025,8,13,22,2.47,5.3,225.0,16.2,200.0
2025,8,13,23,2.05,4.9,236.0,12.4,194.0
2025,8,14,0,2.02,5.0,225.0,7.8,186.0
2025,8,14,1,1.58,5.0,236.0,3.7,118.0
2025,8,14,2,1.63,5.3,247.0,3.3,143.0
2025,8,14,3,1.77,5.6,247.0,4.2,185.0
2025,8,14,4,1.61,5.7,258.0,2.3,59.0
2025,8,14,5,1.15,5.5,258.0,5.3,44.0
2025,8,14,6,1.11,5.6,258.0,6.3,54.0
2025,8,14,7,1.09,5.2,236.0,6.0,51.0
2025,8,14,8,0.87,5.0,247.0,3.1,19.0
2025,8,14,9,0.75,4.7,270.0,3.3,5.0
2025,8,14,10,0.85,5.2,258.0,4.4,13.0
2025,8,14,11,0.86,4.9,258.0,6.3,10.0
2025,8,14,13,0.96,5.0,258.0,7.8,14.0
2025,8,14,14,1.02,4.7,22.0,6.7,3.0
2025,8,14,15,1.02,4.8,11.0,7.0,3.0
2025,8,14,16,1.03,4.7,22.0,7.2,6.0
2025,8,14,18,0.9,4.3,0.0,5.8,22.0
2025,8,14,21,0.8,4.8,348.0,3.8,36.0
2025,8,14,22,0.86,4.9,348.0,4.2,357.0
2025,8,15,1,0.79,4.5,303.0,3.3,311.0
2025,8,15,2,0.74,4.6,292.0,2.2,277.0
2025,8,15,3,0.74,4.5,0.0,2.7,239.0
2025,8,15,4,0.75,4.6,337.0,2.6,208.0
2025,8,15,5,0.77,4.9,258.0,3.9,193.0
2025,8,15,6,0.8,5.1,22.0,5.3,170.0
2025,8,15,7,0.68,5.1,33.0,6.1,173.0
2025,8,15,8,0.67,5.1,11.0,6.3,186.0
2025,8,15,9,0.76,5.5,22.0,4.5,185.0
2025,8,15,10,0.77,5.4,292.0,2.6,222.0
2025,8,15,11,0.68,5.3,33.0,3.9,265.0
2025,8,15,12,0.73,5.1,45.0,4.2,296.0
2025,8,15,13,0.83,5.5,11.0,4.1,304.0
2025,8,15,14,0.8,5.4,22.0,4.1,318.0
2025,8,15,15,0.8,5.3,11.0,3.3,317.0
2025,8,15,16,0.79,5.1,11.0,3.8,335.0
2025,8,15,17,0.83,5.3,11.0,3.1,327.0
2025,8,15,18,0.71,4.9,0.0,3.1,351.0
2025,8,15,19,0.71,5.1,11.0,1.2,13.0
2025,8,15,20,0.75,5.3,348.0,1.1,182.0
2025,8,15,21,0.85,5.4,22.0,1.6,237.0
2025,8,15,22,0.88,5.7,22.0,1.9,216.0
2025,8,16,0,0.95,5.5,33.0,2.0,196.0
2025,8,16,1,1.17,5.9,33.0,2.7,210.0
2025,8,16,2,1.15,5.6,22.0,4.7,193.0
2025,8,16,3,1.05,5.7,22.0,4.2,199.0
2025,8,16,5,0.9,5.5,0.0,4.7,183.0
2025,8,16,6,0.8,5.4,0.0,4.1,168.0
2025,8,16,7,0.69,5.2,33.0,4.0,157.0
2025,8,16,8,0.77,5.4,33.0,3.2,173.0
2025,8,16,9,0.59,5.1,45.0,1.4,220.0
2025,8,16,10,0.59,5.1,11.0,2.4,302.0
2025,8,16,11,0.61,5.2,22.0,3.6,329.0
2025,8,16,12,0.61,5.3,11.0,5.4,349.0
2025,8,16,13,0.66,4.9,11.0,5.2,356.0
2025,8,16,14,0.74,5.1,22.0,6.1,347.0
2025,8,16,15,0.65,4.6,11.0,4.8,337.0
2025,8,16,17,0.79,4.8,0.0,2.9,283.0
2025,8,16,18,0.95,5.5,11.0,1.8,284.0
2025,8,16,19,0.89,5.3,22.0,1.5,230.0
2025,8,16,20,0.93,5.2,0.0,2.6,187.0
2025,8,16,21,0.95,5.2,22.0,3.1,178.0
2025,8,16,22,0.99,5.3,22.0,4.5,190.0
2025,8,16,23,1.11,5.6,11.0,4.8,197.0
2025,8,17,0,0.93,5.5,0.0,4.9,193.0
2025,8,17,1,1.05,5.7,33.0,5.9,192.0
2025,8,17,2,1.02,5.9,22.0,5.5,166.0
2025,8,17,3,0.91,5.6,22.0,5.9,166.0
2025,8,17,4,0.99,5.7,45.0,5.9,168.0
2025,8,17,5,0.87,5.6,33.0,6.1,166.0
2025,8,17,6,0.84,5.5,22.0,5.6,162.0
2025,8,17,7,0.88,5.6,22.0,4.8,154.0
2025,8,17,8,0.75,5.2,22.0,4.5,175.0
2025,8,17,9,0.59,5.0,0.0,4.0,208.0
2025,8,17,10,0.58,5.0,11.0,3.4,244.0
2025,8,17,11,0.57,5.0,22.0,2.4,272.0
2025,8,17,12,0.55,4.9,22.0,2.7,298.0
2025,8,17,13,0.52,4.9,11.0,4.2,356.0
2025,8,17,14,0.48,4.7,0.0,4.3,8.0
2025,8,17,15,0.51,4.2,348.0,6.5,8.0
2025,8,17,16,0.56,4.1,22.0,7.0,6.0
2025,8,17,17,0.59,4.0,33.0,5.2,17.0
2025,8,17,18,0.62,4.2,11.0,3.6,14.0
2025,8,17,19,0.63,4.1,33.0,3.7,24.0
2025,8,17,20,0.51,4.1,11.0,2.0,320.0
2025,8,17,21,0.54,4.1,22.0,1.6,323.0
2025,8,17,22,0.61,4.2,11.0,1.7,262.0
2025,8,17,23,0.6,4.5,11.0,2.5,234.0
2025,8,18,0,0.67,4.4,11.0,2.7,242.0
2025,8,18,1,0.58,4.7,45.0,3.6,235.0
2025,8,18,2,0.64,4.8,45.0,4.2,195.0
2025,8,18,3,0.61,4.9,22.0,4.8,188.0
2025,8,18,4,0.54,4.9,22.0,4.1,178.0
2025,8,18,5,0.6,5.0,45.0,4.7,167.0
2025,8,18,6,0.51,5.0,11.0,3.9,181.0
2025,8,18,7,0.48,4.7,337.0,3.4,216.0
2025,8,18,8,0.55,4.7,22.0,3.0,175.0
2025,8,18,9,0.42,4.6,22.0,2.5,241.0
2025,8,18,10,0.37,4.5,0.0,1.3,270.0
2025,8,18,11,0.36,4.6,0.0,2.7,280.0
2025,8,18,12,0.43,4.7,348.0,2.9,337.0
2025,8,18,13,0.32,4.5,247.0,3.7,314.0
2025,8,18,14,0.35,5.0,247.0,4.0,329.0
2025,8,18,15,0.38,4.5,247.0,4.7,331.0
2025,8,18,16,0.38,4.4,270.0,4.2,333.0
2025,8,18,17,0.45,4.7,225.0,4.2,337.0
2025,8,18,18,0.39,4.4,270.0,2.9,332.0
2025,8,18,19,0.4,4.6,258.0,2.3,312.0
2025,8,18,20,0.37,4.1,270.0,1.5,261.0
2025,8,18,21,0.37,4.4,281.0,1.9,204.0
2025,8,18,22,0.39,4.6,247.0,3.7,226.0
2025,8,18,23,0.33,4.5,270.0,3.2,252.0
2025,8,19,0,0.35,4.6,270.0,2.9,259.0
2025,8,19,1,0.38,4.4,270.0,2.6,249.0
2025,8,19,2,0.4,4.5,258.0,2.6,236.0
2025,8,19,3,0.38,4.6,225.0,1.9,238.0
2025,8,19,4,0.42,4.5,258.0,1.4,336.0
2025,8,19,5,0.45,4.5,247.0,1.8,31.0
2025,8,19,6,0.41,4.6,258.0,1.5,24.0
2025,8,19,8,0.39,4.6,247.0,1.6,23.0
2025,8,19,9,0.42,4.8,33.0,1.8,39.0
2025,8,19,11,0.48,5.3,270.0,2.5,344.0
2025,8,19,12,0.38,5.0,281.0,3.1,307.0
2025,8,19,14,0.36,5.0,270.0,4.0,318.0
2025,8,19,15,0.35,4.7,0.0,3.9,339.0
2025,8,19,16,0.46,4.7,258.0,2.9,341.0
2025,8,19,18,0.44,5.0,258.0,1.5,295.0
2025,8,19,20,0.44,5.4,270.0,3.5,226.0
2025,8,19,22,0.41,5.5,258.0,3.9,210.0
2025,8,19,23,0.42,5.8,247.0,3.9,215.0
2025,8,20,0,0.38,5.8,270.0,3.4,203.0
2025,8,20,1,0.38,5.9,258.0,4.2,222.0
2025,8,20,2,0.47,5.2,258.0,4.0,222.0
2025,8,20,3,0.36,5.1,247.0,3.7,226.0
2025,8,20,4,0.45,5.5,258.0,4.6,236.0
2025,8,20,5,0.43,4.9,258.0,3.8,209.0
2025,8,20,6,0.41,4.8,258.0,2.5,190.0
2025,8,20,8,0.39,4.4,270.0,3.0,165.0
2025,8,20,9,0.37,4.7,258.0,2.8,198.0
2025,8,20,10,0.43,4.3,281.0,4.7,247.0
2025,8,20,12,0.34,4.2,270.0,5.8,264.0
2025,8,20,13,0.4,3.7,270.0,6.8,263.0
2025,8,20,14,0.42,3.6,270.0,8.1,267.0
2025,8,20,15,0.56,3.4,292.0,7.3,267.0
2025,8,20,16,0.69,3.7,281.0,5.3,256.0
2025,8,20,17,0.75,3.2,123.0,12.0,144.0
2025,8,20,18,0.62,3.2,135.0,8.9,135.0
2025,8,20,20,0.51,3.8,303.0,4.4,183.0
2025,8,20,22,0.41,4.5,236.0,4.7,128.0
2025,8,21,1,0.34,4.4,281.0,4.9,166.0
2025,8,21,2,0.29,4.5,236.0,5.9,153.0
2025,8,21,3,0.28,4.6,258.0,5.4,166.0
2025,8,21,4,0.28,4.6,270.0,5.4,173.0
2025,8,21,5,0.31,4.4,258.0,3.8,177.0
2025,8,21,6,0.29,4.7,236.0,3.4,180.0
2025,8,21,7,0.29,4.5,258.0,3.3,163.0
2025,8,21,8,0.32,4.7,247.0,3.7,170.0
2025,8,21,10,0.3,4.9,258.0,3.4,223.0
2025,8,21,13,0.3,4.2,225.0,2.7,266.0
2025,8,21,14,0.33,4.5,258.0,2.6,238.0
2025,8,21,17,0.34,4.2,258.0,4.7,272.0
2025,8,21,20,0.35,3.8,247.0,5.5,266.0
2025,8,21,21,0.31,3.6,22.0,3.1,249.0
2025,8,21,22,0.28,3.7,247.0,2.5,234.0
2025,8,21,23,0.26,4.0,348.0,2.7,241.0
2025,8,22,0,0.26,4.1,258.0,2.8,228.0
2025,8,22,2,0.3,4.0,326.0,3.6,181.0
2025,8,22,3,0.24,4.0,247.0,4.6,164.0
2025,8,22,4,0.25,4.1,236.0,4.2,155.0
2025,8,22,5,0.23,4.1,258.0,2.7,178.0
2025,8,22,6,0.21,4.1,258.0,2.7,167.0
2025,8,22,7,0.24,4.7,247.0,1.5,157.0
2025,8,22,12,0.21,3.9,213.0,3.3,335.0
2025,8,22,15,0.23,3.6,213.0,5.7,310.0
2025,8,22,16,0.25,3.7,236.0,5.0,306.0
2025,8,22,18,0.3,3.8,213.0,2.1,345.0
2025,8,23,1,0.24,4.1,45.0,1.5,10.0
2025,8,23,8,0.22,4.3,45.0,1.9,330.0
2025,8,23,12,0.29,3.6,236.0,5.1,337.0
2025,8,23,13,0.25,3.2,22.0,5.2,340.0
2025,8,23,14,0.26,3.2,22.0,5.5,349.0
2025,8,23,15,0.33,3.1,22.0,6.3,6.0
2025,8,23,16,0.42,3.3,22.0,6.5,14.0
2025,8,23,17,0.45,3.4,33.0,5.9,30.0
2025,8,23,18,0.52,3.8,213.0,5.0,18.0
2025,8,23,19,0.32,3.6,33.0,3.2,16.0
2025,8,23,20,0.26,3.7,45.0,3.6,19.0
2025,8,23,21,0.29,3.7,33.0,3.1,17.0
2025,8,23,22,0.27,4.1,247.0,2.0,322.0
2025,8,23,23,0.34,4.2,247.0,2.5,290.0
2025,8,24,0,0.28,4.2,247.0,3.3,297.0
2025,8,24,1,0.27,4.0,247.0,2.6,327.0
2025,8,24,2,0.24,3.9,22.0,3.0,7.0
2025,8,24,3,0.24,3.9,247.0,3.0,353.0
2025,8,24,4,0.24,4.2,258.0,3.6,360.0
2025,8,24,5,0.25,4.2,11.0,3.1,42.0
2025,8,24,6,0.27,4.8,247.0,2.9,50.0
2025,8,24,7,0.3,4.6,45.0,2.3,48.0
2025,8,24,8,0.31,4.5,225.0,2.0,20.0
2025,8,24,9,0.44,4.7,236.0,2.9,42.0
2025,8,24,10,0.38,4.6,247.0,2.5,19.0
2025,8,24,11,0.36,4.6,258.0,4.0,345.0
2025,8,24,12,0.32,4.4,270.0,3.6,344.0
2025,8,24,13,0.39,4.6,236.0,4.3,354.0
2025,8,24,14,0.35,4.9,258.0,3.4,330.0
2025,8,24,16,0.29,4.0,270.0,4.2,328.0
2025,8,24,17,0.28,3.9,281.0,4.7,333.0
2025,8,24,18,0.39,3.9,45.0,2.8,323.0
2025,8,24,19,0.36,4.0,247.0,2.5,219.0
2025,8,24,20,0.35,4.4,281.0,2.0,327.0
2025,8,24,21,0.41,4.5,236.0,2.2,219.0
2025,8,24,23,0.41,4.4,33.0,5.5,224.0
2025,8,25,0,0.34,4.5,247.0,4.2,204.0
2025,8,25,1,0.35,4.5,247.0,4.2,177.0
2025,8,25,2,0.32,4.4,258.0,3.3,178.0
2025,8,25,3,0.37,4.9,236.0,3.4,160.0
2025,8,25,4,0.44,4.9,45.0,3.5,175.0
2025,8,25,5,0.36,4.7,303.0,3.6,173.0
2025,8,25,6,0.37,4.6,0.0,3.8,160.0
2025,8,25,7,0.43,5.0,258.0,4.2,151.0
2025,8,25,8,0.52,5.2,258.0,3.7,175.0
2025,8,25,9,0.51,4.5,236.0,3.5,215.0
2025,8,25,12,0.45,4.7,270.0,3.6,289.0
2025,8,25,16,0.55,4.2,258.0,5.4,12.0
2025,8,25,17,0.54,3.7,45.0,7.2,1.0
2025,8,25,18,0.62,4.0,45.0,5.4,352.0
2025,8,25,19,0.57,3.8,33.0,4.5,343.0
2025,8,25,20,0.65,4.1,11.0,3.0,316.0
2025,8,25,21,0.57,4.2,33.0,3.2,301.0
2025,8,25,23,0.59,4.3,22.0,4.5,232.0
2025,8,26,0,0.59,4.4,11.0,7.2,156.0
2025,8,26,1,0.59,4.6,22.0,4.4,152.0
2025,8,26,2,0.67,4.8,22.0,7.0,158.0
2025,8,26,3,0.61,5.3,45.0,5.4,173.0
2025,8,26,4,0.49,5.3,22.0,5.1,154.0
2025,8,26,5,0.4,5.0,258.0,4.7,156.0
2025,8,26,6,0.45,5.2,225.0,3.9,158.0
2025,8,26,7,0.41,5.1,258.0,4.1,159.0
2025,8,26,8,0.39,4.6,247.0,3.4,171.0
2025,8,26,9,0.35,5.0,303.0,1.1,257.0
2025,8,26,10,0.41,5.1,0.0,2.7,281.0
2025,8,26,11,0.39,4.6,281.0,3.6,301.0
2025,8,26,12,0.42,5.0,292.0,5.0,331.0
2025,8,26,13,0.46,4.7,236.0,5.7,6.0
2025,8,26,14,0.56,3.8,11.0,7.0,10.0
2025,8,26,15,0.69,3.8,33.0,7.1,5.0
2025,8,26,16,0.66,3.9,33.0,7.0,358.0
2025,8,26,17,0.62,4.0,33.0,5.3,353.0
2025,8,26,18,0.77,4.2,22.0,3.2,339.0
2025,8,26,20,0.73,4.4,22.0,4.4,242.0
2025,8,26,21,1.12,5.6,22.0,4.2,234.0
2025,8,26,22,1.09,5.5,33.0,4.1,231.0
2025,8,26,23,1.12,5.8,33.0,4.0,228.0
2025,8,27,0,1.0,5.5,33.0,5.9,165.0
2025,8,27,1,0.8,5.2,22.0,6.2,175.0
2025,8,27,2,0.81,5.4,11.0,5.9,172.0
2025,8,27,3,0.57,5.2,22.0,5.7,187.0
2025,8,27,4,0.51,4.8,33.0,5.4,194.0
2025,8,27,5,0.52,4.9,22.0,5.8,163.0
2025,8,27,6,0.49,4.7,33.0,4.7,152.0
2025,8,27,7,0.44,4.7,33.0,4.9,159.0
2025,8,27,8,0.39,4.8,56.0,5.0,171.0
2025,8,27,9,0.54,5.0,45.0,4.0,173.0
2025,8,27,10,0.4,4.6,33.0,3.5,224.0
2025,8,27,11,0.4,4.4,22.0,3.0,240.0
2025,8,27,12,0.41,4.3,11.0,3.9,256.0
2025,8,27,13,0.39,4.5,258.0,7.1,191.0
2025,8,27,14,0.43,4.5,348.0,1.3,255.0
2025,8,27,15,0.33,4.3,22.0,2.8,59.0
2025,8,27,16,0.35,4.3,326.0,4.7,54.0
2025,8,27,17,0.43,4.4,33.0,4.8,60.0
2025,8,27,18,0.46,4.4,33.0,5.8,44.0
2025,8,27,19,0.47,4.2,22.0,5.2,49.0
2025,8,27,20,0.45,4.3,22.0,5.6,14.0
2025,8,27,21,0.52,4.1,33.0,5.4,10.0
2025,8,27,22,0.49,4.1,33.0,3.1,22.0
2025,8,27,23,0.54,4.0,22.0,4.1,351.0
2025,8,28,0,0.55,3.8,22.0,3.1,332.0
2025,8,28,1,0.6,4.0,33.0,1.8,295.0
2025,8,28,2,0.58,4.1,33.0,2.0,233.0
2025,8,28,3,0.56,4.2,33.0,4.6,168.0
2025,8,28,4,0.52,4.2,11.0,5.5,180.0
2025,8,28,5,0.62,4.8,33.0,5.6,181.0
2025,8,28,6,0.53,4.9,11.0,4.5,175.0
2025,8,28,7,0.53,5.0,22.0,5.3,177.0
2025,8,28,8,0.53,5.0,11.0,5.3,173.0
2025,8,28,9,0.49,5.0,11.0,5.6,191.0
2025,8,28,10,0.43,4.9,11.0,5.8,210.0
2025,8,28,11,0.45,4.7,22.0,5.0,223.0
2025,8,28,12,0.43,4.7,0.0,4.8,218.0
2025,8,28,13,0.44,4.4,348.0,5.6,231.0
2025,8,28,14,0.42,4.4,11.0,5.0,241.0
2025,8,28,15,0.44,4.4,337.0,4.7,229.0
2025,8,28,16,0.47,4.5,348.0,4.3,255.0
2025,8,28,17,0.48,4.5,11.0,3.8,261.0
2025,8,28,18,0.52,4.6,11.0,2.3,34.0
2025,8,28,19,0.49,4.5,348.0,3.3,26.0
2025,8,28,20,0.48,4.4,0.0,4.2,28.0
2025,8,28,21,0.49,4.3,348.0,3.3,21.0
2025,8,28,22,0.45,4.4,11.0,2.1,37.0
2025,8,28,23,0.5,4.4,33.0,1.2,83.0
2025,8,29,0,0.49,4.4,22.0,2.0,180.0
2025,8,29,1,0.59,4.6,22.0,3.4,205.0
2025,8,29,2,0.67,4.9,22.0,5.4,204.0
2025,8,29,3,0.65,4.8,22.0,4.6,200.0
2025,8,29,4,0.69,5.0,45.0,4.0,162.0
2025,8,29,5,0.63,5.2,22.0,4.5,173.0
2025,8,29,6,0.57,5.0,0.0,5.5,166.0
2025,8,29,7,0.55,5.1,22.0,5.3,155.0
2025,8,29,8,0.49,5.1,45.0,4.4,154.0
2025,8,29,9,0.47,5.2,11.0,3.6,201.0
2025,8,29,10,0.38,4.8,22.0,2.3,247.0
2025,8,29,11,0.42,4.8,22.0,3.2,289.0
2025,8,29,12,0.46,4.8,0.0,4.9,339.0
2025,8,29,13,0.5,4.7,348.0,4.6,353.0
2025,8,29,14,0.55,4.6,348.0,5.0,350.0
2025,8,29,15,0.52,4.2,22.0,5.4,348.0
2025,8,29,16,0.65,4.4,11.0,5.7,341.0
2025,8,29,17,0.6,3.9,22.0,5.5,344.0
2025,8,29,18,0.56,4.1,11.0,3.9,348.0
2025,8,29,19,0.55,4.1,22.0,3.3,330.0
2025,8,29,20,0.58,4.5,0.0,2.0,314.0
2025,8,29,21,0.68,4.6,11.0,2.0,251.0
2025,8,29,22,0.82,4.9,11.0,2.4,226.0
2025,8,29,23,0.84,5.1,11.0,4.4,211.0
2025,8,30,0,0.9,5.2,0.0,4.8,198.0
2025,8,30,1,0.9,5.3,11.0,5.4,192.0
2025,8,30,2,0.73,5.2,22.0,4.5,184.0
2025,8,30,3,0.7,5.2,22.0,5.6,196.0
2025,8,30,4,0.68,5.2,22.0,4.3,177.0
2025,8,30,5,0.58,5.1,33.0,4.9,178.0
2025,8,30,6,0.55,5.0,56.0,4.4,167.0
2025,8,30,7,0.52,4.9,22.0,4.7,175.0
2025,8,30,8,0.49,5.0,22.0,4.5,182.0
2025,8,30,9,0.48,4.9,33.0,3.9,203.0
2025,8,30,10,0.49,4.9,22.0,4.1,236.0
2025,8,30,11,0.52,4.8,11.0,5.3,251.0
2025,8,30,12,0.49,4.7,22.0,5.6,279.0
2025,8,30,13,0.48,4.6,258.0,5.4,269.0
2025,8,30,14,0.43,4.4,247.0,5.3,272.0
2025,8,30,15,0.45,4.2,303.0,5.6,281.0
2025,8,30,16,0.49,4.4,303.0,3.3,333.0
2025,8,30,17,0.42,4.3,33.0,3.0,10.0
2025,8,30,18,0.54,4.6,213.0,2.0,22.0
2025,8,30,20,0.43,4.4,45.0,2.4,32.0
2025,8,30,21,0.42,4.4,33.0,3.3,43.0
2025,8,30,22,0.41,4.2,22.0,3.3,153.0
2025,8,30,23,0.41,4.2,33.0,2.6,148.0
2025,8,31,0,0.39,4.2,22.0,3.6,196.0
2025,8,31,1,0.44,4.3,22.0,2.7,170.0
2025,8,31,3,0.39,4.2,33.0,2.5,226.0
2025,8,31,4,0.4,4.2,22.0,2.7,237.0
2025,8,31,5,0.39,4.1,22.0,2.6,209.0
2025,8,31,6,0.41,4.4,11.0,3.4,161.0
2025,8,31,7,0.5,4.5,33.0,3.2,153.0
2025,8,31,8,0.43,4.6,33.0,2.8,142.0
2025,8,31,11,0.34,4.4,11.0,2.0,324.0
2025,8,31,12,0.38,4.3,11.0,2.8,320.0
2025,8,31,16,0.37,4.5,33.0,3.4,360.0
2025,8,31,17,0.35,4.3,0.0,1.8,356.0
2025,8,31,19,0.33,4.0,281.0,1.1,344.0
2025,8,31,23,0.27,4.0,22.0,1.6,271.0
2025,9,1,0,0.32,4.4,247.0,2.4,276.0
2025,9,1,1,0.25,4.1,11.0,3.1,256.0
2025,9,1,2,0.26,4.2,315.0,2.7,274.0
2025,9,1,3,0.28,4.5,236.0,2.7,305.0
2025,9,1,4,0.27,4.3,0.0,1.6,306.0
2025,9,1,5,0.28,4.8,281.0,1.9,321.0
2025,9,1,6,0.3,4.5,247.0,2.6,359.0
2025,9,1,7,0.24,4.5,303.0,1.7,41.0
2025,9,1,8,0.31,4.6,270.0,1.5,26.0
2025,9,1,9,0.25,4.7,270.0,1.2,25.0
2025,9,1,10,0.25,4.6,258.0,1.6,354.0
2025,9,1,11,0.27,4.4,258.0,3.5,345.0
2025,9,1,12,0.28,4.3,11.0,3.8,327.0
2025,9,1,13,0.28,4.4,236.0,3.4,329.0
2025,9,1,14,0.31,4.5,303.0,2.3,338.0
2025,9,1,15,0.27,4.6,270.0,2.6,354.0
2025,9,1,16,0.28,4.8,258.0,2.8,326.0
2025,9,1,17,0.28,4.9,258.0,3.0,324.0
2025,9,1,18,0.31,4.9,11.0,3.2,325.0
2025,9,1,19,0.28,4.9,303.0,2.8,352.0
2025,9,1,20,0.25,4.7,270.0,3.9,349.0
2025,9,1,22,0.22,4.5,270.0,3.5,18.0
2025,9,1,23,0.36,4.8,180.0,4.1,11.0
2025,9,2,0,0.22,4.2,225.0,2.9,34.0
2025,9,2,1,0.25,4.5,33.0,1.6,64.0
2025,9,2,2,0.28,4.6,270.0,1.7,129.0
2025,9,2,3,0.25,4.5,247.0,1.1,174.0
2025,9,2,4,0.27,5.1,270.0,1.2,144.0
2025,9,2,5,0.32,4.9,281.0,1.2,329.0
2025,9,2,6,0.29,4.9,225.0,3.1,317.0
2025,9,2,7,0.24,4.4,11.0,2.7,332.0
2025,9,2,8,0.22,4.4,258.0,2.4,331.0
2025,9,2,9,0.23,4.2,11.0,2.1,329.0
2025,9,2,10,0.33,4.5,0.0,2.7,325.0
2025,9,2,11,0.25,4.3,0.0,2.6,335.0
2025,9,2,12,0.27,4.6,292.0,3.1,317.0
2025,9,2,13,0.22,4.2,315.0,2.6,334.0
2025,9,2,14,0.33,4.3,225.0,1.1,321.0
2025,9,2,15,0.25,4.9,258.0,1.6,279.0
2025,9,2,18,0.27,4.4,225.0,2.8,312.0
2025,9,2,19,0.26,4.2,258.0,3.0,333.0
2025,9,2,21,0.3,4.1,292.0,2.5,354.0
2025,9,2,22,0.29,4.2,281.0,1.7,14.0
2025,9,2,23,0.33,4.3,45.0,1.6,49.0
2025,9,3,3,0.29,4.2,270.0,1.5,154.0
2025,9,3,4,0.29,4.3,22.0,2.5,185.0
2025,9,3,5,0.28,4.3,22.0,2.8,197.0
2025,9,3,6,0.27,4.5,247.0,2.4,175.0
2025,9,3,7,0.26,4.2,258.0,2.9,188.0
2025,9,3,8,0.3,4.4,33.0,2.6,173.0
2025,9,3,9,0.41,5.0,56.0,1.5,177.0
2025,9,3,12,0.22,4.6,258.0,3.8,299.0
2025,9,3,15,0.22,4.8,258.0,3.7,326.0
2025,9,3,16,0.4,4.7,225.0,3.6,341.0
2025,9,3,17,0.3,4.4,225.0,3.1,4.0
2025,9,3,18,0.4,4.4,225.0,2.6,5.0
2025,9,3,19,0.24,4.3,292.0,2.8,354.0
2025,9,3,20,0.37,4.6,22.0,3.4,19.0
2025,9,3,21,0.22,4.4,326.0,2.6,24.0
2025,9,3,23,0.21,4.4,326.0,1.5,22.0
2025,9,4,0,0.21,4.6,33.0,1.6,349.0
2025,9,4,1,0.21,4.4,281.0,1.6,348.0
2025,9,4,4,0.21,4.5,247.0,1.3,351.0
2025,9,4,6,0.21,4.5,258.0,3.1,157.0
2025,9,4,8,0.33,4.6,11.0,2.9,163.0
2025,9,4,9,0.39,5.9,45.0,1.7,201.0
2025,9,4,14,0.21,4.2,303.0,5.4,315.0
2025,9,4,15,0.22,4.2,258.0,4.4,320.0
2025,9,4,16,0.39,4.8,22.0,3.6,323.0
2025,9,4,17,0.22,4.1,225.0,4.4,22.0
2025,9,4,18,0.36,4.4,247.0,2.7,23.0
2025,9,4,19,0.24,4.0,33.0,2.7,328.0
2025,9,4,20,0.28,4.4,270.0,3.5,338.0
2025,9,4,21,0.27,4.4,326.0,3.2,341.0
2025,9,4,22,0.22,4.2,270.0,2.6,349.0
2025,9,4,23,0.22,4.5,303.0,1.7,352.0
2025,9,5,0,0.24,4.8,326.0,2.1,360.0
2025,9,5,2,0.23,4.4,247.0,2.9,351.0
2025,9,5,3,0.21,4.2,11.0,2.9,9.0
2025,9,5,5,0.22,4.4,258.0,1.6,164.0
2025,9,5,6,0.24,4.4,258.0,1.4,146.0
2025,9,5,7,0.22,4.2,270.0,1.8,60.0
2025,9,5,10,0.24,4.0,213.0,3.1,350.0
2025,9,5,12,0.32,4.5,33.0,3.0,313.0
2025,9,5,16,0.21,3.7,11.0,4.7,326.0
2025,9,5,17,0.33,3.5,225.0,4.2,350.0
2025,9,5,18,0.35,3.4,326.0,3.1,8.0
2025,9,5,19,0.37,3.5,11.0,3.2,30.0
2025,9,5,20,0.3,3.3,22.0,2.8,35.0
2025,9,5,21,0.31,3.6,11.0,1.3,15.0
2025,9,5,22,0.37,3.7,0.0,2.5,341.0
2025,9,5,23,0.35,3.7,0.0,2.0,308.0
2025,9,6,1,0.48,4.3,247.0,1.1,290.0
2025,9,6,2,0.54,4.6,22.0,2.3,267.0
2025,9,6,3,0.54,4.8,11.0,2.0,229.0
2025,9,6,4,0.64,4.5,0.0,4.4,166.0
2025,9,6,5,0.46,4.7,22.0,4.0,154.0
2025,9,6,6,0.46,4.8,22.0,2.8,159.0
2025,9,6,7,0.48,4.7,33.0,3.8,160.0
2025,9,6,8,0.49,4.9,33.0,2.1,154.0
2025,9,6,10,0.56,5.1,33.0,2.0,259.0
2025,9,6,11,0.44,4.6,33.0,3.0,277.0
2025,9,6,12,0.56,4.5,11.0,4.2,286.0
2025,9,6,13,0.5,4.7,337.0,5.2,287.0
2025,9,6,14,0.47,4.7,11.0,4.6,282.0
2025,9,6,15,0.4,4.9,0.0,3.9,273.0
2025,9,6,16,0.42,4.8,11.0,3.8,284.0
2025,9,6,17,0.43,4.8,22.0,3.7,261.0
2025,9,6,18,0.48,4.7,22.0,3.2,234.0
2025,9,6,19,0.51,4.6,236.0,3.3,224.0
2025,9,6,20,0.47,4.6,0.0,4.9,230.0
2025,9,6,21,0.44,4.4,11.0,5.8,236.0
2025,9,6,22,0.52,4.1,22.0,6.1,232.0
2025,9,6,23,0.49,3.8,225.0,6.1,236.0
2025,9,7,0,0.49,3.9,0.0,5.3,230.0
2025,9,7,1,0.51,4.1,247.0,3.1,191.0
2025,9,7,2,0.53,4.2,258.0,5.2,197.0
2025,9,7,3,0.5,4.3,11.0,4.8,194.0
2025,9,7,5,0.49,4.3,315.0,4.0,182.0
2025,9,7,6,0.48,3.9,236.0,4.7,189.0
2025,9,7,7,0.45,4.1,337.0,6.7,195.0
2025,9,7,8,0.45,3.9,22.0,5.4,210.0
2025,9,7,9,0.41,3.9,11.0,6.6,202.0
2025,9,7,10,0.49,4.1,33.0,4.1,231.0
2025,9,7,11,0.42,4.0,258.0,5.0,268.0
2025,9,7,12,0.48,4.2,247.0,5.8,278.0
2025,9,7,13,0.41,4.2,258.0,6.1,269.0
2025,9,7,14,0.39,3.7,281.0,7.4,263.0
2025,9,7,15,0.49,3.4,258.0,8.5,257.0
2025,9,7,17,0.74,3.4,236.0,6.4,253.0
2025,9,7,18,0.67,3.5,225.0,4.7,241.0
2025,9,7,19,0.72,3.8,236.0,8.7,198.0
2025,9,7,20,0.74,3.8,236.0,5.6,184.0
2025,9,7,21,0.62,4.0,236.0,4.2,126.0
2025,9,7,22,0.58,4.8,236.0,3.4,114.0
2025,9,7,23,0.6,5.1,247.0,3.9,142.0
2025,9,8,0,0.6,5.1,236.0,5.5,162.0
2025,9,8,1,0.52,5.4,236.0,4.9,160.0
2025,9,8,2,0.45,5.6,236.0,4.3,151.0
2025,9,8,3,0.42,5.2,270.0,4.5,161.0
2025,9,8,4,0.48,5.6,247.0,5.3,187.0
2025,9,8,5,0.38,4.6,247.0,4.5,139.0
2025,9,8,6,0.45,4.2,258.0,3.9,162.0
2025,9,8,7,0.49,3.9,258.0,4.1,166.0
2025,9,8,8,0.58,4.3,270.0,4.1,161.0
2025,9,8,9,0.61,4.8,258.0,2.6,201.0
2025,9,8,10,0.61,4.9,247.0,3.4,230.0
2025,9,8,11,0.58,5.3,247.0,4.7,233.0
2025,9,8,12,0.54,5.5,258.0,5.6,258.0
2025,9,8,13,0.53,5.7,258.0,5.1,264.0
2025,9,8,14,0.44,5.1,281.0,5.0,258.0
2025,9,8,15,0.42,5.3,270.0,5.5,252.0
2025,9,8,16,0.5,5.1,270.0,5.7,246.0
2025,9,8,19,0.63,4.1,270.0,6.0,229.0
2025,9,8,20,0.65,4.6,270.0,5.6,142.0
2025,9,8,21,0.83,4.1,236.0,3.6,156.0
2025,9,8,22,0.66,4.2,258.0,3.4,152.0
2025,9,8,23,0.82,4.8,247.0,4.0,191.0
2025,9,9,0,0.73,5.2,236.0,4.9,203.0
2025,9,9,1,0.64,4.9,270.0,5.2,187.0
2025,9,9,2,0.55,5.0,258.0,5.5,174.0
2025,9,9,3,0.64,5.6,258.0,4.5,163.0
2025,9,9,4,0.61,5.2,258.0,4.9,160.0
2025,9,9,5,0.65,5.4,270.0,4.2,175.0
2025,9,9,6,0.73,5.5,258.0,4.3,181.0
2025,9,9,7,0.76,5.3,258.0,2.1,162.0
2025,9,9,10,0.68,4.8,258.0,5.5,220.0
2025,9,9,11,0.6,4.8,270.0,4.4,247.0
2025,9,9,12,0.67,5.2,258.0,4.8,249.0
2025,9,9,13,0.54,4.9,247.0,5.3,247.0
2025,9,9,16,0.47,4.5,270.0,4.3,257.0
2025,9,9,20,0.54,4.7,258.0,1.6,236.0
2025,9,9,21,0.59,4.6,258.0,3.0,229.0
2025,9,9,22,0.53,4.2,270.0,2.8,225.0
2025,9,9,23,0.54,4.6,258.0,3.4,204.0
2025,9,10,0,0.5,5.1,247.0,3.7,153.0
2025,9,10,1,0.4,4.9,236.0,4.0,158.0
2025,9,10,2,0.42,5.1,258.0,3.3,172.0
2025,9,10,3,0.35,4.8,247.0,2.7,180.0
2025,9,10,4,0.38,5.6,247.0,3.4,154.0
2025,9,10,5,0.35,5.2,258.0,3.5,177.0
2025,9,10,6,0.41,5.1,258.0,3.0,167.0
2025,9,10,7,0.43,5.3,258.0,3.1,156.0
2025,9,10,8,0.45,5.0,247.0,3.1,152.0
2025,9,10,9,0.46,4.5,258.0,1.4,191.0
2025,9,10,15,0.45,5.6,270.0,2.8,322.0
2025,9,10,16,0.48,5.2,270.0,3.7,334.0
2025,9,10,17,0.44,5.4,270.0,2.0,331.0
2025,9,10,18,0.46,5.1,258.0,1.6,303.0
2025,9,10,19,0.39,4.7,258.0,1.4,177.0
2025,9,10,20,0.47,4.9,258.0,2.0,145.0
2025,9,10,21,0.4,4.8,247.0,3.6,137.0
2025,9,10,22,0.35,4.7,258.0,2.5,179.0
2025,9,10,23,0.38,4.5,247.0,2.9,151.0
2025,9,11,0,0.3,4.7,258.0,1.7,227.0
2025,9,11,1,0.32,4.8,247.0,3.8,144.0
2025,9,11,2,0.27,5.2,258.0,4.6,151.0
2025,9,11,3,0.3,5.3,258.0,4.3,172.0
2025,9,11,5,0.25,4.8,78.0,3.2,157.0
2025,9,11,6,0.25,4.9,270.0,4.0,146.0
2025,9,11,7,0.24,4.7,258.0,3.5,153.0
2025,9,11,10,0.27,4.4,270.0,3.7,10.0
2025,9,11,13,0.36,3.9,281.0,5.1,343.0
2025,9,11,14,0.3,3.7,258.0,5.4,339.0
2025,9,11,18,0.35,3.9,236.0,3.7,351.0
2025,9,11,19,0.3,3.6,11.0,2.7,328.0
2025,9,11,20,0.33,4.1,0.0,1.9,335.0
2025,9,11,21,0.28,3.9,0.0,2.6,349.0
2025,9,11,22,0.26,4.4,247.0,1.6,26.0
2025,9,12,2,0.29,4.7,33.0,2.8,157.0
2025,9,12,3,0.28,4.5,11.0,3.2,165.0
2025,9,12,4,0.3,4.7,11.0,3.7,171.0
2025,9,12,5,0.33,4.8,247.0,3.4,176.0
2025,9,12,6,0.34,4.7,22.0,1.7,210.0
2025,9,12,7,0.29,4.5,33.0,2.2,143.0
2025,9,12,8,0.35,4.9,45.0,2.1,155.0
2025,9,12,13,0.29,4.3,270.0,3.9,322.0
2025,9,12,14,0.29,4.4,337.0,3.6,323.0
2025,9,12,16,0.26,4.4,337.0,3.2,308.0
2025,9,12,17,0.31,4.4,236.0,2.7,334.0
2025,9,13,0,0.29,5.0,11.0,1.5,238.0
2025,9,13,1,0.3,4.3,11.0,2.3,239.0
2025,9,13,2,0.25,4.6,33.0,2.2,199.0
2025,9,13,3,0.26,4.7,33.0,3.9,160.0
2025,9,13,4,0.26,5.0,33.0,3.8,172.0
2025,9,13,5,0.25,4.4,236.0,2.3,182.0
2025,9,13,6,0.25,5.1,247.0,2.4,170.0
2025,9,13,12,0.34,4.7,11.0,3.6,244.0
2025,9,13,14,0.29,4.3,11.0,4.2,281.0
2025,9,13,15,0.35,4.9,22.0,4.3,273.0
2025,9,13,16,0.38,4.6,11.0,4.4,282.0
2025,9,13,17,0.44,5.1,0.0,3.9,278.0
2025,9,13,18,0.35,4.4,348.0,2.6,260.0
2025,9,13,20,0.31,4.0,281.0,1.6,239.0
2025,9,13,21,0.3,4.1,56.0,2.5,242.0
2025,9,14,0,0.28,4.0,22.0,2.4,232.0
2025,9,14,1,0.35,4.9,22.0,1.7,197.0
2025,9,14,3,0.37,5.1,11.0,1.9,186.0
2025,9,14,4,0.27,4.6,22.0,2.3,150.0
2025,9,14,5,0.28,4.6,11.0,1.5,151.0
2025,9,14,6,0.25,4.7,11.0,1.9,163.0
2025,9,14,8,0.28,4.5,67.0,2.1,182.0
2025,9,14,12,0.21,3.8,258.0,4.1,289.0
2025,9,14,14,0.22,3.6,270.0,4.8,300.0
2025,9,14,16,0.21,3.9,33.0,2.2,304.0
2025,9,15,10,0.35,3.2,33.0,6.9,22.0
2025,9,15,13,0.61,4.2,33.0,6.7,1.0
2025,9,15,14,0.64,3.5,11.0,7.6,6.0
2025,9,15,17,0.7,3.9,33.0,5.5,16.0
2025,9,15,19,0.57,4.0,33.0,4.4,360.0
2025,9,15,21,0.55,4.1,22.0,3.2,319.0
2025,9,15,22,0.46,4.0,33.0,2.1,325.0
2025,9,15,23,0.49,4.1,33.0,2.0,310.0
2025,9,16,0,0.44,4.0,22.0,2.9,305.0
2025,9,16,1,0.42,4.1,22.0,2.6,299.0
2025,9,16,3,0.43,4.1,22.0,1.8,275.0
2025,9,16,7,0.43,4.2,11.0,1.7,152.0
2025,9,16,8,0.49,4.4,22.0,1.9,173.0
2025,9,16,11,0.37,4.0,0.0,2.0,260.0
2025,9,16,12,0.41,4.6,168.0,3.0,288.0
2025,9,16,14,0.34,4.1,0.0,3.5,322.0
2025,9,16,17,0.36,3.9,337.0,5.0,4.0
2025,9,16,18,0.39,3.8,247.0,6.0,14.0
2025,9,16,19,0.39,3.6,33.0,5.9,21.0
2025,9,16,20,0.42,3.6,11.0,4.1,26.0
2025,9,16,21,0.36,3.6,22.0,2.6,11.0
2025,9,17,0,0.42,4.3,22.0,2.1,233.0
2025,9,17,1,0.36,4.1,0.0,1.7,182.0
2025,9,17,10,0.46,4.8,22.0,1.6,260.0
2025,9,17,11,0.34,4.5,11.0,3.5,280.0
2025,9,17,12,0.38,4.8,22.0,4.0,300.0
2025,9,17,13,0.38,4.5,11.0,4.1,313.0
2025,9,17,15,0.36,4.4,348.0,4.8,340.0
2025,9,17,17,0.4,3.8,11.0,4.5,2.0
2025,9,17,18,0.45,3.9,22.0,4.2,359.0
2025,9,17,19,0.37,4.0,33.0,2.9,14.0
2025,9,17,20,0.37,3.7,22.0,2.8,17.0
2025,9,17,21,0.37,4.0,0.0,2.4,9.0
2025,9,17,22,0.35,4.0,0.0,1.9,16.0
2025,9,17,23,0.34,4.1,11.0,1.2,354.0
2025,9,18,0,0.38,4.1,22.0,1.7,318.0
2025,9,18,1,0.4,4.3,22.0,1.2,245.0
2025,9,18,3,0.44,4.6,11.0,2.4,195.0
2025,9,18,4,0.44,4.7,22.0,2.4,182.0
2025,9,18,9,0.5,4.7,0.0,1.3,187.0
2025,9,18,10,0.54,5.0,11.0,1.5,312.0
2025,9,18,13,0.49,4.7,11.0,4.3,313.0
2025,9,18,14,0.47,4.6,11.0,4.8,317.0
2025,9,18,15,0.4,4.5,0.0,4.4,296.0
2025,9,18,16,0.39,4.4,45.0,3.2,283.0
2025,9,18,17,0.46,4.4,0.0,3.7,248.0
2025,9,18,18,0.46,4.8,22.0,3.9,215.0
2025,9,18,19,0.46,4.7,11.0,5.2,164.0
2025,9,18,22,0.74,4.9,45.0,3.9,159.0
2025,9,18,23,0.75,5.0,22.0,3.6,160.0
2025,9,19,0,0.74,5.0,11.0,4.1,193.0
2025,9,19,1,0.63,5.1,56.0,4.2,153.0
2025,9,19,2,0.6,4.8,22.0,3.5,163.0
2025,9,19,3,0.58,4.8,22.0,3.1,144.0
2025,9,19,4,0.59,4.9,11.0,1.9,148.0
2025,9,19,5,0.57,4.9,33.0,1.9,166.0
2025,9,19,6,0.52,4.7,247.0,1.6,138.0
2025,9,19,7,0.61,5.1,270.0,1.1,93.0
2025,9,19,8,0.7,5.2,258.0,2.1,104.0
2025,9,19,11,0.62,5.1,45.0,3.1,314.0
2025,9,19,12,0.48,4.8,315.0,2.4,301.0
2025,9,19,13,0.51,5.0,292.0,3.9,306.0
2025,9,19,14,0.52,5.1,348.0,5.7,306.0
2025,9,19,15,0.43,4.8,0.0,5.7,300.0
2025,9,19,16,0.47,4.9,0.0,5.0,284.0
2025,9,19,17,0.56,4.7,0.0,3.0,262.0
2025,9,19,19,0.55,4.9,258.0,5.7,148.0
2025,9,19,21,0.64,5.2,247.0,1.9,136.0
2025,9,20,0,0.66,5.5,247.0,2.9,133.0
2025,9,20,1,0.54,5.3,247.0,3.3,143.0
2025,9,20,2,0.62,5.6,247.0,3.0,154.0
2025,9,20,3,0.56,5.3,258.0,2.9,155.0
2025,9,20,5,0.54,5.2,247.0,2.0,153.0
2025,9,20,6,0.51,4.9,258.0,2.7,147.0
2025,9,20,7,0.58,5.0,270.0,2.5,147.0
2025,9,20,9,0.57,5.0,270.0,2.1,30.0
2025,9,20,10,0.53,4.8,281.0,3.5,359.0
2025,9,20,11,0.55,5.1,258.0,3.9,348.0
2025,9,20,12,0.58,5.0,270.0,4.9,352.0
2025,9,20,14,0.52,4.5,315.0,6.1,352.0
2025,9,20,15,0.55,4.2,258.0,6.6,355.0
2025,9,20,16,0.65,4.2,270.0,6.1,353.0
2025,9,20,17,0.59,4.1,22.0,5.2,4.0
2025,9,20,19,0.55,4.4,247.0,4.0,11.0
2025,9,20,20,0.56,4.4,258.0,3.5,40.0
2025,9,20,22,0.49,4.5,247.0,3.7,30.0
2025,9,20,23,0.54,5.0,258.0,3.2,10.0
2025,9,21,0,0.46,4.6,270.0,3.2,350.0
2025,9,21,1,0.41,4.7,292.0,3.0,1.0
2025,9,21,2,0.42,4.8,247.0,2.7,28.0
2025,9,21,3,0.4,4.6,292.0,2.3,38.0
2025,9,21,5,0.36,4.5,270.0,4.2,161.0
2025,9,21,6,0.38,4.6,0.0,5.0,154.0
2025,9,21,7,0.42,4.4,258.0,3.1,173.0
2025,9,21,8,0.54,4.7,270.0,2.5,155.0
2025,9,21,11,0.69,4.8,0.0,4.4,353.0
2025,9,21,16,2.09,5.8,0.0,9.3,26.0
2025,9,21,17,2.4,6.0,0.0,7.6,7.0
2025,9,21,20,2.09,6.3,0.0,6.9,33.0
2025,9,21,21,2.39,6.3,11.0,8.3,48.0
2025,9,21,22,2.1,6.0,22.0,8.7,49.0
2025,9,21,23,2.29,6.3,22.0,6.8,56.0
2025,9,22,0,2.27,6.2,22.0,7.7,48.0
2025,9,22,1,2.24,6.3,22.0,8.3,46.0
2025,9,22,3,2.32,5.9,11.0,11.0,35.0
2025,9,22,4,2.57,6.4,11.0,9.4,57.0
2025,9,22,5,2.09,6.3,11.0,9.0,48.0
2025,9,22,6,2.66,6.2,0.0,12.1,40.0
2025,9,22,8,3.08,6.9,11.0,10.7,42.0
2025,9,22,9,3.19,6.9,0.0,10.8,36.0
2025,9,22,12,3.84,7.0,0.0,11.4,22.0
2025,9,22,13,3.5,6.9,11.0,11.2,30.0
2025,9,22,14,3.34,6.7,11.0,10.4,27.0
2025,9,22,15,3.19,7.1,11.0,9.0,42.0
2025,9,22,16,3.36,7.4,11.0,9.2,37.0
2025,9,22,18,3.03,6.9,0.0,9.7,29.0
2025,9,22,19,3.1,7.1,348.0,8.8,40.0
2025,9,22,20,3.3,7.3,348.0,11.7,32.0
2025,9,22,21,3.14,7.0,0.0,10.3,32.0
2025,9,22,22,3.49,7.4,348.0,7.7,32.0
2025,9,22,23,3.33,7.4,0.0,4.5,54.0
2025,9,23,0,2.94,7.0,0.0,2.4,142.0
2025,9,23,1,2.6,6.8,0.0,1.1,119.0
2025,9,23,2,2.42,6.7,0.0,3.0,135.0
2025,9,23,3,2.24,6.6,348.0,1.3,190.0
2025,9,23,5,1.63,6.3,22.0,3.2,185.0
2025,9,23,6,1.75,6.6,11.0,5.4,170.0
2025,9,23,7,1.43,6.4,22.0,5.3,157.0
2025,9,23,9,1.63,6.6,22.0,3.0,147.0
2025,9,23,10,1.73,6.5,33.0,3.2,206.0
2025,9,23,11,1.59,6.4,22.0,2.8,201.0
2025,9,23,12,1.55,5.9,22.0,4.0,229.0
2025,9,23,13,1.64,6.0,33.0,1.4,220.0
2025,9,23,15,1.3,5.9,0.0,1.5,256.0
2025,9,23,16,1.16,5.6,22.0,1.4,226.0
2025,9,23,17,1.22,6.0,22.0,2.4,219.0
2025,9,23,18,1.1,5.6,348.0,4.0,233.0
2025,9,23,19,1.1,5.5,22.0,4.2,231.0
2025,9,23,20,1.22,6.3,22.0,3.2,210.0
2025,9,23,23,1.44,6.5,22.0,2.1,127.0
2025,9,24,0,1.38,6.4,11.0,1.9,84.0
2025,9,24,1,1.23,6.4,22.0,2.4,61.0
2025,9,24,2,1.33,6.5,22.0,3.0,64.0
2025,9,24,6,1.0,6.4,11.0,2.1,143.0
2025,9,24,7,0.91,5.9,22.0,1.7,216.0
2025,9,24,9,0.9,5.9,33.0,3.4,225.0
2025,9,24,10,1.0,6.2,33.0,4.2,210.0
2025,9,24,11,1.17,6.3,22.0,2.9,225.0
2025,9,24,12,0.97,6.0,0.0,2.4,266.0
2025,9,24,14,0.92,6.1,348.0,2.1,327.0
2025,9,24,15,0.87,6.0,315.0,3.7,17.0
2025,9,24,16,0.76,5.5,337.0,3.8,7.0
2025,9,24,17,0.78,5.8,270.0,4.3,350.0
2025,9,24,18,0.8,5.7,348.0,2.2,323.0
2025,9,24,20,0.88,6.4,281.0,2.6,34.0
2025,9,24,21,0.87,6.0,22.0,1.6,332.0
2025,9,24,22,0.88,5.6,315.0,2.0,360.0
2025,9,24,23,0.87,5.4,326.0,2.2,330.0
2025,9,25,1,0.95,5.9,0.0,3.0,10.0
2025,9,25,2,0.79,5.6,11.0,1.1,19.0
2025,9,25,5,0.79,6.1,22.0,2.2,4.0
2025,9,25,6,0.71,5.8,22.0,2.8,10.0
2025,9,25,7,0.66,5.8,33.0,3.6,24.0
2025,9,25,8,0.69,5.4,22.0,3.2,14.0
2025,9,25,9,0.68,5.4,33.0,2.7,2.0
2025,9,25,10,0.77,5.1,22.0,2.6,347.0
2025,9,25,13,0.93,5.7,348.0,3.5,300.0
2025,9,25,14,0.83,5.3,348.0,4.9,304.0
2025,9,25,15,0.8,5.3,348.0,4.1,318.0
2025,9,25,16,0.76,5.2,11.0,4.3,335.0
2025,9,25,17,0.65,4.8,348.0,3.0,356.0
2025,9,25,18,0.67,4.9,315.0,2.4,353.0
2025,9,25,19,0.72,5.1,348.0,1.2,29.0
2025,9,25,20,0.62,5.1,11.0,1.1,312.0
2025,9,26,0,0.79,5.2,22.0,1.4,36.0
2025,9,26,1,0.82,5.1,11.0,1.5,78.0
2025,9,26,4,0.77,5.2,0.0,1.4,160.0
2025,9,26,5,0.71,5.2,337.0,2.4,153.0
2025,9,26,6,0.72,5.8,11.0,4.0,162.0
2025,9,26,7,0.76,5.8,33.0,2.5,163.0
2025,9,26,8,0.85,5.9,33.0,3.1,178.0
2025,9,26,9,0.8,5.8,33.0,1.5,208.0
2025,9,26,10,0.92,5.8,33.0,1.8,238.0
2025,9,26,11,0.89,5.5,11.0,2.5,286.0
2025,9,26,12,0.98,5.6,22.0,3.5,286.0
2025,9,26,13,0.99,5.5,11.0,3.4,290.0
2025,9,26,14,1.01,5.4,22.0,2.7,298.0
2025,9,26,15,0.86,5.2,22.0,3.4,340.0
2025,9,26,16,1.02,5.6,22.0,3.3,21.0
2025,9,26,17,0.86,5.2,0.0,4.1,356.0
2025,9,26,18,0.78,5.1,11.0,4.1,359.0
2025,9,26,19,0.69,4.7,11.0,2.7,42.0
2025,9,26,20,0.65,4.9,22.0,1.4,3.0
2025,9,26,21,0.81,5.0,22.0,1.5,330.0
2025,9,26,23,1.2,5.3,22.0,1.4,238.0
2025,9,27,0,1.46,5.9,33.0,2.8,217.0
2025,9,27,1,1.32,5.7,33.0,2.3,189.0
2025,9,27,2,1.3,5.8,22.0,4.9,169.0
2025,9,27,5,0.9,5.6,33.0,5.1,155.0
2025,9,27,6,0.76,5.8,33.0,5.3,159.0
2025,9,27,7,0.83,5.8,33.0,5.7,160.0
2025,9,27,9,0.71,5.7,33.0,4.3,139.0
2025,9,27,10,0.71,5.6,45.0,3.0,123.0
2025,9,27,12,0.77,5.2,22.0,5.2,4.0
2025,9,27,13,0.77,4.8,22.0,6.2,7.0
2025,9,27,17,0.73,4.2,22.0,4.5,6.0
2025,9,27,18,0.68,4.3,11.0,4.4,24.0
2025,9,27,19,0.64,4.3,22.0,3.1,24.0
2025,9,27,20,0.69,4.5,22.0,2.4,7.0
2025,9,27,21,0.72,4.6,22.0,1.9,7.0
2025,9,28,2,0.86,5.0,33.0,2.6,210.0
2025,9,28,3,0.84,5.0,33.0,2.9,230.0
2025,9,28,4,0.8,4.9,22.0,2.1,252.0
2025,9,28,5,0.66,4.7,22.0,1.2,178.0
2025,9,28,6,0.57,4.5,33.0,1.8,174.0
2025,9,28,7,0.56,4.6,22.0,2.6,175.0
2025,9,28,8,0.51,4.5,22.0,1.9,163.0
2025,9,28,10,0.51,4.6,11.0,2.0,274.0
2025,9,28,11,0.43,4.5,33.0,4.3,280.0
2025,9,28,12,0.41,4.1,22.0,4.6,280.0
2025,9,28,13,0.41,4.3,11.0,5.0,285.0
2025,9,28,16,0.36,4.0,11.0,3.2,296.0
2025,9,28,18,0.45,4.7,22.0,1.7,262.0
2025,9,28,21,0.38,4.7,258.0,2.3,187.0
2025,9,28,22,0.34,4.4,11.0,2.1,241.0
2025,9,28,23,0.35,4.5,11.0,1.2,214.0
2025,9,29,0,0.4,4.5,22.0,2.0,208.0
2025,9,29,1,0.44,4.7,22.0,1.7,182.0
2025,9,29,2,0.4,4.7,0.0,1.2,235.0
2025,9,29,3,0.41,4.7,22.0,1.2,273.0
2025,9,29,7,0.34,5.0,247.0,1.5,147.0
2025,9,29,11,0.3,4.9,0.0,2.9,280.0
2025,9,29,12,0.38,5.2,258.0,3.6,293.0
2025,9,29,13,0.37,4.7,326.0,3.5,308.0
2025,9,29,14,0.36,4.8,247.0,3.5,305.0
2025,9,29,15,0.35,5.0,247.0,3.6,314.0
2025,9,29,16,0.39,4.5,225.0,3.6,334.0
2025,9,29,17,0.34,4.6,315.0,3.7,349.0
2025,9,29,18,0.51,4.7,247.0,3.5,3.0
2025,9,29,19,0.31,4.4,270.0,4.4,26.0
2025,9,29,20,0.3,4.5,270.0,4.0,27.0
2025,9,29,21,0.35,4.4,247.0,3.3,36.0
2025,9,29,23,0.36,4.6,247.0,2.8,314.0
2025,9,30,0,0.32,4.6,247.0,2.5,301.0
2025,9,30,1,0.36,4.8,247.0,3.2,297.0
2025,9,30,2,0.39,4.6,247.0,3.6,319.0
2025,9,30,3,0.32,4.6,225.0,4.0,313.0
2025,9,30,5,0.33,4.3,258.0,2.7,355.0
2025,9,30,6,0.35,4.3,45.0,4.0,342.0
2025,9,30,7,0.32,4.0,348.0,4.5,348.0
2025,9,30,8,0.46,4.2,236.0,5.1,11.0
2025,9,30,10,0.42,4.5,247.0,3.1,10.0
2025,9,30,12,0.42,4.4,11.0,3.3,345.0
2025,9,30,13,0.38,4.2,33.0,4.1,345.0
2025,9,30,14,0.39,4.0,33.0,4.1,348.0
2025,9,30,16,0.4,4.0,258.0,3.0,359.0
2025,9,30,17,0.46,4.3,33.0,3.7,357.0
2025,9,30,18,0.37,3.8,45.0,3.1,19.0
2025,9,30,20,0.39,4.2,270.0,2.5,37.0
2025,9,30,21,0.33,4.1,33.0,2.5,27.0
2025,9,30,22,0.33,4.2,22.0,1.7,26.0
2025,10,1,0,0.33,4.5,22.0,1.6,195.0
2025,10,1,1,0.3,4.4,22.0,3.1,308.0
2025,10,1,2,0.35,5.0,22.0,1.7,258.0
2025,10,1,3,0.28,4.4,258.0,2.3,300.0
2025,10,1,4,0.31,4.6,33.0,2.1,310.0
2025,10,1,5,0.25,4.3,258.0,2.0,329.0
2025,10,1,6,0.26,4.4,56.0,1.6,3.0
2025,10,1,8,0.29,4.4,11.0,2.7,18.0
2025,10,1,9,0.33,5.0,0.0,2.1,360.0
2025,10,1,11,0.27,4.4,258.0,1.1,328.0
2025,10,1,12,0.41,5.0,45.0,3.0,341.0
2025,10,1,13,0.25,4.4,281.0,4.9,345.0
2025,10,1,16,0.29,3.4,22.0,4.8,6.0
2025,10,1,17,0.38,3.4,22.0,5.3,17.0
2025,10,1,18,0.38,3.3,33.0,4.8,24.0
2025,10,1,20,0.43,3.4,22.0,4.4,44.0
2025,10,1,22,0.36,3.6,22.0,1.4,40.0
2025,10,2,1,0.43,3.9,11.0,1.5,275.0
2025,10,2,3,0.46,4.0,0.0,2.5,237.0
2025,10,2,4,0.42,4.0,11.0,2.4,246.0
2025,10,2,5,0.39,4.2,33.0,2.7,174.0
2025,10,2,6,0.51,4.4,22.0,2.8,180.0
2025,10,2,7,0.41,4.3,33.0,3.1,193.0
2025,10,2,8,0.45,4.2,33.0,2.5,201.0
2025,10,2,9,0.42,4.3,33.0,2.0,206.0
2025,10,2,10,0.38,4.5,22.0,3.1,253.0
2025,10,2,11,0.34,4.4,33.0,3.5,262.0
2025,10,2,12,0.37,4.5,11.0,3.2,262.0
2025,10,2,13,0.36,4.5,0.0,4.2,270.0
2025,10,2,14,0.39,4.1,11.0,4.5,279.0
2025,10,2,15,0.32,4.4,11.0,4.5,274.0
2025,10,2,16,0.31,4.3,22.0,4.5,282.0
2025,10,2,17,0.37,4.3,236.0,3.0,283.0
2025,10,2,18,0.35,4.0,236.0,2.3,290.0
2025,10,2,19,0.32,4.1,33.0,1.8,334.0
2025,10,2,20,0.3,3.9,22.0,1.4,3.0
2025,10,2,23,0.29,3.9,22.0,1.7,284.0
2025,10,3,0,0.26,3.9,33.0,1.9,282.0
2025,10,3,2,0.24,3.8,11.0,1.7,272.0
2025,10,3,3,0.33,4.1,247.0,2.4,261.0
2025,10,3,7,0.28,4.4,22.0,1.6,331.0
2025,10,3,11,0.29,4.2,11.0,2.7,334.0
2025,10,3,12,0.3,4.7,22.0,4.1,334.0
2025,10,3,17,0.3,4.0,22.0,3.7,348.0
2025,10,3,18,0.34,4.2,33.0,2.9,1.0
2025,10,3,19,0.37,4.0,0.0,3.9,17.0
2025,10,3,20,0.33,3.7,11.0,5.5,27.0
2025,10,3,21,0.34,3.4,22.0,5.2,38.0
2025,10,3,22,0.39,3.4,33.0,4.5,45.0
2025,10,3,23,0.37,3.5,22.0,4.9,39.0
2025,10,4,0,0.35,3.4,11.0,4.0,52.0
2025,10,4,1,0.31,3.8,11.0,2.2,63.0
2025,10,4,2,0.27,3.8,0.0,3.7,167.0
2025,10,4,3,0.29,4.0,33.0,1.7,163.0
2025,10,4,5,0.3,4.2,33.0,1.2,33.0
2025,10,4,6,0.31,4.1,33.0,2.6,41.0
2025,10,4,7,0.34,4.1,33.0,2.3,38.0
2025,10,4,8,0.3,3.9,33.0,1.5,48.0
2025,10,4,9,0.31,4.1,22.0,2.5,5.0
2025,10,4,10,0.34,3.8,33.0,3.1,352.0
2025,10,4,11,0.29,3.8,22.0,1.6,349.0
2025,10,4,12,0.24,3.7,11.0,2.1,330.0
2025,10,4,13,0.22,3.8,22.0,3.8,311.0
2025,10,4,14,0.22,4.0,22.0,4.0,318.0
2025,10,4,15,0.26,4.0,281.0,4.6,323.0
2025,10,4,16,0.3,4.1,303.0,3.4,333.0
2025,10,4,17,0.3,4.3,22.0,2.8,338.0
2025,10,4,18,0.32,4.2,45.0,2.0,1.0
2025,10,4,23,0.34,4.5,258.0,1.3,229.0
2025,10,5,0,0.3,4.3,292.0,1.6,301.0
2025,10,5,1,0.27,3.9,33.0,2.9,314.0
2025,10,5,2,0.29,4.9,247.0,1.6,322.0
2025,10,5,5,0.33,4.8,258.0,1.5,13.0
2025,10,5,6,0.46,6.1,258.0,1.2,9.0
2025,10,5,7,0.42,5.3,258.0,2.3,37.0
2025,10,5,8,0.48,5.3,247.0,2.2,38.0
2025,10,5,9,0.54,5.4,247.0,2.4,32.0
2025,10,5,10,0.51,5.6,247.0,2.1,30.0
2025,10,5,11,0.43,5.5,247.0,2.3,355.0
2025,10,5,12,0.37,4.8,270.0,3.6,355.0
2025,10,5,13,0.41,5.7,247.0,3.7,341.0
2025,10,5,14,0.34,5.5,247.0,3.9,320.0
2025,10,5,15,0.34,5.3,270.0,4.7,317.0
2025,10,5,16,0.43,5.8,270.0,3.5,315.0
2025,10,5,17,0.47,5.2,258.0,3.0,331.0
2025,10,5,18,0.54,5.0,225.0,2.7,315.0
2025,10,5,19,0.45,5.3,247.0,1.9,325.0
2025,10,5,20,0.47,5.2,247.0,1.9,336.0
2025,10,5,21,0.46,4.9,258.0,1.6,5.0
2025,10,5,22,0.54,5.7,247.0,2.3,326.0
2025,10,5,23,0.46,5.6,270.0,1.9,360.0
2025,10,6,0,0.44,5.1,281.0,2.4,352.0
2025,10,6,2,0.43,5.7,292.0,2.5,330.0
2025,10,6,3,0.44,5.6,292.0,2.8,343.0
2025,10,6,6,0.38,4.9,281.0,3.6,353.0
2025,10,6,8,0.41,4.6,270.0,3.4,53.0
2025,10,6,10,0.43,4.9,258.0,2.9,2.0
2025,10,6,12,0.47,5.8,258.0,2.4,327.0
2025,10,6,13,0.43,4.9,281.0,2.8,309.0
2025,10,6,14,0.36,4.6,292.0,3.9,309.0
2025,10,6,15,0.44,4.7,236.0,5.9,339.0
2025,10,6,16,0.48,4.9,247.0,5.2,7.0
2025,10,6,17,0.54,4.2,258.0,5.2,5.0
2025,10,6,18,0.47,4.1,11.0,5.3,16.0
2025,10,6,19,0.53,4.4,236.0,5.3,13.0
2025,10,6,22,0.54,4.2,33.0,3.3,5.0
2025,10,7,1,0.68,4.6,33.0,1.8,243.0
2025,10,7,2,0.68,4.7,22.0,2.7,224.0
2025,10,7,3,0.58,4.6,33.0,3.0,222.0
2025,10,7,4,0.56,4.5,22.0,1.1,238.0
2025,10,7,5,0.59,4.7,45.0,4.4,160.0
2025,10,7,6,0.57,4.9,33.0,3.8,148.0
2025,10,7,9,0.69,4.8,33.0,2.0,35.0
2025,10,7,10,0.7,4.7,33.0,3.5,7.0
2025,10,7,11,0.68,4.5,22.0,4.7,352.0
2025,10,7,12,0.76,4.6,33.0,3.7,340.0
2025,10,7,13,0.69,4.5,22.0,3.6,6.0
2025,10,7,14,1.06,4.6,11.0,8.3,33.0
2025,10,7,15,1.5,5.0,22.0,9.6,32.0
2025,10,7,16,1.94,5.6,22.0,9.8,23.0
2025,10,7,17,1.59,5.1,22.0,10.3,17.0
2025,10,7,18,1.96,5.8,22.0,10.5,17.0
2025,10,7,19,2.29,6.0,22.0,10.6,22.0
2025,10,7,20,1.94,5.9,33.0,8.3,34.0
2025,10,7,21,1.98,5.9,33.0,8.0,43.0
2025,10,7,22,1.8,5.7,33.0,7.5,48.0
2025,10,7,23,1.61,5.4,33.0,5.2,57.0
2025,10,8,0,1.45,5.3,33.0,3.6,79.0
2025,10,8,1,1.54,5.6,33.0,3.1,154.0
2025,10,8,3,1.16,5.5,33.0,2.9,154.0
2025,10,8,4,1.05,5.5,33.0,3.0,160.0
2025,10,8,8,1.19,6.1,45.0,2.3,223.0
2025,10,8,10,1.1,5.2,22.0,2.6,274.0
2025,10,8,12,1.18,5.1,22.0,3.1,325.0
2025,10,8,14,1.39,5.1,33.0,8.3,28.0
2025,10,8,15,1.96,5.4,22.0,9.7,20.0
2025,10,8,17,2.06,5.4,11.0,9.4,27.0
2025,10,8,18,2.14,5.7,11.0,10.0,19.0
2025,10,8,20,2.05,5.9,22.0,6.8,26.0
2025,10,8,21,1.77,5.8,22.0,7.0,42.0
2025,10,8,23,1.78,5.8,22.0,7.1,38.0
2025,10,9,0,1.85,6.0,22.0,5.6,44.0
2025,10,9,2,1.71,5.8,33.0,5.7,48.0
2025,10,9,3,1.53,5.5,22.0,8.8,40.0
2025,10,9,4,1.37,5.0,22.0,8.9,41.0
2025,10,9,6,1.53,5.5,0.0,8.1,40.0
2025,10,9,7,1.6,5.4,11.0,9.2,37.0
2025,10,9,10,1.75,5.9,11.0,5.9,34.0
2025,10,9,11,2.23,5.9,11.0,9.1,27.0
2025,10,9,13,2.14,5.9,22.0,10.4,29.0
2025,10,9,15,2.12,5.4,22.0,11.4,31.0
2025,10,9,17,1.67,5.2,22.0,11.5,32.0
2025,10,9,18,2.22,5.6,22.0,12.5,36.0
2025,10,9,19,2.07,5.5,22.0,12.3,31.0
2025,10,9,20,2.38,6.5,22.0,10.9,34.0
2025,10,9,23,1.86,5.4,33.0,9.3,34.0
2025,10,10,0,1.89,5.7,33.0,8.9,36.0
2025,10,10,1,1.86,5.6,33.0,8.0,38.0
2025,10,10,2,1.55,5.4,33.0,7.7,43.0
2025,10,10,3,1.65,5.8,22.0,7.0,51.0
2025,10,10,4,1.43,5.5,33.0,6.5,55.0
2025,10,10,5,1.38,5.5,22.0,5.9,56.0
2025,10,10,6,1.37,5.6,33.0,4.6,64.0
2025,10,10,8,1.39,5.9,11.0,2.3,85.0
2025,10,10,13,1.28,5.3,22.0,5.1,359.0
2025,10,10,15,1.38,5.2,22.0,7.2,30.0
2025,10,10,17,1.46,4.8,11.0,8.9,31.0
2025,10,10,18,1.41,4.9,11.0,9.5,31.0
2025,10,10,20,1.33,5.3,11.0,7.3,33.0
2025,10,10,22,1.51,5.6,22.0,5.5,41.0
2025,10,10,23,1.48,5.5,22.0,4.7,50.0
2025,10,11,0,1.68,5.7,22.0,4.0,48.0
2025,10,11,1,1.28,5.4,33.0,3.1,32.0
2025,10,11,3,1.1,5.5,33.0,1.6,43.0
2025,10,11,4,1.02,5.3,22.0,1.5,170.0
2025,10,11,5,0.95,5.4,22.0,3.4,174.0
2025,10,11,6,0.89,5.2,11.0,3.3,175.0
2025,10,11,7,0.76,5.3,11.0,2.9,157.0
2025,10,11,8,0.67,5.2,22.0,3.1,164.0
2025,10,11,9,0.64,5.0,33.0,1.4,187.0
2025,10,11,10,0.77,5.3,22.0,2.1,299.0
2025,10,11,11,0.85,5.8,22.0,3.1,311.0
2025,10,11,12,0.85,5.6,22.0,4.8,340.0
2025,10,11,15,0.9,5.1,11.0,5.0,359.0
2025,10,11,16,0.82,5.1,0.0,5.3,2.0
2025,10,11,17,0.82,4.8,22.0,5.4,2.0
2025,10,11,18,0.86,5.1,0.0,4.5,8.0
2025,10,11,19,0.74,5.2,348.0,3.4,7.0
2025,10,11,20,0.75,5.0,11.0,2.7,29.0
2025,10,11,21,0.58,4.9,0.0,2.0,37.0
2025,10,12,2,0.73,5.6,11.0,1.7,326.0
2025,10,12,5,0.61,5.2,11.0,1.4,335.0
2025,10,12,8,0.58,5.2,45.0,1.7,186.0
2025,10,12,10,0.46,5.2,33.0,1.4,270.0
2025,10,12,11,0.53,5.7,22.0,3.2,292.0
2025,10,12,12,0.42,5.0,11.0,3.1,306.0
2025,10,12,13,0.52,5.7,22.0,3.7,308.0
2025,10,12,15,0.46,5.1,22.0,3.9,312.0
2025,10,12,17,0.47,4.8,22.0,4.1,347.0
2025,10,12,18,0.47,4.8,11.0,3.3,23.0
2025,10,12,19,0.46,4.8,202.0,2.7,57.0
2025,10,12,23,0.35,5.1,11.0,1.7,353.0
2025,10,13,0,0.39,5.5,11.0,2.8,355.0
2025,10,13,1,0.41,5.6,33.0,2.1,10.0
2025,10,13,4,0.38,5.1,22.0,1.2,96.0
2025,10,13,5,0.38,4.8,11.0,1.8,32.0
2025,10,13,6,0.31,5.0,11.0,3.1,28.0
2025,10,13,8,0.37,4.9,11.0,1.7,63.0
2025,10,13,10,0.29,5.2,22.0,1.4,11.0
2025,10,13,11,0.24,4.7,11.0,2.0,358.0
2025,10,13,12,0.3,4.8,22.0,3.0,342.0
2025,10,13,13,0.32,4.5,22.0,2.5,348.0
2025,10,13,14,0.31,4.8,11.0,3.6,349.0
2025,10,13,15,0.33,5.0,11.0,4.6,347.0
2025,10,13,16,0.35,4.5,22.0,4.8,7.0
2025,10,13,17,0.48,4.7,225.0,4.5,11.0
2025,10,13,18,0.38,4.2,0.0,4.7,19.0
2025,10,13,19,0.35,3.9,11.0,4.3,14.0
2025,10,13,21,0.32,4.2,326.0,2.3,4.0
2025,10,13,22,0.34,4.6,0.0,2.0,6.0
2025,10,14,2,0.32,4.6,22.0,1.2,336.0
2025,10,14,3,0.34,4.9,22.0,2.3,11.0
2025,10,14,5,0.34,4.6,11.0,4.2,27.0
2025,10,14,6,0.29,4.1,11.0,4.1,42.0
2025,10,14,7,0.24,3.9,11.0,3.9,44.0
2025,10,14,8,0.34,4.1,22.0,4.2,59.0
2025,10,14,9,0.26,3.8,11.0,3.8,42.0
2025,10,14,10,0.3,3.7,33.0,4.5,8.0
2025,10,14,11,0.32,3.6,45.0,4.9,355.0
2025,10,14,12,0.29,3.8,22.0,4.4,344.0
2025,10,14,13,0.38,4.0,213.0,4.1,341.0
2025,10,14,17,0.39,3.4,33.0,6.1,3.0
2025,10,14,18,0.46,3.7,22.0,4.7,13.0
2025,10,14,21,0.41,3.8,11.0,1.1,316.0
2025,10,14,22,0.38,3.8,33.0,1.6,253.0
2025,10,14,23,0.44,3.9,33.0,3.0,263.0
2025,10,15,0,0.53,4.2,22.0,3.0,240.0
2025,10,15,1,0.53,4.3,0.0,2.1,235.0
2025,10,15,2,0.65,4.8,11.0,3.1,231.0
2025,10,15,3,0.52,4.6,22.0,2.2,229.0
2025,10,15,4,0.53,4.5,22.0,4.1,160.0
2025,10,15,5,0.49,4.5,33.0,4.4,164.0
2025,10,15,6,0.5,4.5,11.0,3.7,183.0
2025,10,15,7,0.58,4.7,22.0,3.4,160.0
2025,10,15,8,0.66,4.7,11.0,3.5,148.0
2025,10,15,10,0.5,4.6,11.0,1.7,264.0
2025,10,15,11,0.51,4.8,0.0,1.9,317.0
2025,10,15,12,0.49,4.6,22.0,3.3,334.0
2025,10,15,13,0.49,4.7,22.0,4.0,351.0
2025,10,15,14,0.51,4.5,22.0,4.7,357.0
2025,10,15,15,0.53,4.3,22.0,4.7,355.0
2025,10,15,16,0.58,4.3,22.0,4.8,6.0
2025,10,15,17,0.6,4.0,33.0,6.1,18.0
2025,10,15,18,0.82,4.3,22.0,5.1,23.0
2025,10,15,19,0.88,4.7,22.0,3.1,19.0
2025,10,15,20,0.96,4.6,22.0,3.1,2.0
2025,10,15,21,0.97,5.0,33.0,1.9,11.0
2025,10,16,4,0.64,4.5,22.0,1.5,179.0
2025,10,16,5,0.59,4.6,11.0,2.6,143.0
2025,10,16,6,0.66,4.7,11.0,3.1,145.0
2025,10,16,7,0.62,4.5,11.0,2.9,151.0
2025,10,16,8,0.65,4.7,11.0,2.4,140.0
2025,10,16,10,0.67,4.7,11.0,2.0,326.0
2025,10,16,11,0.66,4.8,22.0,2.8,344.0
2025,10,16,12,0.66,4.8,11.0,3.2,345.0
2025,10,16,13,0.64,4.7,11.0,4.9,342.0
2025,10,16,14,0.64,4.5,0.0,5.4,344.0
2025,10,16,15,0.68,4.4,11.0,5.9,353.0
2025,10,16,17,0.77,4.2,22.0,8.5,13.0
2025,10,16,19,1.43,5.0,22.0,6.6,14.0
2025,10,16,20,1.65,5.5,22.0,6.1,23.0
2025,10,16,21,1.77,5.7,22.0,3.2,23.0
2025,10,16,22,1.4,5.3,22.0,1.5,29.0
2025,10,16,23,1.39,5.2,22.0,1.8,22.0
2025,10,17,0,1.16,5.2,11.0,2.9,22.0
2025,10,17,1,1.09,5.1,22.0,1.4,33.0
2025,10,17,3,1.22,5.6,22.0,2.8,146.0
2025,10,17,4,1.31,5.6,22.0,3.6,144.0
2025,10,17,5,1.19,5.7,33.0,3.7,149.0
2025,10,17,6,1.21,5.7,11.0,3.0,161.0
2025,10,17,10,0.99,5.3,11.0,1.8,340.0
2025,10,17,11,0.95,5.3,0.0,2.5,325.0
2025,10,17,12,0.98,5.5,11.0,3.1,319.0
2025,10,17,16,0.89,5.4,0.0,3.2,353.0
2025,10,17,17,0.99,5.3,0.0,2.9,8.0
2025,10,17,19,1.24,5.6,22.0,1.3,21.0
2025,10,17,23,1.23,5.4,11.0,2.0,7.0
2025,10,18,1,0.85,4.9,22.0,1.5,334.0
2025,10,18,4,0.87,5.3,11.0,2.6,158.0
2025,10,18,5,0.92,5.7,22.0,2.8,173.0
2025,10,18,7,0.9,5.1,11.0,2.7,175.0
2025,10,18,11,1.0,5.1,11.0,2.4,320.0
2025,10,18,13,0.78,4.8,22.0,5.7,357.0
2025,10,18,14,0.76,4.8,0.0,7.4,12.0
2025,10,18,15,0.95,4.7,0.0,7.6,11.0
2025,10,18,16,1.64,5.3,11.0,6.9,26.0
2025,10,18,18,2.28,6.3,22.0,4.2,28.0
2025,10,18,19,1.95,5.8,22.0,7.5,25.0
2025,10,18,20,2.27,6.3,11.0,7.1,34.0
2025,10,18,22,2.02,5.9,11.0,7.4,39.0
2025,10,18,23,2.13,5.7,22.0,9.2,45.0
2025,10,19,2,2.02,5.9,11.0,9.8,34.0
2025,10,19,4,2.1,5.7,11.0,10.2,33.0
2025,10,19,5,2.43,6.1,0.0,9.8,33.0
2025,10,19,7,2.57,6.6,348.0,5.7,49.0
2025,10,19,8,2.9,6.9,11.0,7.8,43.0
2025,10,19,9,2.91,6.6,11.0,5.9,39.0
2025,10,19,10,3.15,6.9,0.0,10.1,30.0
2025,10,19,11,2.99,6.7,0.0,4.3,62.0
2025,10,19,12,2.68,6.5,0.0,7.1,24.0
2025,10,19,13,2.68,6.6,0.0,5.9,29.0
2025,10,19,14,2.25,6.0,0.0,6.8,23.0
2025,10,19,15,2.55,6.6,0.0,7.7,19.0
2025,10,19,16,2.59,6.9,348.0,9.0,35.0
2025,10,19,17,2.77,6.5,348.0,11.9,27.0
2025,10,19,18,3.16,6.6,348.0,13.6,32.0
2025,10,19,20,3.79,7.4,0.0,15.2,30.0
2025,10,19,21,4.16,7.4,11.0,15.6,33.0
2025,10,20,0,4.22,7.3,11.0,16.4,39.0
2025,10,20,6,3.86,7.7,0.0,13.7,33.0
2025,10,20,10,4.24,7.0,22.0,18.2,34.0
2025,10,20,12,4.66,7.5,11.0,18.1,34.0
2025,10,20,13,4.29,6.9,11.0,17.1,32.0
2025,10,20,14,3.94,7.1,22.0,17.8,33.0
2025,10,20,16,4.33,7.1,0.0,18.0,41.0
2025,10,20,20,4.55,7.5,11.0,18.0,38.0
2025,10,20,21,3.94,6.7,11.0,18.3,36.0
2025,10,20,22,4.77,7.1,11.0,18.5,39.0
2025,10,21,0,4.12,7.0,11.0,18.9,36.0
2025,10,21,4,3.95,6.5,11.0,18.3,39.0
2025,10,21,7,3.69,6.2,0.0,19.1,33.0
2025,10,21,8,3.8,6.6,0.0,18.4,34.0
2025,10,21,10,4.32,6.6,11.0,19.4,33.0
2025,10,21,14,3.79,6.1,0.0,18.4,37.0
2025,10,21,16,3.96,6.5,22.0,19.7,33.0
2025,10,21,18,4.12,6.7,0.0,19.0,32.0
2025,10,21,20,4.55,7.0,11.0,20.3,32.0
2025,10,22,2,3.81,6.9,0.0,19.4,30.0
2025,10,22,4,3.94,6.9,0.0,19.5,25.0
2025,10,22,8,4.73,7.6,11.0,20.7,26.0
2025,10,22,12,4.59,6.9,11.0,20.9,31.0
2025,10,22,13,4.17,6.8,0.0,20.9,35.0
2025,10,22,15,4.0,6.3,0.0,20.0,41.0
2025,10,22,18,4.03,6.4,11.0,19.2,36.0
2025,10,22,19,3.77,6.4,11.0,19.2,33.0
2025,10,22,22,3.73,6.2,0.0,19.2,32.0
2025,10,23,0,3.78,6.5,11.0,20.5,31.0
2025,10,23,1,3.55,6.2,0.0,19.4,32.0
2025,10,23,4,4.35,6.9,11.0,19.8,27.0
2025,10,23,6,3.71,6.3,11.0,19.0,29.0
2025,10,23,9,3.53,6.5,11.0,18.0,34.0
2025,10,23,10,3.71,6.6,11.0,17.5,33.0
2025,10,23,13,3.3,6.3,0.0,15.7,26.0
2025,10,23,16,3.61,6.6,11.0,16.3,29.0
2025,10,23,20,3.39,6.2,11.0,17.9,37.0
2025,10,23,22,3.73,6.6,22.0,18.3,35.0
2025,10,24,4,3.21,5.8,11.0,16.6,39.0
2025,10,24,8,3.68,6.5,11.0,15.8,34.0
2025,10,24,10,3.43,6.4,11.0,16.0,34.0
2025,10,24,14,3.67,6.6,11.0,15.8,42.0
2025,10,24,15,2.88,5.9,11.0,15.5,40.0
2025,10,24,16,2.94,5.9,11.0,16.9,39.0
2025,10,24,17,2.81,5.6,11.0,17.5,43.0
2025,10,24,19,2.8,5.7,22.0,15.4,40.0
2025,10,24,20,3.02,6.2,11.0,16.5,41.0
2025,10,24,23,3.65,6.5,11.0,15.6,44.0
2025,10,25,2,2.96,5.9,11.0,15.6,40.0
2025,10,25,4,2.64,5.4,22.0,14.6,45.0
2025,10,25,5,2.87,6.2,11.0,14.4,40.0
2025,10,25,8,3.09,6.0,11.0,13.4,34.0
2025,10,25,9,3.23,6.2,11.0,14.1,33.0
2025,10,25,10,2.95,6.0,22.0,14.5,34.0
2025,10,25,12,2.98,5.8,22.0,14.4,34.0
2025,10,25,13,3.29,6.2,22.0,14.3,32.0
2025,10,25,18,2.44,5.6,11.0,13.7,32.0
2025,10,25,21,2.47,5.8,11.0,12.1,37.0
2025,10,25,22,2.39,5.6,11.0,11.7,36.0
2025,10,25,23,2.24,5.5,22.0,11.7,38.0
2025,10,26,2,2.3,5.5,22.0,12.4,41.0
2025,10,26,3,2.59,5.8,11.0,12.0,40.0
2025,10,26,6,2.4,5.6,22.0,12.7,38.0
2025,10,26,8,2.53,5.5,11.0,13.9,36.0
2025,10,26,10,2.63,5.9,22.0,14.2,40.0
2025,10,26,11,3.07,6.2,22.0,14.7,40.0
2025,10,26,12,3.03,6.2,33.0,14.4,34.0
2025,10,26,16,2.72,5.9,22.0,15.5,38.0
2025,10,26,17,2.73,5.6,22.0,15.0,37.0
2025,10,26,20,2.6,5.7,22.0,14.9,40.0
2025,10,27,1,2.74,5.9,22.0,14.9,43.0
2025,10,27,4,2.47,5.5,22.0,15.9,43.0
2025,10,27,5,2.71,5.6,11.0,15.5,43.0
2025,10,27,8,2.65,5.8,11.0,14.8,44.0
2025,10,27,10,2.9,6.0,11.0,15.8,37.0
2025,10,27,14,2.77,5.6,22.0,14.8,36.0
2025,10,27,15,3.01,5.6,22.0,14.9,34.0
2025,10,27,17,2.71,5.4,11.0,14.5,37.0
2025,10,27,19,2.61,5.7,11.0,13.9,39.0
2025,10,27,20,2.7,5.6,11.0,14.7,37.0
2025,10,27,21,2.47,5.4,22.0,14.2,48.0
2025,10,28,0,2.5,5.6,22.0,12.9,43.0
2025,10,28,2,2.38,5.7,22.0,11.1,37.0
2025,10,28,3,2.37,5.7,11.0,10.9,42.0
2025,10,28,5,1.96,5.3,11.0,10.7,37.0
2025,10,28,8,2.14,5.5,11.0,11.2,38.0
2025,10,28,9,2.2,5.7,11.0,9.5,44.0
2025,10,28,10,2.15,5.9,11.0,8.6,43.0
2025,10,28,11,2.22,5.8,0.0,11.2,37.0
2025,10,28,13,2.42,5.8,11.0,11.6,38.0
2025,10,28,16,3.27,6.5,11.0,12.8,39.0
2025,10,28,17,3.17,6.5,11.0,13.3,39.0
2025,10,28,18,2.96,6.1,11.0,13.7,38.0
2025,10,28,19,3.09,6.1,11.0,15.8,39.0
2025,10,28,22,3.55,6.4,11.0,16.2,43.0
2025,10,29,1,3.07,6.5,11.0,13.9,43.0
2025,10,29,3,3.18,6.2,33.0,13.6,42.0
2025,10,29,4,2.81,6.0,22.0,13.9,40.0
2025,10,29,6,2.97,5.9,22.0,14.2,42.0
2025,10,29,10,2.58,6.1,11.0,11.2,43.0
2025,10,29,11,2.56,6.3,11.0,11.6,44.0
2025,10,29,13,2.82,6.5,11.0,11.1,32.0
2025,10,29,16,2.61,6.1,11.0,12.0,38.0
2025,10,29,17,2.79,5.9,22.0,12.4,36.0
2025,10,29,20,2.68,6.0,22.0,9.9,42.0
2025,10,29,21,2.32,6.0,11.0,9.2,37.0
2025,10,30,4,1.66,5.9,11.0,3.6,72.0
2025,10,30,5,1.72,6.1,11.0,3.6,54.0
2025,10,30,6,1.63,6.1,0.0,3.5,31.0
2025,10,30,8,1.61,6.1,348.0,2.9,5.0
2025,10,30,9,1.46,5.8,348.0,3.9,27.0
2025,10,30,10,1.42,5.7,11.0,4.0,43.0
2025,10,30,13,1.83,5.9,0.0,6.5,36.0
2025,10,30,14,1.71,5.4,0.0,7.9,32.0
2025,10,30,15,1.92,6.1,0.0,5.7,27.0
2025,10,30,16,1.84,5.6,0.0,9.3,356.0
2025,10,30,18,1.96,5.4,11.0,7.3,13.0
2025,10,30,19,1.81,5.5,0.0,6.7,7.0
2025,10,30,20,1.68,5.4,0.0,7.4,359.0
2025,10,30,21,1.73,5.3,11.0,8.6,9.0
2025,10,30,22,1.55,5.1,11.0,7.0,18.0
2025,10,30,23,1.63,5.2,0.0,7.4,14.0
2025,10,31,3,1.58,5.3,11.0,8.0,25.0
2025,10,31,4,1.43,5.0,11.0,8.1,30.0
2025,10,31,7,1.56,5.0,22.0,9.5,22.0
2025,10,31,8,1.77,5.2,22.0,10.2,8.0
2025,10,31,10,1.85,5.1,22.0,11.3,27.0
2025,10,31,12,1.9,5.4,22.0,12.4,360.0
2025,10,31,13,1.89,5.0,22.0,13.0,19.0
2025,10,31,14,2.3,5.6,33.0,13.2,27.0
2025,10,31,15,2.27,5.7,22.0,12.8,11.0
2025,10,31,16,2.3,5.5,33.0,12.8,10.0
2025,10,31,19,1.99,5.5,22.0,12.5,26.0
2025,10,31,21,2.33,5.6,33.0,12.5,27.0
2025,10,31,22,2.34,5.6,22.0,12.5,34.0
2025,11,1,1,2.3,5.6,33.0,13.1,48.0
2025,11,1,3,2.51,5.9,22.0,13.8,55.0
2025,11,1,5,2.67,6.0,22.0,14.4,52.0
2025,11,1,7,2.53,5.6,33.0,13.5,26.0
2025,11,1,9,2.57,5.9,22.0,12.5,30.0
2025,11,1,10,2.26,5.7,22.0,11.5,38.0
2025,11,1,11,2.45,5.7,22.0,11.9,39.0
2025,11,1,13,2.46,5.7,22.0,12.2,37.0
2025,11,1,15,2.44,6.2,22.0,10.7,25.0
2025,11,1,17,2.28,5.9,22.0,10.5,36.0
2025,11,1,19,2.57,6.2,22.0,8.9,33.0
2025,11,1,21,2.22,5.8,22.0,9.3,41.0
2025,11,1,23,2.05,5.6,22.0,8.6,38.0
2025,11,2,1,1.56,5.7,11.0,7.3,36.0
2025,11,2,3,1.88,5.2,22.0,8.7,42.0
2025,11,2,5,1.99,5.5,11.0,9.7,50.0
2025,11,2,10,2.34,5.6,33.0,11.5,37.0
2025,11,2,11,2.03,5.4,22.0,10.7,37.0
2025,11,2,15,1.98,5.6,22.0,12.7,47.0
2025,11,2,16,2.02,5.3,33.0,12.7,49.0
2025,11,2,17,2.32,5.5,33.0,13.9,49.0
2025,11,2,21,3.13,6.2,33.0,14.6,40.0
2025,11,2,23,3.41,6.6,33.0,15.4,39.0
2025,11,3,0,2.72,5.6,22.0,12.8,37.0
2025,11,3,1,2.61,5.7,22.0,12.8,37.0
2025,11,3,2,2.54,5.8,33.0,13.2,40.0
2025,11,3,3,2.86,6.2,22.0,12.3,47.0
2025,11,3,5,2.59,5.9,11.0,13.8,304.0
2025,11,3,7,3.2,6.7,22.0,12.3,35.0
2025,11,3,8,3.56,6.7,11.0,12.8,22.0
2025,11,3,9,3.03,6.2,11.0,12.3,293.0
2025,11,3,10,3.33,6.3,22.0,13.4,19.0
2025,11,3,13,3.07,6.2,22.0,13.4,321.0
2025,11,3,14,2.83,6.1,11.0,14.5,315.0
2025,11,3,17,3.41,6.4,11.0,15.0,34.0
2025,11,3,19,3.61,7.0,11.0,14.4,348.0
2025,11,3,21,3.8,6.7,11.0,15.2,299.0
2025,11,4,0,2.81,6.5,11.0,7.5,350.0
2025,11,4,1,2.54,6.4,22.0,5.9,334.0
2025,11,4,3,2.19,5.9,11.0,6.9,27.0
2025,11,4,6,2.03,5.8,22.0,8.5,344.0
2025,11,4,7,2.37,6.0,0.0,9.1,16.0
2025,11,4,9,2.52,6.1,22.0,10.0,312.0
2025,11,4,10,2.57,6.1,22.0,9.5,22.0
2025,11,4,11,2.48,6.0,11.0,11.1,19.0
2025,11,4,13,2.76,6.2,11.0,13.0,256.0
2025,11,4,14,2.55,5.7,11.0,12.7,288.0
2025,11,4,17,3.12,6.4,11.0,13.4,266.0
2025,11,4,18,3.06,6.2,11.0,13.9,322.0
2025,11,4,19,3.2,6.4,11.0,13.9,275.0
2025,11,4,20,3.38,6.9,33.0,13.0,314.0
2025,11,4,21,3.19,6.6,22.0,13.2,331.0
2025,11,4,22,3.03,6.2,22.0,12.7,286.0
2025,11,5,0,2.68,6.1,11.0,11.1,290.0
2025,11,5,1,2.3,5.8,22.0,10.7,296.0
2025,11,5,2,2.37,5.9,11.0,11.9,300.0
2025,11,5,9,2.35,5.8,22.0,13.1,275.0
2025,11,5,12,2.73,5.9,11.0,13.2,275.0
2025,11,5,13,2.64,5.9,11.0,12.3,297.0
2025,11,5,15,2.68,6.0,11.0,13.1,318.0
2025,11,5,16,2.25,5.5,22.0,13.5,266.0
2025,11,5,17,2.84,6.0,11.0,13.6,256.0
2025,11,5,19,2.98,6.3,11.0,12.0,253.0
2025,11,5,20,3.11,6.5,11.0,12.3,261.0
2025,11,5,21,3.21,6.4,22.0,12.2,264.0
2025,11,5,22,2.86,6.1,22.0,12.1,333.0
2025,11,6,0,2.55,5.7,11.0,10.9,351.0
2025,11,6,5,2.08,5.4,11.0,11.8,291.0
2025,11,6,7,2.19,5.8,11.0,8.1,61.0
2025,11,6,8,2.23,6.2,11.0,6.6,29.0
2025,11,6,9,2.51,6.4,0.0,6.9,337.0
2025,11,6,13,2.07,5.6,11.0,8.3,245.0
2025,11,6,14,2.28,5.7,11.0,8.8,262.0
2025,11,6,15,2.05,5.4,11.0,9.6,265.0
2025,11,6,16,1.98,5.1,11.0,10.0,271.0
2025,11,6,19,2.19,5.4,0.0,10.1,256.0
2025,11,6,22,2.09,6.0,11.0,8.8,251.0
2025,11,6,23,2.25,6.1,11.0,7.9,234.0
2025,11,7,1,1.74,5.4,11.0,4.3,263.0
2025,11,7,2,1.48,5.3,11.0,3.6,276.0
2025,11,7,4,1.27,5.5,0.0,3.5,274.0
2025,11,7,7,1.22,5.5,0.0,4.4,9.0
2025,11,7,10,1.47,5.6,11.0,4.6,70.0
2025,11,7,12,1.83,5.7,11.0,5.9,240.0
2025,11,7,14,1.5,5.0,0.0,7.7,245.0
2025,11,7,16,1.51,4.6,11.0,8.7,243.0
2025,11,7,17,1.6,5.0,22.0,8.4,239.0
2025,11,7,18,1.59,5.2,11.0,8.7,244.0
2025,11,7,19,2.05,5.6,0.0,9.2,235.0
2025,11,7,21,1.84,5.5,22.0,8.0,274.0
2025,11,7,23,1.89,5.4,22.0,7.8,271.0
2025,11,8,0,1.65,5.2,22.0,6.4,272.0
2025,11,8,1,1.66,5.7,11.0,4.7,253.0
2025,11,8,2,1.55,5.7,11.0,4.0,285.0
2025,11,8,5,1.09,5.4,348.0,3.6,323.0
2025,11,8,9,1.39,5.6,11.0,3.8,13.0
2025,11,8,12,1.66,5.5,22.0,4.6,70.0
2025,11,8,14,1.56,5.6,22.0,6.7,102.0
2025,11,8,15,1.59,5.2,33.0,6.9,243.0
2025,11,8,16,1.41,4.9,33.0,8.2,241.0
2025,11,8,21,1.46,4.7,33.0,8.3,327.0
2025,11,8,22,1.43,4.9,33.0,7.1,348.0
2025,11,8,23,1.46,5.2,22.0,6.0,348.0
2025,11,9,1,1.29,4.9,22.0,5.6,320.0
2025,11,9,2,1.2,4.9,22.0,5.7,294.0
2025,11,9,3,1.18,4.8,22.0,6.9,292.0
2025,11,9,7,1.35,5.2,11.0,5.0,339.0
2025,11,9,14,2.89,6.0,22.0,11.8,247.0
2025,11,9,18,3.28,6.3,11.0,15.3,255.0
2025,11,9,19,3.31,6.2,22.0,14.0,254.0
2025,11,9,20,3.19,6.4,11.0,13.8,244.0
2025,11,9,22,3.37,6.5,11.0,14.0,228.0
2025,11,9,23,3.18,6.5,11.0,14.7,226.0
2025,11,10,1,3.6,6.7,22.0,15.4,240.0
2025,11,10,2,3.74,6.6,22.0,15.7,240.0
2025,11,10,4,3.87,7.0,11.0,17.7,248.0
2025,11,10,5,3.74,6.7,11.0,18.0,247.0
2025,11,10,6,3.87,6.8,0.0,18.1,245.0
2025,11,10,7,3.95,6.6,11.0,18.6,246.0
2025,11,10,8,4.43,7.2,11.0,18.7,234.0
2025,11,10,9,4.35,7.2,11.0,18.0,249.0
2025,11,10,12,4.42,7.2,11.0,18.8,217.0
2025,11,10,14,4.4,7.3,11.0,17.9,196.0
2025,11,10,15,3.84,6.3,22.0,18.4,200.0
2025,11,10,18,3.94,6.8,11.0,18.1,210.0
2025,11,10,19,3.69,6.4,11.0,17.8,195.0
2025,11,11,1,3.64,6.5,11.0,14.5,196.0
2025,11,11,2,3.72,6.6,11.0,15.2,201.0
2025,11,11,3,3.45,6.5,11.0,15.4,195.0
2025,11,11,6,3.32,6.4,0.0,16.1,200.0
2025,11,11,10,3.89,6.8,11.0,17.9,216.0
2025,11,11,11,3.97,7.0,11.0,17.1,230.0
2025,11,11,12,3.63,6.6,11.0,18.1,211.0
2025,11,11,13,3.99,6.8,0.0,17.3,218.0
2025,11,11,16,4.31,7.0,11.0,19.5,203.0
2025,11,11,23,3.96,6.7,11.0,17.3,210.0
2025,11,12,0,4.38,7.0,0.0,18.0,187.0
2025,11,12,4,3.62,7.0,11.0,15.7,197.0
2025,11,12,5,3.22,6.4,11.0,16.8,225.0
2025,11,12,8,3.25,6.2,0.0,16.0,167.0
2025,11,12,9,3.44,6.4,0.0,16.4,210.0
2025,11,12,10,3.52,6.4,11.0,15.7,147.0
2025,11,12,11,4.13,6.7,11.0,16.7,169.0
2025,11,12,12,4.37,7.4,11.0,17.8,215.0
2025,11,12,14,4.08,6.7,11.0,17.3,211.0
2025,11,12,15,4.42,6.6,11.0,17.1,194.0
2025,11,12,19,3.61,6.4,0.0,17.1,211.0
2025,11,12,20,3.45,6.1,11.0,17.5,204.0
2025,11,12,21,3.58,6.5,0.0,16.0,201.0
2025,11,12,22,3.62,6.6,11.0,17.3,202.0
2025,11,12,23,3.77,7.0,11.0,15.2,230.0
2025,11,13,2,3.41,6.5,11.0,15.4,225.0
2025,11,13,3,3.13,6.5,11.0,14.8,201.0
2025,11,13,9,3.62,6.5,11.0,16.6,192.0
2025,11,13,10,2.7,5.6,0.0,15.6,202.0
2025,11,13,13,2.93,5.8,11.0,16.4,222.0
2025,11,13,14,2.9,5.7,11.0,16.3,218.0
2025,11,13,15,2.97,5.7,11.0,16.3,189.0
2025,11,13,18,2.79,5.5,0.0,17.5,201.0
2025,11,13,19,2.91,5.7,0.0,17.0,224.0
2025,11,13,20,3.12,6.0,0.0,16.4,221.0
2025,11,13,21,3.06,6.1,11.0,15.9,233.0
2025,11,14,1,3.02,5.9,11.0,17.0,214.0
2025,11,14,6,2.79,5.6,11.0,16.0,220.0
2025,11,14,9,2.43,5.5,11.0,14.9,174.0
2025,11,14,11,2.55,5.6,11.0,13.2,200.0
2025,11,14,13,2.66,5.9,11.0,14.6,208.0
2025,11,14,16,2.43,5.3,11.0,15.4,189.0
2025,11,14,17,2.84,5.7,11.0,14.8,175.0
2025,11,14,23,2.42,5.6,11.0,13.5,208.0
2025,11,15,0,2.47,5.4,11.0,13.1,205.0
2025,11,15,1,2.33,5.5,22.0,11.9,228.0
2025,11,15,3,2.45,5.6,11.0,11.9,196.0
2025,11,15,4,2.47,6.1,11.0,12.0,221.0
2025,11,15,5,2.46,5.7,11.0,11.4,203.0
2025,11,15,8,2.43,5.8,11.0,11.4,208.0
2025,11,15,11,2.06,5.1,22.0,11.4,236.0
2025,11,15,12,2.08,5.2,11.0,12.1,243.0
2025,11,15,14,2.18,5.5,11.0,12.8,188.0
2025,11,15,17,2.95,6.1,22.0,12.4,176.0
2025,11,15,19,2.42,5.6,22.0,12.1,166.0
2025,11,15,20,2.52,5.7,22.0,12.2,193.0
2025,11,15,22,2.44,5.7,11.0,10.3,202.0
2025,11,15,23,2.11,5.4,11.0,9.2,220.0
2025,11,16,2,1.45,5.5,22.0,6.8,234.0
2025,11,16,3,1.68,5.6,11.0,9.1,242.0
2025,11,16,5,1.77,5.6,348.0,8.5,127.0
2025,11,16,6,1.61,5.3,0.0,8.8,162.0
2025,11,16,7,1.98,5.6,11.0,9.0,195.0
2025,11,16,8,1.84,5.3,11.0,8.6,210.0
2025,11,16,9,2.1,5.5,11.0,8.5,232.0
2025,11,16,10,2.21,5.7,11.0,10.4,228.0
2025,11,16,14,1.97,5.2,11.0,9.3,204.0
2025,11,16,15,1.85,5.3,11.0,10.1,201.0
2025,11,16,16,1.77,5.2,11.0,10.7,204.0
2025,11,16,18,2.28,5.8,11.0,10.2,210.0
2025,11,16,19,2.08,5.5,11.0,9.8,200.0
2025,11,16,21,1.84,5.7,22.0,9.0,206.0
2025,11,16,22,1.96,5.6,22.0,7.6,226.0
2025,11,16,23,1.53,5.2,33.0,6.3,219.0
2025,11,17,0,1.65,5.6,22.0,4.9,232.0
2025,11,17,1,1.65,5.6,22.0,5.1,234.0
2025,11,17,4,1.27,5.3,11.0,5.7,335.0
2025,11,17,6,1.61,5.5,11.0,4.8,301.0
2025,11,17,7,1.85,5.6,11.0,6.9,228.0
2025,11,17,9,2.0,5.5,22.0,9.4,234.0
2025,11,17,10,2.19,5.9,22.0,9.1,216.0
2025,11,17,12,2.55,5.8,22.0,12.8,194.0
2025,11,17,13,2.32,5.4,22.0,13.3,193.0
2025,11,17,16,2.74,5.9,22.0,14.9,180.0
2025,11,17,17,2.85,5.9,22.0,15.0,188.0
2025,11,17,18,3.18,6.2,11.0,15.4,179.0
2025,11,17,23,3.38,6.2,11.0,17.0,202.0
2025,11,18,0,3.92,6.8,0.0,18.2,198.0
2025,11,18,1,3.84,6.7,0.0,18.1,191.0
2025,11,18,4,3.7,6.7,0.0,18.5,197.0
2025,11,18,5,4.35,7.0,11.0,19.7,197.0
2025,11,18,6,4.08,6.7,11.0,18.5,195.0
2025,11,18,8,4.3,7.1,11.0,19.5,194.0
2025,11,18,10,3.79,6.5,0.0,18.1,196.0
2025,11,18,11,4.22,7.3,11.0,19.4,178.0
2025,11,18,12,3.9,6.6,0.0,18.5,184.0
2025,11,18,15,3.74,6.5,11.0,18.3,196.0
2025,11,18,16,4.0,6.5,22.0,18.6,197.0
2025,11,18,17,3.73,6.3,0.0,19.5,206.0
2025,11,18,21,3.99,6.6,22.0,18.7,200.0
2025,11,18,23,3.4,6.1,11.0,17.6,210.0
2025,11,19,3,3.28,6.1,11.0,17.0,201.0
2025,11,19,4,3.11,6.0,11.0,19.0,209.0
2025,11,19,5,3.09,6.0,0.0,18.5,201.0
2025,11,19,7,3.45,6.2,11.0,18.8,190.0
2025,11,19,8,3.22,6.1,22.0,17.9,216.0
2025,11,19,9,3.09,6.0,11.0,17.1,185.0
2025,11,19,10,3.25,6.1,22.0,17.6,204.0
2025,11,19,14,3.23,6.2,11.0,15.8,219.0
2025,11,19,15,2.93,5.9,0.0,16.4,203.0
2025,11,19,21,2.87,5.8,22.0,16.1,204.0
2025,11,19,22,2.61,5.4,22.0,15.8,213.0
2025,11,20,1,2.81,5.9,22.0,16.6,207.0
2025,11,20,2,2.58,5.4,22.0,16.3,214.0
2025,11,20,3,2.73,5.5,22.0,15.6,222.0
2025,11,20,4,2.73,5.6,11.0,16.0,212.0
2025,11,20,6,2.92,5.9,11.0,15.2,218.0
2025,11,20,7,2.66,5.8,11.0,14.9,201.0
2025,11,20,9,2.54,5.6,22.0,14.4,194.0
2025,11,20,11,2.83,5.8,22.0,13.7,196.0
2025,11,20,12,2.55,5.6,11.0,13.3,202.0
2025,11,20,13,1.95,5.0,11.0,13.4,203.0
2025,11,20,16,2.3,5.3,22.0,13.9,205.0
2025,11,20,17,2.54,5.6,11.0,14.0,208.0
2025,11,20,20,2.66,5.8,11.0,13.9,214.0
2025,11,20,23,2.78,5.8,22.0,14.3,207.0
2025,11,21,0,3.02,6.2,11.0,13.5,223.0
2025,11,21,1,2.7,5.7,22.0,13.8,210.0
2025,11,21,2,2.62,5.8,22.0,14.4,211.0
2025,11,21,4,2.77,5.8,11.0,14.0,211.0
2025,11,21,5,2.94,5.9,22.0,13.9,221.0
2025,11,21,7,2.86,6.3,22.0,13.9,222.0
2025,11,21,9,2.69,5.9,22.0,12.9,213.0
2025,11,21,10,2.87,6.1,11.0,13.4,198.0
2025,11,21,11,3.22,6.1,22.0,13.5,199.0
2025,11,21,12,3.45,6.3,22.0,13.5,228.0
2025,11,21,15,2.79,5.6,22.0,15.3,197.0
2025,11,21,16,2.97,6.0,11.0,15.6,208.0
2025,11,21,19,3.01,6.2,11.0,15.1,317.0
2025,11,21,20,2.75,5.9,11.0,15.1,323.0
2025,11,21,23,3.13,6.2,22.0,14.0,343.0
2025,11,22,0,2.8,6.1,22.0,13.4,348.0
2025,11,22,3,2.56,5.6,22.0,13.1,348.0
2025,11,22,4,2.55,5.9,22.0,13.5,345.0
2025,11,22,6,2.32,5.6,22.0,12.5,335.0
2025,11,22,8,2.31,6.0,11.0,12.2,324.0
2025,11,22,9,2.32,6.0,11.0,11.3,303.0
2025,11,22,10,2.33,5.9,22.0,11.1,309.0
2025,11,22,11,2.39,5.7,22.0,10.9,301.0
2025,11,22,13,2.34,5.6,22.0,11.9,307.0
2025,11,22,14,2.32,5.4,22.0,12.4,311.0
2025,11,22,15,2.24,5.5,11.0,13.1,308.0
2025,11,22,18,2.51,6.2,11.0,12.1,308.0
2025,11,22,19,2.09,5.5,11.0,11.6,308.0
2025,11,22,21,2.47,5.9,0.0,12.3,308.0
2025,11,22,22,2.69,6.0,11.0,11.9,315.0
2025,11,23,0,2.37,6.2,22.0,9.2,324.0
2025,11,23,1,2.48,6.0,22.0,7.6,346.0
2025,11,23,2,2.28,6.0,11.0,7.1,341.0
2025,11,23,3,2.01,6.0,22.0,6.7,337.0
2025,11,23,4,2.05,5.9,11.0,7.8,322.0
2025,11,23,6,2.02,5.8,11.0,8.3,332.0
2025,11,23,7,2.11,5.9,0.0,8.7,343.0
2025,11,23,8,2.06,5.7,0.0,9.4,311.0
2025,11,23,9,2.34,6.1,11.0,9.6,312.0
2025,11,23,12,2.32,6.7,11.0,10.0,308.0
2025,11,23,13,1.82,5.3,11.0,9.8,322.0
2025,11,23,17,2.36,5.4,11.0,12.3,342.0
2025,11,23,18,2.13,5.3,22.0,12.0,334.0
2025,11,23,21,1.92,5.5,11.0,9.6,320.0
2025,11,23,22,2.16,5.8,11.0,5.9,252.0
2025,11,23,23,1.84,5.7,11.0,6.3,262.0
2025,11,24,0,1.85,5.9,11.0,4.9,220.0
2025,11,24,2,1.5,5.6,22.0,2.9,156.0
2025,11,24,3,1.45,5.3,11.0,2.2,99.0
2025,11,24,5,1.18,5.1,0.0,2.6,153.0
2025,11,24,6,1.33,5.6,11.0,1.9,151.0
2025,11,24,7,1.13,5.3,0.0,1.7,150.0
2025,11,24,9,1.21,5.3,11.0,2.6,155.0
2025,11,24,10,1.28,5.2,0.0,4.1,161.0
2025,11,24,11,1.2,5.2,22.0,4.2,185.0
2025,11,24,13,1.42,4.9,0.0,9.1,257.0
2025,11,24,14,1.7,5.0,11.0,9.6,271.0
2025,11,24,15,1.63,5.0,0.0,9.8,291.0
2025,11,24,16,1.69,4.9,22.0,8.9,318.0
2025,11,24,17,1.72,4.9,11.0,8.8,312.0
2025,11,24,20,1.84,5.2,11.0,9.0,271.0
2025,11,24,21,1.68,5.2,11.0,9.2,244.0
2025,11,24,22,1.75,5.4,22.0,9.5,248.0
2025,11,24,23,1.81,5.3,11.0,10.7,282.0
2025,11,25,0,1.75,5.2,22.0,9.8,319.0
2025,11,25,3,2.25,5.6,22.0,13.2,327.0
2025,11,25,4,2.36,5.7,22.0,13.9,341.0
2025,11,25,8,2.81,5.9,22.0,16.1,336.0
2025,11,25,9,2.48,5.8,22.0,16.2,328.0
2025,11,25,10,2.69,5.9,33.0,15.5,332.0
2025,11,25,11,3.15,6.2,22.0,15.9,327.0
2025,11,25,14,3.85,6.5,22.0,16.1,320.0
2025,11,25,18,3.37,6.1,22.0,16.1,342.0
2025,11,25,19,3.05,6.1,11.0,15.8,340.0
2025,11,25,20,2.93,5.9,22.0,15.9,343.0
2025,11,25,21,2.95,5.9,22.0,15.1,338.0
2025,11,25,22,3.09,6.0,11.0,15.4,331.0
2025,11,26,0,2.86,6.1,11.0,14.6,333.0
2025,11,26,1,3.27,6.2,11.0,14.7,339.0
2025,11,26,2,2.97,6.0,22.0,14.2,339.0
2025,11,26,6,2.74,5.9,22.0,14.3,341.0
2025,11,26,7,2.61,6.0,22.0,13.3,343.0
2025,11,26,8,2.77,5.8,11.0,13.4,341.0
2025,11,26,9,2.79,6.0,11.0,12.9,326.0
2025,11,26,10,2.63,6.1,0.0,13.0,325.0
2025,11,26,11,2.84,6.1,22.0,12.6,325.0
2025,11,26,12,2.69,6.3,11.0,13.2,327.0
2025,11,26,13,3.16,6.4,11.0,12.5,319.0
2025,11,26,14,2.8,6.1,11.0,12.3,318.0
2025,11,26,16,2.58,5.9,11.0,13.1,323.0
2025,11,26,17,2.69,5.9,11.0,12.0,327.0
2025,11,26,18,2.78,5.8,22.0,11.0,320.0
2025,11,26,19,2.36,5.8,22.0,9.6,326.0
2025,11,26,20,2.16,5.9,11.0,8.7,326.0
2025,11,26,21,2.17,5.6,11.0,8.5,328.0
2025,11,26,22,1.88,5.5,11.0,7.2,299.0
2025,11,26,23,2.13,6.0,0.0,8.3,263.0
2025,11,27,0,2.41,6.2,0.0,8.6,260.0
2025,11,27,2,2.06,5.8,11.0,9.2,300.0
2025,11,27,4,2.67,6.0,22.0,14.1,327.0
2025,11,27,5,3.47,6.6,11.0,15.3,313.0
2025,11,27,6,3.08,6.1,22.0,15.4,324.0
2025,11,27,11,3.83,7.0,11.0,14.9,314.0
2025,11,27,12,3.08,6.4,22.0,15.6,307.0
2025,11,27,13,3.63,7.2,22.0,15.0,301.0
2025,11,27,14,3.4,6.4,22.0,15.6,299.0
2025,11,27,16,2.98,6.0,22.0,14.9,304.0
2025,11,27,17,3.23,6.4,22.0,14.6,308.0
2025,11,27,21,2.6,5.8,22.0,14.2,320.0
2025,11,27,23,2.85,6.1,11.0,14.2,313.0
2025,11,28,0,2.85,6.2,11.0,14.6,310.0
2025,11,28,3,3.09,6.1,22.0,13.9,317.0
2025,11,28,4,3.01,6.1,22.0,13.5,322.0
2025,11,28,5,2.94,6.3,22.0,13.6,323.0
2025,11,28,6,2.58,5.6,33.0,13.5,330.0
2025,11,28,7,2.9,6.1,22.0,13.3,329.0
2025,11,28,8,2.51,5.6,22.0,13.3,320.0
2025,11,28,9,2.43,5.7,22.0,13.1,325.0
2025,11,28,10,2.8,5.9,22.0,13.2,317.0
2025,11,28,14,2.82,6.1,11.0,11.5,283.0
2025,11,28,15,2.69,6.0,11.0,11.2,287.0
2025,11,28,16,2.74,6.1,11.0,11.8,284.0
2025,11,28,18,2.03,5.5,33.0,10.0,302.0
2025,11,28,19,1.82,5.4,11.0,9.2,296.0
2025,11,28,20,1.66,5.3,22.0,8.5,296.0
2025,11,28,21,1.78,5.4,0.0,8.1,292.0
2025,11,28,22,1.52,5.3,22.0,7.8,293.0
2025,11,29,0,1.44,5.3,0.0,6.9,244.0
2025,11,29,1,1.52,5.5,0.0,6.7,193.0
2025,11,29,2,1.47,5.2,11.0,5.8,79.0
2025,11,29,4,1.32,5.3,22.0,4.4,93.0
2025,11,29,5,1.21,5.2,22.0,5.2,75.0
2025,11,29,6,1.31,5.3,22.0,5.5,30.0
2025,11,29,7,1.32,5.2,22.0,6.0,306.0
2025,11,29,9,0.97,4.7,0.0,6.7,17.0
2025,11,29,10,1.2,4.9,348.0,7.1,280.0
2025,11,29,11,1.17,4.9,11.0,7.0,78.0
2025,11,29,13,1.28,4.9,11.0,8.5,181.0
2025,11,29,14,1.24,4.9,11.0,8.6,185.0
2025,11,29,15,1.26,4.9,0.0,8.0,202.0
2025,11,29,17,1.41,5.1,0.0,8.8,222.0
2025,11,29,19,1.21,4.6,11.0,7.9,251.0
2025,11,29,20,1.41,5.0,11.0,7.4,262.0
2025,11,29,22,1.17,4.7,0.0,6.0,242.0
2025,11,29,23,1.25,5.1,0.0,5.7,208.0
2025,11,30,0,1.03,4.8,11.0,5.0,162.0
2025,11,30,2,1.09,5.0,11.0,2.2,137.0
2025,11,30,3,0.9,4.6,11.0,2.2,138.0
2025,11,30,5,0.97,4.8,11.0,3.2,114.0
2025,11,30,6,0.98,4.8,22.0,3.6,115.0
2025,11,30,9,0.83,4.3,0.0,4.7,208.0
2025,11,30,10,1.0,4.5,0.0,5.5,236.0
2025,11,30,11,0.88,4.3,348.0,5.9,222.0
2025,11,30,12,1.01,4.2,11.0,8.2,212.0
2025,11,30,13,0.97,4.4,348.0,7.9,190.0
2025,11,30,14,1.14,4.3,0.0,8.5,191.0
2025,11,30,17,1.02,4.7,11.0,6.9,163.0
2025,11,30,18,0.98,4.5,0.0,5.3,172.0
2025,11,30,20,0.77,4.5,11.0,4.0,216.0
2025,11,30,21,0.72,4.4,11.0,3.0,201.0
2025,11,30,22,0.65,4.4,11.0,4.2,214.0
2025,11,30,23,0.58,4.3,11.0,3.6,246.0
2025,12,1,1,0.49,4.0,11.0,5.5,204.0
2025,12,1,2,0.5,3.8,22.0,5.8,189.0
2025,12,1,3,0.54,3.8,11.0,6.7,189.0
2025,12,1,7,0.84,3.9,11.0,7.7,244.0
2025,12,1,8,0.85,4.0,0.0,5.5,254.0
2025,12,1,10,0.74,3.7,0.0,6.6,300.0
2025,12,1,11,0.76,4.0,22.0,5.7,311.0
2025,12,1,12,0.72,4.1,22.0,6.6,293.0
2025,12,1,14,0.88,3.8,0.0,9.5,266.0
2025,12,1,15,1.05,4.1,11.0,10.6,258.0
2025,12,1,16,1.11,4.2,11.0,9.9,252.0
2025,12,1,17,1.11,4.2,22.0,9.3,244.0
2025,12,1,21,1.31,4.4,0.0,9.2,283.0
2025,12,1,22,1.34,4.4,0.0,9.1,296.0
2025,12,1,23,1.29,4.5,22.0,9.1,277.0
2025,12,2,2,1.48,4.9,11.0,9.7,201.0
2025,12,2,4,1.9,5.2,11.0,11.3,292.0
2025,12,2,6,2.0,5.5,22.0,11.9,257.0
2025,12,2,8,1.72,5.0,33.0,9.4,266.0
2025,12,2,9,1.68,5.2,22.0,9.3,280.0
2025,12,2,11,1.72,5.0,22.0,11.0,265.0
2025,12,2,14,1.88,5.0,22.0,12.2,288.0
2025,12,2,15,1.95,5.1,22.0,12.9,285.0
2025,12,2,17,2.32,5.4,22.0,13.6,200.0
2025,12,2,18,2.27,5.6,22.0,12.6,305.0
2025,12,2,19,2.36,5.8,33.0,12.6,297.0
2025,12,2,20,2.05,5.5,33.0,12.3,288.0
2025,12,2,21,2.11,5.4,33.0,12.1,274.0
2025,12,3,0,2.14,5.4,22.0,12.4,290.0
2025,12,3,1,2.42,5.4,22.0,13.6,293.0
2025,12,3,2,2.53,5.7,22.0,14.4,299.0
2025,12,3,4,3.12,6.3,22.0,15.8,267.0
2025,12,3,5,2.69,5.9,11.0,16.5,276.0
2025,12,3,7,3.54,6.4,11.0,16.0,273.0
2025,12,3,9,3.43,6.1,11.0,17.3,272.0
2025,12,3,11,3.49,6.6,11.0,16.6,243.0
2025,12,3,12,3.61,6.4,11.0,17.4,209.0
2025,12,3,13,3.33,6.3,11.0,17.6,217.0
2025,12,3,14,3.14,5.9,11.0,17.5,296.0
2025,12,3,15,3.29,6.0,11.0,17.1,276.0
2025,12,3,16,3.27,6.1,11.0,17.0,213.0
2025,12,3,17,3.57,6.3,11.0,17.5,216.0
2025,12,3,19,3.24,6.1,11.0,17.4,215.0
2025,12,3,22,3.59,6.2,22.0,17.6,219.0
2025,12,3,23,3.44,6.0,11.0,17.4,221.0
2025,12,4,0,2.91,5.9,22.0,16.4,229.0
2025,12,4,2,2.97,5.6,11.0,16.9,225.0
2025,12,4,3,2.91,6.1,22.0,16.8,238.0
2025,12,4,4,2.8,5.8,11.0,14.9,227.0
2025,12,4,5,2.85,5.9,22.0,15.6,225.0
2025,12,4,7,2.79,5.8,22.0,14.2,218.0
2025,12,4,10,2.76,5.6,22.0,12.7,225.0
2025,12,4,11,2.54,5.6,22.0,12.3,230.0
2025,12,4,12,2.26,5.5,11.0,11.7,214.0
2025,12,4,14,2.02,5.4,11.0,11.3,206.0
2025,12,4,15,1.96,5.4,11.0,11.0,209.0
2025,12,4,16,2.09,5.5,11.0,11.1,204.0
2025,12,4,17,2.02,5.4,11.0,11.5,204.0
2025,12,4,22,1.97,5.5,22.0,8.6,272.0
2025,12,5,0,1.76,5.5,22.0,7.9,311.0
2025,12,5,2,1.8,5.8,22.0,8.2,220.0
2025,12,5,3,1.85,5.7,11.0,7.6,227.0
2025,12,5,4,1.55,5.5,0.0,8.2,214.0
2025,12,5,5,1.74,5.7,0.0,8.2,142.0
2025,12,5,6,1.9,5.9,0.0,9.4,4.0
2025,12,5,7,2.16,6.1,11.0,9.7,344.0
2025,12,5,8,2.39,6.2,11.0,11.5,178.0
2025,12,5,9,2.47,6.3,11.0,11.1,176.0
2025,12,5,10,2.65,6.2,11.0,10.2,158.0
2025,12,5,11,2.51,6.0,22.0,11.8,202.0
2025,12,5,12,3.02,6.0,22.0,12.3,209.0
2025,12,5,14,2.65,5.9,22.0,12.6,206.0
2025,12,5,15,2.32,5.5,11.0,13.3,205.0
2025,12,5,18,2.31,5.7,11.0,12.2,219.0
2025,12,5,19,2.04,5.8,11.0,11.3,222.0
2025,12,5,20,2.63,6.1,22.0,11.5,198.0
2025,12,5,21,2.13,5.7,11.0,11.3,181.0
2025,12,5,23,2.32,6.1,22.0,10.5,234.0
2025,12,6,0,2.32,5.9,22.0,9.7,240.0
2025,12,6,1,2.07,5.6,33.0,9.0,235.0
2025,12,6,2,1.84,5.5,11.0,9.5,238.0
2025,12,6,3,2.08,5.9,22.0,10.0,221.0
2025,12,6,5,1.9,5.3,11.0,11.0,217.0
2025,12,6,6,1.82,5.2,11.0,10.2,248.0
2025,12,6,7,1.82,5.7,0.0,11.0,191.0
2025,12,6,8,1.71,5.5,11.0,10.5,125.0
2025,12,6,9,1.9,5.7,11.0,11.3,147.0
2025,12,6,11,2.56,5.6,11.0,12.1,174.0
2025,12,6,12,2.72,6.0,22.0,12.6,179.0
2025,12,6,13,2.74,5.7,33.0,12.7,192.0
2025,12,6,16,2.07,5.3,22.0,12.0,225.0
2025,12,6,17,2.13,5.5,22.0,11.5,217.0
2025,12,6,18,1.99,5.4,22.0,11.0,210.0
2025,12,6,20,1.9,5.5,11.0,10.1,190.0
2025,12,6,22,1.98,5.7,22.0,6.6,210.0
2025,12,7,0,1.63,5.6,22.0,4.9,108.0
2025,12,7,1,1.71,5.7,22.0,4.7,291.0
2025,12,7,2,1.48,5.6,33.0,3.9,279.0
2025,12,7,3,1.3,5.3,45.0,3.6,278.0
2025,12,7,4,1.47,5.6,11.0,3.7,212.0
2025,12,7,7,1.08,5.6,0.0,2.0,23.0
2025,12,7,8,1.46,5.9,11.0,1.2,38.0
2025,12,7,9,1.69,6.0,11.0,1.3,37.0
2025,12,7,12,1.73,5.8,22.0,1.8,61.0
2025,12,7,14,1.74,5.4,11.0,4.8,100.0
2025,12,7,15,1.62,5.1,348.0,7.9,130.0
2025,12,7,16,1.6,5.2,0.0,7.9,146.0
2025,12,7,17,1.31,4.6,348.0,8.4,188.0
2025,12,7,18,1.68,5.2,348.0,7.8,155.0
2025,12,7,20,1.83,5.4,348.0,7.4,64.0
2025,12,7,21,1.62,5.4,348.0,6.4,40.0
2025,12,7,22,1.55,5.2,0.0,7.8,61.0
2025,12,8,1,1.49,5.3,11.0,6.1,66.0
2025,12,8,2,1.22,4.9,348.0,8.6,143.0
2025,12,8,3,1.36,4.6,11.0,9.7,222.0
2025,12,8,10,2.88,6.1,11.0,13.9,200.0
2025,12,8,12,2.79,6.0,22.0,13.1,216.0
2025,12,8,13,2.43,5.9,22.0,13.9,196.0
2025,12,8,15,2.87,5.9,33.0,15.4,225.0
2025,12,8,17,3.13,6.0,22.0,16.3,211.0
2025,12,8,18,2.9,5.9,11.0,15.3,204.0
2025,12,8,21,3.66,6.6,11.0,15.7,219.0
2025,12,9,1,3.51,6.7,11.0,14.5,254.0
2025,12,9,2,3.37,6.7,11.0,14.8,250.0
2025,12,9,3,3.1,6.4,11.0,15.3,247.0
2025,12,9,6,3.28,6.6,11.0,15.5,265.0
2025,12,9,7,2.97,6.3,11.0,15.1,245.0
2025,12,9,8,3.11,6.5,11.0,14.5,245.0
2025,12,9,11,3.26,6.6,11.0,12.4,238.0
2025,12,9,12,2.97,6.5,0.0,10.9,231.0
2025,12,9,13,2.77,6.3,11.0,9.6,216.0
2025,12,9,16,2.71,5.7,11.0,11.4,216.0
2025,12,9,17,2.34,5.5,11.0,11.2,233.0
2025,12,9,18,2.67,5.9,11.0,11.4,239.0
2025,12,10,10,1.84,5.3,0.0,10.4,277.0
2025,12,10,14,1.76,5.4,11.0,8.3,262.0
2025,12,10,22,1.11,4.6,11.0,8.7,347.0
2025,12,11,2,1.01,4.8,11.0,7.3,235.0
2025,12,11,6,1.16,4.8,22.0,8.5,338.0
2025,12,12,6,2.45,5.9,11.0,11.3,325.0
2025,12,12,10,2.68,6.2,11.0,13.3,311.0
2025,12,12,18,2.94,5.9,22.0,14.7,323.0
2025,12,12,22,2.01,5.6,0.0,9.0,300.0
2025,12,14,6,2.84,5.5,22.0,17.6,321.0
2025,12,14,10,2.71,5.5,11.0,16.9,325.0
2025,12,14,22,2.67,5.6,22.0,15.1,328.0
2025,12,15,2,2.44,5.5,11.0,12.4,323.0
2025,12,15,18,1.36,5.5,11.0,3.3,175.0
2025,12,16,2,1.59,5.5,337.0,7.2,143.0
2025,12,16,6,1.62,5.4,0.0,8.3,126.0
2025,12,17,22,2.99,6.2,22.0,13.9,305.0
2025,12,18,14,2.42,5.6,22.0,12.7,300.0
2025,12,21,14,4.42,6.9,0.0,18.2,312.0
2025,12,22,6,3.29,6.6,11.0,15.0,318.0
2025,12,22,22,2.09,5.6,11.0,9.3,275.0
2025,12,23,6,1.74,5.8,348.0,5.8,177.0
2025,12,23,14,2.05,5.2,22.0,8.9,214.0
2025,12,24,14,2.1,5.6,22.0,9.6,226.0
2025,12,26,6,3.38,6.1,11.0,17.3,306.0
2025,12,26,14,2.52,5.7,11.0,13.3,298.0
2025,12,27,2,2.15,6.2,11.0,7.1,265.0
2025,12,27,14,1.88,5.3,11.0,12.2,230.0
2025,12,28,14,2.44,5.9,11.0,12.5,246.0
2025,12,29,2,2.0,5.7,22.0,9.8,304.0
2025,12,30,2,1.71,5.4,0.0,8.0,194.0
2025,12,31,2,2.41,5.6,22.0,13.3,251.0
